Metrics/EpRet,Metrics/EpCost,Metrics/EpLen,Train/Epoch,Train/Entropy,Train/KL,Train/StopIter,Train/PolicyRatio,Train/PolicyRatio/Min,Train/PolicyRatio/Max,Train/PolicyRatio/Std,Train/LR,Train/PolicyStd,TotalEnvSteps,Loss/Loss_pi,Loss/Loss_pi/Delta,Value/Adv,Loss/Loss_reward_critic,Loss/Loss_reward_critic/Delta,Value/reward,Time/Total,Time/Rollout,Time/Update,Time/Epoch,Time/FPS
-0.5154434442520142,71.80000305175781,1000.0,0.0,1.4168365001678467,0.016540609300136566,40.0,0.9987964034080505,0.9987964034080505,0.9987964034080505,0.009832713752985,0.000299000006634742,0.9979074001312256,5000.0,-0.037988800555467606,-0.037988800555467606,-0.0035399829503148794,0.015528920106589794,0.015528920106589794,-0.057654835283756256,44.045379638671875,30.214506149291992,13.83087158203125,44.045379638671875,113.519287109375
-0.34915727376937866,79.19999694824219,1000.0,1.0,1.4118388891220093,0.013667146675288677,40.0,0.997311532497406,0.997311532497406,0.997311532497406,0.009690579026937485,0.00029799999902024865,0.9929343461990356,10000.0,-0.035616420209407806,0.002372380346059799,-0.09685169160366058,0.00290666613727808,-0.012622253969311714,-0.0658172219991684,90.24616241455078,31.386991500854492,14.792396545410156,46.17938995361328,108.2734146118164
-0.07805664092302322,89.13333129882812,1000.0,2.0,1.407128095626831,0.0157220009714365,40.0,0.996925413608551,0.996925413608551,0.996925413608551,0.010074330493807793,0.0002969999914057553,0.9882662892341614,15000.0,-0.037094008177518845,-0.0014775879681110382,-0.03016641177237034,0.0025675275828689337,-0.0003391385544091463,-0.10162603110074997,140.06654357910156,34.51615524291992,15.277480125427246,49.793636322021484,100.41443634033203
0.36213377118110657,89.9000015258789,1000.0,3.0,1.398409366607666,0.015614550560712814,40.0,0.9935327768325806,0.9935327768325806,0.9935327768325806,0.009882718324661255,0.00029600001289509237,0.9796865582466125,20000.0,-0.03109089657664299,0.0060031116008758545,-0.0723905935883522,0.010000688955187798,0.007433161372318864,-0.04857086017727852,188.57473754882812,33.67448043823242,14.808667182922363,48.48314666748047,103.12862396240234
0.6714399456977844,92.68000030517578,1000.0,4.0,1.3721261024475098,0.02008998952805996,40.0,0.9990071058273315,0.9990071058273315,0.9990071058273315,0.009716845117509365,0.000295000005280599,0.9543062448501587,25000.0,-0.039024293422698975,-0.007933396846055984,0.0384165458381176,0.011067066341638565,0.0010663773864507675,0.02280564047396183,241.43418884277344,35.633365631103516,17.200862884521484,52.834228515625,94.6356201171875
0.7649767398834229,107.5999984741211,1000.0,5.0,1.3613560199737549,0.020314853638410568,39.0,0.9990767240524292,0.9990767240524292,0.9990767240524292,0.01012666430324316,0.00029399999766610563,0.9440577030181885,30000.0,-0.04417695105075836,-0.005152657628059387,0.15661586821079254,0.004759099334478378,-0.006307967007160187,-0.012812826782464981,301.24847412109375,42.777889251708984,17.006221771240234,59.784114837646484,83.63426208496094
0.8334383964538574,108.4000015258789,1000.0,6.0,1.362499713897705,0.017251523211598396,40.0,0.9976181983947754,0.9976181983947754,0.9976181983947754,0.010427859611809254,0.00029299999005161226,0.9451338052749634,35000.0,-0.04468628764152527,-0.0005093365907669067,-0.05707712844014168,0.004153209272772074,-0.0006058900617063046,0.1053377315402031,362.84820556640625,44.20430374145508,17.365234375,61.56953811645508,81.20899200439453
1.0618963241577148,126.2750015258789,1000.0,7.0,1.3519041538238525,0.0173001941293478,40.0,0.99658203125,0.99658203125,0.99658203125,0.010490558110177517,0.00029200001154094934,0.9352236390113831,40000.0,-0.045957960188388824,-0.001271672546863556,0.12089125066995621,0.005942330230027437,0.0017891209572553635,0.10718052834272385,423.9075622558594,43.4499626159668,17.579694747924805,61.029659271240234,81.92737579345703
1.4386804103851318,138.44444274902344,1000.0,8.0,1.3316800594329834,0.020990168675780296,35.0,0.9951889514923096,0.9951889514923096,0.9951889514923096,0.010410740040242672,0.000291000003926456,0.916467010974884,45000.0,-0.0397687628865242,0.006189197301864624,-0.04503561183810234,0.015085832215845585,0.009143501985818148,0.16409790515899658,483.37762451171875,44.44804000854492,14.988332748413086,59.436370849609375,84.12357330322266
1.6358212232589722,140.39999389648438,1000.0,9.0,1.2972050905227661,0.02118419110774994,33.0,0.9973827004432678,0.9973827004432678,0.9973827004432678,0.010390852577984333,0.0002899999963119626,0.8854965567588806,50000.0,-0.04093500226736069,-0.0011662393808364868,0.03007722645998001,0.012221732176840305,-0.0028641000390052795,0.23934487998485565,540.5047607421875,43.122249603271484,13.971796035766602,57.09404754638672,87.5748062133789
1.870271921157837,147.4600067138672,1000.0,10.0,1.2674016952514648,0.019093787297606468,40.0,0.9980678558349609,0.9980678558349609,0.9980678558349609,0.01018633134663105,0.00028899998869746923,0.8594810366630554,55000.0,-0.04086059704422951,7.440522313117981e-05,0.0020060932729393244,0.01282832957804203,0.000606597401201725,0.1553894728422165,599.5477294921875,41.68708038330078,17.324743270874023,59.01182174682617,84.7287826538086
2.136023759841919,157.52000427246094,1000.0,11.0,1.2607481479644775,0.021441329270601273,29.0,0.9972832798957825,0.9972832798957825,0.9972832798957825,0.01129575539380312,0.0002880000101868063,0.853696346282959,60000.0,-0.0448046512901783,-0.0039440542459487915,0.09307339042425156,0.007965623401105404,-0.0048627061769366264,0.3887147009372711,654.7928466796875,42.58668899536133,12.62866497039795,55.215354919433594,90.55451965332031
2.3945302963256836,162.66000366210938,1000.0,12.0,1.2419641017913818,0.02132008969783783,25.0,0.9965043067932129,0.9965043067932129,0.9965043067932129,0.011000624857842922,0.00028700000257231295,0.8378322720527649,65000.0,-0.04086177051067352,0.003942880779504776,-0.0627603530883789,0.009253947995603085,0.0012883245944976807,0.31496524810791016,710.04345703125,44.185028076171875,11.039482116699219,55.224510192871094,90.53951263427734
2.804455041885376,179.1199951171875,1000.0,13.0,1.22372305393219,0.02055092714726925,24.0,0.9979848265647888,0.9979848265647888,0.9979848265647888,0.01094901654869318,0.0002859999949578196,0.8226911425590515,70000.0,-0.044354598969221115,-0.003492828458547592,-0.07011297345161438,0.013052375055849552,0.0037984270602464676,0.4110364615917206,760.302490234375,39.80588150024414,10.422978401184082,50.228858947753906,99.54436492919922
3.0139658451080322,186.32000732421875,1000.0,14.0,1.216184377670288,0.022002870216965675,7.0,0.9982408881187439,0.9982408881187439,0.9982408881187439,0.011207482777535915,0.0002849999873433262,0.816510021686554,75000.0,-0.023922834545373917,0.0204317644238472,-0.07404232770204544,0.022251645103096962,0.00919927004724741,0.38760271668434143,804.212646484375,40.97971725463867,2.9041483402252197,43.88386535644531,113.93709564208984
3.3126420974731445,184.86000061035156,1000.0,15.0,1.2064182758331299,0.02098340541124344,25.0,0.9973925352096558,0.9973925352096558,0.9973925352096558,0.009818569757044315,0.0002840000088326633,0.8086214065551758,80000.0,-0.041233111172914505,-0.01731027662754059,0.02348875254392624,0.016060976311564445,-0.0061906687915325165,0.4588128924369812,856.7024536132812,41.648826599121094,10.812821388244629,52.461647033691406,95.3077163696289
3.836543083190918,199.66000366210938,1000.0,16.0,1.1865496635437012,0.0202558021992445,18.0,0.9951578974723816,0.9951578974723816,0.9951578974723816,0.010595706291496754,0.00028300000121816993,0.7926960587501526,85000.0,-0.03625994920730591,0.004973161965608597,-0.009401094168424606,0.022085104137659073,0.006024127826094627,0.5107306241989136,903.7330322265625,39.15987014770508,7.840597152709961,47.00046920776367,106.38191986083984
4.247196197509766,195.55999755859375,1000.0,17.0,1.1621172428131104,0.02130541205406189,23.0,0.993927001953125,0.993927001953125,0.993927001953125,0.010746738873422146,0.00028199999360367656,0.7736241817474365,90000.0,-0.04226560518145561,-0.006005655974149704,-0.09614917635917664,0.024913199245929718,0.002828095108270645,0.6041402220726013,955.9879150390625,42.450565338134766,9.775182723999023,52.22574996948242,95.73822021484375
4.0518574714660645,193.67999267578125,1000.0,18.0,1.1446675062179565,0.02179860882461071,19.0,0.9992120265960693,0.9992120265960693,0.9992120265960693,0.01084407139569521,0.0002809999859891832,0.7603000998497009,95000.0,-0.0355350561439991,0.0067305490374565125,-0.020638445392251015,0.009209295734763145,-0.015703903511166573,0.4247541129589081,1006.7427368164062,42.62985610961914,8.09531021118164,50.725162506103516,98.57040405273438
4.204672813415527,201.47999572753906,1000.0,19.0,1.1285905838012695,0.021446147933602333,20.0,0.9959757328033447,0.9959757328033447,0.9959757328033447,0.010496843606233597,0.0002800000074785203,0.7482714056968689,100000.0,-0.039920710027217865,-0.004385653883218765,-0.03482578322291374,0.014779605902731419,0.005570310167968273,0.4933202564716339,1055.2222900390625,39.814727783203125,8.634733200073242,48.449459075927734,103.20032501220703
4.476155757904053,203.89999389648438,1000.0,20.0,1.1151179075241089,0.020033812150359154,23.0,0.9952735304832458,0.9952735304832458,0.9952735304832458,0.010858762077987194,0.0002789999998640269,0.7383275628089905,105000.0,-0.038439203053712845,0.0014815069735050201,0.01600407250225544,0.012459424324333668,-0.002320181578397751,0.4872529208660126,1106.7969970703125,40.651268005371094,10.893630981445312,51.544898986816406,97.00281524658203
4.756064414978027,212.63999938964844,1000.0,21.0,1.09054434299469,0.02044489048421383,22.0,0.9959571361541748,0.9959571361541748,0.9959571361541748,0.011186640709638596,0.00027799999224953353,0.7203203439712524,110000.0,-0.038247011601924896,0.0001921914517879486,0.09934487193822861,0.021539859473705292,0.009080435149371624,0.5288724899291992,1153.507568359375,39.35567855834961,7.32816219329834,46.683841705322266,107.10343933105469
5.261648654937744,219.47999572753906,1000.0,22.0,1.0726733207702637,0.020001064985990524,15.0,0.9985741376876831,0.9985741376876831,0.9985741376876831,0.010813238099217415,0.0002770000137388706,0.7075659036636353,115000.0,-0.028984379023313522,0.009262632578611374,-0.06374786794185638,0.05119062587618828,0.029650766402482986,0.7816488146781921,1189.51220703125,30.599328994750977,5.385218620300293,35.98454666137695,138.9485321044922
5.280904769897461,216.3800048828125,1000.0,23.0,1.0591366291046143,0.02157994732260704,11.0,0.9961423873901367,0.9961423873901367,0.9961423873901367,0.010502197779715061,0.00027600000612437725,0.6980758905410767,120000.0,-0.025840025395154953,0.0031443536281585693,-0.005643069744110107,0.04517976939678192,-0.006010856479406357,0.7228816747665405,1224.30078125,30.535831451416016,4.228076934814453,34.76390838623047,143.82733154296875
5.805212020874023,220.02000427246094,1000.0,24.0,1.0468357801437378,0.020965514704585075,20.0,0.9986738562583923,0.9986738562583923,0.9986738562583923,0.01065242663025856,0.0002749999985098839,0.689432680606842,125000.0,-0.04111069068312645,-0.015270665287971497,-0.09750150889158249,0.04434490203857422,-0.0008348673582077026,0.7081072926521301,1265.08740234375,33.724342346191406,7.040292739868164,40.7646369934082,122.65533447265625
6.3783488273620605,227.05999755859375,1000.0,25.0,1.0339689254760742,0.020090295001864433,18.0,0.9982665777206421,0.9982665777206421,0.9982665777206421,0.009989999234676361,0.0002739999908953905,0.6807137131690979,130000.0,-0.03626612201333046,0.00484456866979599,0.012335777282714844,0.03286493569612503,-0.011479966342449188,1.0280749797821045,1305.018798828125,33.309574127197266,6.596675872802734,39.90625,125.29365539550781
6.255634307861328,218.6199951171875,1000.0,26.0,1.0202018022537231,0.022520121186971664,14.0,0.9956382513046265,0.9956382513046265,0.9956382513046265,0.011614345945417881,0.0002730000123847276,0.6714090704917908,135000.0,-0.03929344192147255,-0.00302731990814209,-0.0618291050195694,0.0177020151168108,-0.015162920579314232,0.725168764591217,1345.166748046875,34.98043441772461,5.144534111022949,40.12496566772461,124.6106948852539
6.37669563293457,224.82000732421875,1000.0,27.0,1.0061999559402466,0.02207845076918602,18.0,0.9984922409057617,0.9984922409057617,0.9984922409057617,0.010430414229631424,0.00027200000477023423,0.6620440483093262,140000.0,-0.039417117834091187,-0.00012367591261863708,-0.018332866951823235,0.028097322210669518,0.010395307093858719,0.8498212099075317,1388.1025390625,36.660003662109375,6.250144958496094,42.91014862060547,116.52255249023438
6.568856239318848,230.94000244140625,1000.0,28.0,0.9863523840904236,0.02050986886024475,18.0,1.0025581121444702,1.0025581121444702,1.0025581121444702,0.010486669838428497,0.00027099999715574086,0.6491654515266418,145000.0,-0.03420279920101166,0.005214318633079529,0.1756032556295395,0.0240307804197073,-0.004066541790962219,0.7078078985214233,1426.1002197265625,31.595455169677734,6.378067970275879,37.97352600097656,131.67068481445312
7.213465690612793,225.02000427246094,1000.0,29.0,0.9707565307617188,0.020549649372696877,15.0,1.0013197660446167,1.0013197660446167,1.0013197660446167,0.01031826063990593,0.0002699999895412475,0.6391653418540955,150000.0,-0.03832992538809776,-0.004127126187086105,0.026384472846984863,0.0327606126666069,0.008729832246899605,0.9993544220924377,1462.6080322265625,30.99001121520996,5.4958038330078125,36.48581314086914,137.03956604003906
7.571621894836426,231.77999877929688,1000.0,30.0,0.9557906985282898,0.02413950487971306,12.0,0.9991929531097412,0.9991929531097412,0.9991929531097412,0.010348360985517502,0.0002690000110305846,0.6298367977142334,155000.0,-0.032815124839544296,0.005514800548553467,-0.018319200724363327,0.025844192132353783,-0.00691642053425312,1.0874037742614746,1500.081787109375,33.33415603637695,4.114501953125,37.44865798950195,133.51612854003906
8.069899559020996,228.32000732421875,1000.0,31.0,0.9476999044418335,0.020182402804493904,20.0,0.9997839331626892,0.9997839331626892,0.9997839331626892,0.01109158806502819,0.0002680000034160912,0.6248849034309387,160000.0,-0.033762648701667786,-0.0009475238621234894,-0.09228235483169556,0.035952311009168625,0.010108118876814842,1.0558793544769287,1541.718505859375,34.475433349609375,7.136266708374023,41.61170196533203,120.15850830078125
8.338831901550293,226.4600067138672,1000.0,32.0,0.9402522444725037,0.021035924553871155,11.0,0.9945534467697144,0.9945534467697144,0.9945534467697144,0.011839662678539753,0.00026699999580159783,0.6201931834220886,165000.0,-0.030531281605362892,0.0032313670963048935,-0.02553822658956051,0.03655300289392471,0.0006006918847560883,1.1088398694992065,1580.3326416015625,34.478363037109375,4.112767219543457,38.591129302978516,129.56346130371094
8.186790466308594,233.10000610351562,1000.0,33.0,0.9281585812568665,0.020769646391272545,18.0,1.0050979852676392,1.0050979852676392,1.0050979852676392,0.011057551018893719,0.00026599998818710446,0.6126125454902649,170000.0,-0.03466326370835304,-0.0041319821029901505,0.19770516455173492,0.015327970497310162,-0.02122503239661455,1.0923480987548828,1621.4091796875,34.77543640136719,6.2769975662231445,41.052433013916016,121.79546356201172
8.091151237487793,235.0,1000.0,34.0,0.9191859364509583,0.020229404792189598,8.0,0.9995840787887573,0.9995840787887573,0.9995840787887573,0.010487557388842106,0.00026500000967644155,0.6070459485054016,175000.0,-0.02571803703904152,0.008945226669311523,0.1367000788450241,0.024165282025933266,0.008837311528623104,1.1774678230285645,1659.296630859375,34.8150520324707,3.0497212409973145,37.86477279663086,132.04885864257812
7.6355204582214355,240.66000366210938,1000.0,35.0,0.911267876625061,0.02145260013639927,16.0,0.9972103238105774,0.9972103238105774,0.9972103238105774,0.011089120991528034,0.0002640000020619482,0.6023355722427368,180000.0,-0.037410758435726166,-0.011692721396684647,0.13917934894561768,0.01572265475988388,-0.008442627266049385,0.9083098769187927,1699.1663818359375,34.29679870605469,5.547882080078125,39.84468078613281,125.48727416992188
8.130309104919434,250.24000549316406,1000.0,36.0,0.8991959691047668,0.02258903905749321,23.0,0.9945576786994934,0.9945576786994934,0.9945576786994934,0.011539999395608902,0.0002629999944474548,0.5950528383255005,185000.0,-0.03954160213470459,-0.002130843698978424,-0.02723303996026516,0.03292021155357361,0.017197556793689728,1.089152216911316,1745.3515625,37.830902099609375,8.332262992858887,46.16316223144531,108.31147003173828
8.239542007446289,251.0,1000.0,37.0,0.8844196796417236,0.020046943798661232,15.0,0.9973286986351013,0.9973286986351013,0.9973286986351013,0.010333659127354622,0.00026199998683296144,0.5862477421760559,190000.0,-0.03452659025788307,0.005015011876821518,-0.029392115771770477,0.02661789208650589,-0.0063023194670677185,1.1316747665405273,1782.2713623046875,31.496137619018555,5.398642063140869,36.894779205322266,135.52052307128906
8.547016143798828,249.1999969482422,1000.0,38.0,0.8695003986358643,0.02237512730062008,13.0,1.0039173364639282,1.0039173364639282,1.0039173364639282,0.01072324626147747,0.0002610000083222985,0.5775890350341797,195000.0,-0.027872322127223015,0.006654268130660057,-0.044628243893384933,0.0373515710234642,0.010733678936958313,1.118442416191101,1823.4417724609375,36.63848876953125,4.503855228424072,41.14234161376953,121.529296875
8.466604232788086,252.9600067138672,1000.0,39.0,0.8617969155311584,0.021829137578606606,11.0,0.999868631362915,0.999868631362915,0.999868631362915,0.011594613082706928,0.00026000000070780516,0.5734606385231018,200000.0,-0.027642199769616127,0.00023012235760688782,0.0009987143566831946,0.04462120309472084,0.007269632071256638,1.1378304958343506,1859.9715576171875,32.49136734008789,4.0097551345825195,36.501121520996094,136.9821014404297
8.798859596252441,256.760009765625,1000.0,40.0,0.8555907607078552,0.02100502885878086,14.0,0.9958272576332092,0.9958272576332092,0.9958272576332092,0.011568628251552582,0.0002589999930933118,0.570239782333374,205000.0,-0.03563723713159561,-0.007995037361979485,0.001929996651597321,0.0288702379912138,-0.015750965103507042,1.243046522140503,1900.3414306640625,35.20024108886719,5.13960075378418,40.339839935302734,123.94694519042969
8.69871997833252,262.3999938964844,1000.0,41.0,0.8502119779586792,0.020972447469830513,8.0,1.0004427433013916,1.0004427433013916,1.0004427433013916,0.01014514546841383,0.0002579999854788184,0.5672561526298523,210000.0,-0.024252276867628098,0.011384960263967514,0.007076331879943609,0.033004023134708405,0.004133785143494606,1.379992127418518,1933.8826904296875,30.59798812866211,2.9182915687561035,33.51627731323242,149.18124389648438
8.1325044631958,282.2799987792969,1000.0,42.0,0.8395030498504639,0.02003883197903633,7.0,0.9959670901298523,0.9959670901298523,0.9959670901298523,0.01113282423466444,0.0002570000069681555,0.56122887134552,215000.0,-0.021532507613301277,0.0027197692543268204,0.06411844491958618,0.025772903114557266,-0.007231120020151138,0.8208891749382019,1971.5076904296875,35.154197692871094,2.445712089538574,37.599910736083984,132.97903442382812
8.734990119934082,271.8599853515625,1000.0,43.0,0.8279370665550232,0.020664257928729057,9.0,0.9985034465789795,0.9985034465789795,0.9985034465789795,0.011458401568233967,0.00025599999935366213,0.5545554161071777,220000.0,-0.027918264269828796,-0.006385756656527519,-0.033061299473047256,0.043029192835092545,0.01725628972053528,1.111097812652588,2012.5316162109375,37.834129333496094,3.1598060131073,40.993934631347656,121.9692611694336
8.939691543579102,277.739990234375,1000.0,44.0,0.8233325481414795,0.021526537835597992,12.0,0.9961812496185303,0.9961812496185303,0.9961812496185303,0.010748915374279022,0.00025499999173916876,0.5518664121627808,225000.0,-0.030748942866921425,-0.0028306785970926285,-0.06632585823535919,0.04447833448648453,0.001449141651391983,1.1656057834625244,2053.931396484375,37.01308822631836,4.358519077301025,41.371604919433594,120.8558349609375
9.495290756225586,269.70001220703125,1000.0,45.0,0.8223435282707214,0.022085973992943764,10.0,0.9931244850158691,0.9931244850158691,0.9931244850158691,0.010882516391575336,0.00025400001322850585,0.551281750202179,230000.0,-0.025236286222934723,0.005512656643986702,-0.06628233194351196,0.05979342386126518,0.015315089374780655,1.2468070983886719,2092.742431640625,35.27864074707031,3.504345655441284,38.78298568725586,128.92251586914062
9.504324913024902,278.739990234375,1000.0,46.0,0.8194801211357117,0.020776662975549698,8.0,0.9997774958610535,0.9997774958610535,0.9997774958610535,0.010328940115869045,0.0002530000056140125,0.5497093796730042,235000.0,-0.02758563682436943,-0.0023493506014347076,-0.024638673290610313,0.03479372709989548,-0.024999696761369705,1.4245202541351318,2128.7666015625,33.04093933105469,2.9540576934814453,35.9949951171875,138.908203125
9.354662895202637,283.3399963378906,1000.0,47.0,0.8067413568496704,0.020106101408600807,15.0,1.0001753568649292,1.0001753568649292,1.0001753568649292,0.01084025576710701,0.0002519999979995191,0.5427334308624268,240000.0,-0.033422645181417465,-0.005837008357048035,-0.09894565492868423,0.03061550483107567,-0.004178222268819809,1.223819375038147,2169.416259765625,35.258575439453125,5.368251800537109,40.626827239990234,123.07139587402344
9.536508560180664,285.7799987792969,1000.0,48.0,0.7920663952827454,0.02022550441324711,11.0,1.001682996749878,1.001682996749878,1.001682996749878,0.010788080282509327,0.00025099999038502574,0.5347484350204468,245000.0,-0.029203496873378754,0.0042191483080387115,0.041799068450927734,0.027456337586045265,-0.003159167245030403,1.0654239654541016,2207.826171875,34.19434356689453,4.189914703369141,38.38426208496094,130.26173400878906
9.097816467285156,289.739990234375,1000.0,49.0,0.7759719491004944,0.020031264051795006,16.0,1.0012047290802002,1.0012047290802002,1.0012047290802002,0.010043115355074406,0.0002500000118743628,0.5261353254318237,250000.0,-0.03486029431223869,-0.00565679743885994,-0.08940085023641586,0.017667444422841072,-0.009788893163204193,1.119336485862732,2246.321533203125,32.3651008605957,6.105003356933594,38.4701042175293,129.97105407714844
9.158785820007324,288.79998779296875,1000.0,50.0,0.7658407092094421,0.02011760324239731,6.0,0.9967328906059265,0.9967328906059265,0.9967328906059265,0.01039467565715313,0.00024900000425986946,0.5208466053009033,255000.0,-0.021256672218441963,0.01360362209379673,-0.001036044443026185,0.04390199854969978,0.02623455412685871,1.2347966432571411,2280.11669921875,31.342931747436523,2.427210569381714,33.7701416015625,148.05978393554688
9.140511512756348,296.3599853515625,1000.0,51.0,0.7621696591377258,0.020233577117323875,20.0,0.996572732925415,0.996572732925415,0.996572732925415,0.011357998475432396,0.0002479999966453761,0.5189568996429443,260000.0,-0.03321915492415428,-0.011962482705712318,0.08020380139350891,0.028259338811039925,-0.01564265973865986,1.0476484298706055,2318.08154296875,30.90157699584961,7.040184020996094,37.9417610168457,131.78091430664062
10.0549955368042,285.9599914550781,1000.0,52.0,0.749764621257782,0.021090805530548096,15.0,0.9969760179519653,0.9969760179519653,0.9969760179519653,0.010598576627671719,0.0002469999890308827,0.5125725269317627,265000.0,-0.0321938656270504,0.0010252892971038818,0.07100154459476471,0.08130814880132675,0.05304880999028683,1.388431191444397,2358.7509765625,35.072410583496094,5.566911697387695,40.64133834838867,123.0274429321289
10.702715873718262,297.17999267578125,1000.0,53.0,0.7402414083480835,0.021638883277773857,5.0,0.9974392056465149,0.9974392056465149,0.9974392056465149,0.012232976965606213,0.0002460000105202198,0.5076918005943298,270000.0,-0.017010366544127464,0.015183499082922935,0.0463871993124485,0.1058773547410965,0.024569205939769745,1.423541784286499,2392.946533203125,32.33542251586914,1.8348884582519531,34.170310974121094,146.3258514404297
11.082413673400879,288.4800109863281,1000.0,54.0,0.7342714667320251,0.020320774987339973,18.0,0.9957217574119568,0.9957217574119568,0.9957217574119568,0.010763829573988914,0.00024500000290572643,0.5046449303627014,275000.0,-0.03962308168411255,-0.022612715139985085,-0.1251094490289688,0.03816070407629013,-0.06771665066480637,1.4542933702468872,2433.572265625,33.947994232177734,6.651254653930664,40.599246978759766,123.15499114990234
10.904899597167969,301.6000061035156,1000.0,55.0,0.727501392364502,0.0278700552880764,2.0,1.0000030994415283,1.0000030994415283,1.0000030994415283,0.010372067801654339,0.00024399999529123306,0.5011732578277588,280000.0,-0.0073551214300096035,0.032267960254102945,0.04227403178811073,0.0491110198199749,0.010950315743684769,1.3658957481384277,2465.76123046875,31.524871826171875,0.6398587226867676,32.164730072021484,155.44976806640625
11.080591201782227,290.20001220703125,1000.0,56.0,0.7301111817359924,0.021123332902789116,12.0,0.9966484308242798,0.9966484308242798,0.9966484308242798,0.011614257469773293,0.00024300000222865492,0.5025326013565063,285000.0,-0.031092746183276176,-0.023737624753266573,0.06670470535755157,0.03668772801756859,-0.012423291802406311,1.5510462522506714,2502.901123046875,32.72990036010742,4.390161991119385,37.120059967041016,134.69805908203125
10.888392448425293,288.739990234375,1000.0,57.0,0.7275997996330261,0.02469019405543804,8.0,1.0002655982971191,1.0002655982971191,1.0002655982971191,0.01086213905364275,0.00024199999461416155,0.5013464689254761,290000.0,-0.025007903575897217,0.00608484260737896,-0.05104636400938034,0.019354326650500298,-0.01733340136706829,1.348476529121399,2541.350830078125,35.59212875366211,2.8330445289611816,38.425174713134766,130.12303161621094
10.993734359741211,292.1400146484375,1000.0,58.0,0.7207065224647522,0.024437230080366135,18.0,0.9975959062576294,0.9975959062576294,0.9975959062576294,0.011803729459643364,0.0002410000015515834,0.49801844358444214,295000.0,-0.032990410923957825,-0.007982507348060608,-0.005914994981139898,0.04376254975795746,0.02440822310745716,1.308970332145691,2582.89892578125,35.048118591308594,6.479901313781738,41.528018951416016,120.40064239501953
11.6998872756958,283.7799987792969,1000.0,59.0,0.7076669335365295,0.020736610516905785,12.0,0.9988077282905579,0.9988077282905579,0.9988077282905579,0.011267764493823051,0.00023999999393709004,0.4916233420372009,300000.0,-0.03219570964574814,0.0007947012782096863,0.13940608501434326,0.04532947391271591,0.0015669241547584534,1.4219341278076172,2621.86279296875,34.63999938964844,4.301773548126221,38.941776275634766,128.39682006835938
11.951329231262207,280.1000061035156,1000.0,60.0,0.6943943500518799,0.020149610936641693,11.0,0.9997965097427368,0.9997965097427368,0.9997965097427368,0.011427921243011951,0.0002390000008745119,0.48511871695518494,305000.0,-0.028276335448026657,0.003919374197721481,-0.0947587788105011,0.05204598978161812,0.006716515868902206,1.3271324634552002,2663.7783203125,37.779510498046875,4.112915515899658,41.892425537109375,119.35330963134766
12.246438980102539,273.82000732421875,1000.0,61.0,0.6862038969993591,0.02339690551161766,12.0,1.0023375749588013,1.0023375749588013,1.0023375749588013,0.011732853949069977,0.00023799999326001853,0.48103830218315125,310000.0,-0.03096417523920536,-0.0026878397911787033,0.018978683277964592,0.03730648383498192,-0.0147395059466362,1.7689144611358643,2702.029296875,34.001155853271484,4.2271928787231445,38.22834777832031,130.79298400878906
11.14094352722168,280.29998779296875,1000.0,62.0,0.6779438853263855,0.021568315103650093,13.0,1.0009722709655762,1.0009722709655762,1.0009722709655762,0.010994764976203442,0.00023700000019744039,0.47704246640205383,315000.0,-0.028292328119277954,0.0026718471199274063,0.06719119846820831,0.016716592013835907,-0.02058989182114601,1.0563892126083374,2739.329833984375,32.45616912841797,4.818482398986816,37.27465057373047,134.13941955566406
10.46710205078125,282.8599853515625,1000.0,63.0,0.6690250635147095,0.020352300256490707,16.0,0.9990083575248718,0.9990083575248718,0.9990083575248718,0.010911057703197002,0.00023600000713486224,0.47276782989501953,320000.0,-0.02612834796309471,0.002163980156183243,-0.014707337133586407,0.04351651296019554,0.026799920946359634,1.364652395248413,2778.53173828125,33.50114059448242,5.674600601196289,39.175750732421875,127.62997436523438
10.247052192687988,289.6199951171875,1000.0,64.0,0.6579550504684448,0.02131379395723343,15.0,0.9943669438362122,0.9943669438362122,0.9943669438362122,0.010718758217990398,0.00023499999952036887,0.4675750136375427,325000.0,-0.03888031840324402,-0.012751970440149307,0.2711254954338074,0.03724546730518341,-0.006271045655012131,1.392359972000122,2817.600830078125,33.4050178527832,5.640198707580566,39.04521560668945,128.05665588378906
10.962445259094238,279.0199890136719,1000.0,65.0,0.6527944207191467,0.021415160968899727,9.0,0.9902305603027344,0.9902305603027344,0.9902305603027344,0.012578235007822514,0.00023400000645779073,0.46514540910720825,330000.0,-0.02652008831501007,0.012360230088233948,0.10265572369098663,0.08888089656829834,0.05163542926311493,1.5020612478256226,2854.180908203125,33.25999450683594,3.2951622009277344,36.55515670776367,136.7796173095703
11.282256126403809,283.9200134277344,1000.0,66.0,0.6526514291763306,0.024693215265870094,6.0,1.0021828413009644,1.0021828413009644,1.0021828413009644,0.010426984168589115,0.00023299999884329736,0.4650369882583618,335000.0,-0.01879824511706829,0.00772184319794178,-0.09521055221557617,0.05010329559445381,-0.03877760097384453,1.4307098388671875,2892.20751953125,35.62904357910156,2.3697142601013184,37.998756408691406,131.583251953125
11.188563346862793,286.8599853515625,1000.0,67.0,0.6500030755996704,0.022302649915218353,12.0,0.9999624490737915,0.9999624490737915,0.9999624490737915,0.011546773836016655,0.00023200000578071922,0.46374842524528503,340000.0,-0.027623092755675316,-0.008824847638607025,-0.05951154977083206,0.02166694961488247,-0.028436345979571342,1.3195124864578247,2930.49169921875,33.774757385253906,4.485836505889893,38.26059341430664,130.68276977539062
11.10385513305664,285.0199890136719,1000.0,68.0,0.6455068588256836,0.020664263516664505,4.0,1.0012626647949219,1.0012626647949219,1.0012626647949219,0.010035460814833641,0.00023099999816622585,0.46164169907569885,345000.0,-0.013438643887639046,0.01418444886803627,0.14823423326015472,0.04200690984725952,0.020339960232377052,1.3887606859207153,2967.266845703125,35.24763488769531,1.503061294555664,36.75069808959961,136.05184936523438
10.690823554992676,306.7200012207031,1000.0,69.0,0.6357511878013611,0.021059149876236916,17.0,0.9966936707496643,0.9966936707496643,0.9966936707496643,0.010922117158770561,0.0002300000051036477,0.4572446942329407,350000.0,-0.033244840800762177,-0.01980619691312313,-0.061303529888391495,0.03745786100625992,-0.004549048840999603,1.107498288154602,3009.80078125,36.048248291015625,6.465616226196289,42.51386260986328,117.60869598388672
10.002399444580078,310.32000732421875,1000.0,70.0,0.6258169412612915,0.021136337891221046,5.0,1.001866340637207,1.001866340637207,1.001866340637207,0.010058646090328693,0.00022899999748915434,0.4527405798435211,355000.0,-0.016161933541297913,0.017082907259464264,-0.07993443310260773,0.03538085147738457,-0.002077009528875351,1.2755351066589355,3045.447265625,33.731571197509766,1.8868298530578613,35.61840057373047,140.3768768310547
9.615474700927734,318.3999938964844,1000.0,71.0,0.6155303120613098,0.020885640755295753,14.0,1.0019748210906982,1.0019748210906982,1.0019748210906982,0.0112938042730093,0.0002280000044265762,0.44811296463012695,360000.0,-0.030787011608481407,-0.014625078067183495,-0.041850700974464417,0.023874500766396523,-0.011506350710988045,1.0952816009521484,3082.890380859375,32.164520263671875,5.253754615783691,37.41827392578125,133.6245574951172
10.403325080871582,305.2799987792969,1000.0,72.0,0.6062060594558716,0.020662406459450722,7.0,1.0022093057632446,1.0022093057632446,1.0022093057632446,0.011052803136408329,0.00022699999681208283,0.4439369738101959,365000.0,-0.023798605427145958,0.006988406181335449,0.09646406024694443,0.020638102665543556,-0.0032363981008529663,1.164597988128662,3120.848876953125,35.48823165893555,2.445111036300659,37.93334197998047,131.81016540527344
10.441156387329102,293.3999938964844,1000.0,73.0,0.6040840148925781,0.022922687232494354,10.0,0.9972046613693237,0.9972046613693237,0.9972046613693237,0.01257014088332653,0.00022600000374950469,0.4428958594799042,370000.0,-0.027116024866700172,-0.0033174194395542145,-0.12448778003454208,0.03457004204392433,0.013931939378380775,1.2531472444534302,3159.1318359375,34.657962799072266,3.604933738708496,38.26289749145508,130.67489624023438
10.191953659057617,301.1000061035156,1000.0,74.0,0.5928056240081787,0.021506590768694878,18.0,1.00546133518219,1.00546133518219,1.00546133518219,0.011918754316866398,0.00022499999613501132,0.43791672587394714,375000.0,-0.03626793250441551,-0.00915190763771534,0.04967750981450081,0.02087581530213356,-0.013694226741790771,1.3532016277313232,3199.860595703125,34.082061767578125,6.621827125549316,40.703887939453125,122.83838653564453
9.665976524353027,299.55999755859375,1000.0,75.0,0.5841875076293945,0.022122619673609734,7.0,1.000308871269226,1.000308871269226,1.000308871269226,0.011515178717672825,0.00022400000307243317,0.4341661036014557,380000.0,-0.019534314051270485,0.016733618453145027,-0.0525004118680954,0.042874570935964584,0.021998755633831024,1.1848949193954468,3239.71875,37.33977508544922,2.4900903701782227,39.829864501953125,125.53394317626953
9.247942924499512,297.9200134277344,1000.0,76.0,0.575562596321106,0.022822869941592216,10.0,0.9981275200843811,0.9981275200843811,0.9981275200843811,0.012599244713783264,0.0002229999954579398,0.4304163455963135,385000.0,-0.025514688342809677,-0.005980374291539192,0.04570316523313522,0.0376465804874897,-0.005227990448474884,1.3919005393981934,3276.1455078125,32.702762603759766,3.6979031562805176,36.400665283203125,137.36012268066406
9.926475524902344,307.5400085449219,1000.0,77.0,0.5653727054595947,0.020457884296774864,10.0,1.0010638236999512,1.0010638236999512,1.0010638236999512,0.011434165760874748,0.00022200000239536166,0.4260350465774536,390000.0,-0.02469276264309883,0.000821925699710846,-0.1959315687417984,0.04283243045210838,0.005185849964618683,1.4767136573791504,3315.140380859375,35.396583557128906,3.573625087738037,38.97020721435547,128.30313110351562
10.19715690612793,297.9599914550781,1000.0,78.0,0.5563138127326965,0.021544747054576874,17.0,0.9942204356193542,0.9942204356193542,0.9942204356193542,0.010617347434163094,0.0002209999947808683,0.42216357588768005,395000.0,-0.0380399189889431,-0.013347156345844269,0.023905599489808083,0.04034549370408058,-0.0024869367480278015,1.3041768074035645,3355.13525390625,33.738197326660156,6.229916095733643,39.968116760253906,125.09972381591797
9.98025894165039,293.739990234375,1000.0,79.0,0.5445703864097595,0.02856498956680298,12.0,1.0041006803512573,1.0041006803512573,1.0041006803512573,0.010243047028779984,0.00022000000171829015,0.41724374890327454,400000.0,-0.021032016724348068,0.017007902264595032,0.064797542989254,0.028455980122089386,-0.011889513581991196,1.5097496509552002,3395.495361328125,36.033538818359375,4.301475524902344,40.33501434326172,123.96177673339844
10.220419883728027,299.239990234375,1000.0,80.0,0.5361141562461853,0.02029295451939106,7.0,0.9990237355232239,0.9990237355232239,0.9990237355232239,0.011028182692825794,0.00021899999410379678,0.41375911235809326,405000.0,-0.018297012895345688,0.0027350038290023804,-0.08530983328819275,0.033460311591625214,0.005004331469535828,1.1672207117080688,3433.962158203125,35.776485443115234,2.665229320526123,38.441715240478516,130.06704711914062
10.573529243469238,285.4200134277344,1000.0,81.0,0.5289093255996704,0.022358840331435204,8.0,1.0007641315460205,1.0007641315460205,1.0007641315460205,0.010700954124331474,0.00021800000104121864,0.4108234941959381,410000.0,-0.024527262896299362,-0.006230250000953674,-0.04787582531571388,0.028243880718946457,-0.005216430872678757,1.400193214416504,3471.4609375,34.66188430786133,2.8106648921966553,37.47254943847656,133.43099975585938
10.414478302001953,300.6199951171875,1000.0,82.0,0.5199987292289734,0.020788077265024185,13.0,1.0015488862991333,1.0015488862991333,1.0015488862991333,0.009709669277071953,0.00021699999342672527,0.40715935826301575,415000.0,-0.029536493122577667,-0.005009230226278305,0.007198116276413202,0.024522976949810982,-0.003720903769135475,1.3670133352279663,3509.28759765625,32.97733688354492,4.829399585723877,37.80673599243164,132.25157165527344
10.556072235107422,303.760009765625,1000.0,83.0,0.5075219869613647,0.020830202847719193,9.0,0.999208390712738,0.999208390712738,0.999208390712738,0.009986850433051586,0.00021600000036414713,0.4020715355873108,420000.0,-0.023346951231360435,0.006189541891217232,0.04611877724528313,0.04399612918496132,0.019473152235150337,1.5412360429763794,3545.80126953125,33.31019973754883,3.18083119392395,36.491031646728516,137.0199737548828
10.7933988571167,295.8399963378906,1000.0,84.0,0.5000304579734802,0.020996857434511185,12.0,0.9960149526596069,0.9960149526596069,0.9960149526596069,0.011866118758916855,0.00021499999274965376,0.3990606665611267,425000.0,-0.027542514726519585,-0.004195563495159149,0.04569324851036072,0.03969192877411842,-0.0043042004108428955,1.4229590892791748,3585.0,34.82429122924805,4.351536750793457,39.17582702636719,127.62972259521484
10.832724571228027,298.7200012207031,1000.0,85.0,0.48877009749412537,0.021529480814933777,12.0,1.000204086303711,1.000204086303711,1.000204086303711,0.010570663958787918,0.00021399999968707561,0.3946321904659271,430000.0,-0.02917081117630005,-0.0016282964497804642,-0.02888963371515274,0.04132472723722458,0.0016327984631061554,1.3172345161437988,3624.650146484375,35.09892654418945,4.527861595153809,39.62678909301758,126.1772689819336
10.829466819763184,298.6000061035156,1000.0,86.0,0.47734931111335754,0.02329840138554573,14.0,0.99986332654953,0.99986332654953,0.99986332654953,0.012110765092074871,0.00021300000662449747,0.3901265859603882,435000.0,-0.03008955903351307,-0.0009187478572130203,0.085806705057621,0.03788334131240845,-0.0034413859248161316,1.3967243432998657,3660.871337890625,31.164871215820312,5.036190032958984,36.2010612487793,138.11749267578125
11.047776222229004,280.70001220703125,1000.0,87.0,0.46641191840171814,0.02204733155667782,14.0,0.9990118741989136,0.9990118741989136,0.9990118741989136,0.011641114018857479,0.0002119999990100041,0.3858606815338135,440000.0,-0.029559843242168427,0.0005297157913446426,0.08246012032032013,0.03780351206660271,-7.982924580574036e-05,1.396941065788269,3700.895751953125,34.348785400390625,5.528983116149902,39.877769470214844,125.38314819335938
11.167888641357422,291.8399963378906,1000.0,88.0,0.4623558521270752,0.022464122623205185,2.0,0.9995900988578796,0.9995900988578796,0.9995900988578796,0.010884920135140419,0.00021100000594742596,0.3842923641204834,445000.0,-0.003062767907977104,0.026497075334191322,-0.038398828357458115,0.06360362470149994,0.025800112634897232,1.504760980606079,3735.27294921875,33.609886169433594,0.7428247928619385,34.35271072387695,145.54891967773438
11.57630729675293,293.3599853515625,1000.0,89.0,0.46144741773605347,0.02821146510541439,7.0,0.997144341468811,0.997144341468811,0.997144341468811,0.012648781761527061,0.0002099999983329326,0.383923202753067,450000.0,-0.02057790569961071,-0.017515137791633606,0.03944716602563858,0.038899991661310196,-0.024703633040189743,1.5081595182418823,3772.107177734375,34.313323974609375,2.4978363513946533,36.811161041259766,135.828369140625
11.665827751159668,284.9800109863281,1000.0,90.0,0.4561244547367096,0.021697241812944412,14.0,0.9999744892120361,0.9999744892120361,0.9999744892120361,0.012395838275551796,0.00020900000527035445,0.38187968730926514,455000.0,-0.0317557118833065,-0.011177806183695793,0.021928083151578903,0.04765480384230614,0.008754812180995941,1.472304105758667,3809.888671875,32.665916442871094,5.0924835205078125,37.758399963378906,132.42086791992188
11.497269630432129,279.6199951171875,1000.0,91.0,0.4521547257900238,0.020626621320843697,1.0,1.0011727809906006,1.0011727809906006,1.0011727809906006,0.009575906209647655,0.00020799999765586108,0.38038235902786255,460000.0,0.008376962505280972,0.040132674388587475,0.04199276119470596,0.05495206639170647,0.00729726254940033,1.4230107069015503,3843.134765625,32.85204315185547,0.37201857566833496,33.22406005859375,150.4933319091797
11.903651237487793,271.9800109863281,1000.0,92.0,0.444230854511261,0.021303897723555565,15.0,0.9958364963531494,0.9958364963531494,0.9958364963531494,0.011194880120456219,0.00020700000459328294,0.37735703587532043,465000.0,-0.03024972602725029,-0.03862668853253126,-0.034155089408159256,0.038597870618104935,-0.016354195773601532,1.5126421451568604,3882.6748046875,33.939056396484375,5.574841499328613,39.51389694213867,126.53775787353516
11.801844596862793,279.5199890136719,1000.0,93.0,0.4340136647224426,0.02042348124086857,12.0,1.001267671585083,1.001267671585083,1.001267671585083,0.011903521604835987,0.00020599999697878957,0.3735044598579407,470000.0,-0.024478208273649216,0.005771517753601074,-0.0666549876332283,0.033795300871133804,-0.00480256974697113,1.3107696771621704,3918.341064453125,31.458105087280273,4.182011127471924,35.640113830566406,140.29135131835938
11.96512222290039,283.6000061035156,1000.0,94.0,0.43069377541542053,0.02308807335793972,10.0,1.0021309852600098,1.0021309852600098,1.0021309852600098,0.011458128690719604,0.00020500000391621143,0.37228652834892273,475000.0,-0.02452319860458374,-4.4990330934524536e-05,0.08423930406570435,0.03534436598420143,0.001549065113067627,1.5025677680969238,3957.23095703125,35.024539947509766,3.841207504272461,38.865745544433594,128.6479949951172
12.138965606689453,289.6199951171875,1000.0,95.0,0.4291548728942871,0.020003709942102432,1.0,1.0007073879241943,1.0007073879241943,1.0007073879241943,0.009525417350232601,0.00020399999630171806,0.3717311918735504,480000.0,-0.00190752896014601,0.02261566964443773,0.10432413220405579,0.054811686277389526,0.019467320293188095,1.4298526048660278,3989.56494140625,31.972190856933594,0.3347818851470947,32.30697250366211,154.76535034179688
12.099736213684082,288.0199890136719,1000.0,96.0,0.4211227595806122,0.021657416597008705,12.0,0.9962061047554016,0.9962061047554016,0.9962061047554016,0.012280052527785301,0.00020300000323913991,0.3687452971935272,485000.0,-0.02818848006427288,-0.02628095110412687,-0.00227526668459177,0.036276768893003464,-0.018534917384386063,1.2617267370224,4029.529541015625,35.67403793334961,4.270638465881348,39.94467544555664,125.17312622070312
12.185076713562012,294.5400085449219,1000.0,97.0,0.40820473432540894,0.020645996555685997,13.0,1.0011242628097534,1.0011242628097534,1.0011242628097534,0.011907908134162426,0.00020199999562464654,0.3639778196811676,490000.0,-0.032969504594802856,-0.004781024530529976,0.009830999188125134,0.028994416818022728,-0.007282352074980736,1.50575590133667,4067.1748046875,32.81687927246094,4.7982330322265625,37.6151123046875,132.92530822753906
12.214873313903809,291.5799865722656,1000.0,98.0,0.40262356400489807,0.02115590311586857,1.0,0.9986039996147156,0.9986039996147156,0.9986039996147156,0.008303806185722351,0.0002010000025620684,0.3619430363178253,495000.0,0.0027563096955418587,0.035725814290344715,-0.03506085276603699,0.06848243623971939,0.03948801942169666,1.4043068885803223,4099.31982421875,31.78962516784668,0.32990550994873047,32.119529724121094,155.66851806640625
12.085039138793945,297.4800109863281,1000.0,99.0,0.39749616384506226,0.02148444578051567,11.0,1.0038553476333618,1.0038553476333618,1.0038553476333618,0.011271638795733452,0.00019999999494757503,0.3601144850254059,500000.0,-0.02467729151248932,-0.027433601208031178,-0.17548950016498566,0.034853894263505936,-0.033628541976213455,1.3591938018798828,4136.40771484375,33.21015167236328,3.8574326038360596,37.06758499145508,134.8887481689453
12.378876686096191,301.1000061035156,1000.0,100.0,0.3880271017551422,0.022551357746124268,9.0,0.9965091943740845,0.9965091943740845,0.9965091943740845,0.011206102557480335,0.0001990000018849969,0.3567296266555786,505000.0,-0.02236507274210453,0.0023122187703847885,-0.11965152621269226,0.0465073324739933,0.011653438210487366,1.4086030721664429,4175.2353515625,35.3856201171875,3.4153597354888916,38.80097961425781,128.8627166748047
12.456755638122559,324.5199890136719,1000.0,101.0,0.38108763098716736,0.02194761298596859,8.0,0.9987667798995972,0.9987667798995972,0.9987667798995972,0.010970923118293285,0.00019799999427050352,0.3542657196521759,510000.0,-0.02113296650350094,0.001232106238603592,-0.022313587367534637,0.037993889302015305,-0.008513443171977997,1.3319162130355835,4209.865234375,31.788105010986328,2.8173794746398926,34.60548400878906,144.4857635498047
12.468025207519531,322.5799865722656,1000.0,102.0,0.3745751976966858,0.020493580028414726,10.0,0.9963337779045105,0.9963337779045105,0.9963337779045105,0.011985852383077145,0.00019700000120792538,0.3519701361656189,515000.0,-0.029761390760540962,-0.008628424257040024,-0.06942898780107498,0.04269866645336151,0.004704777151346207,1.4526340961456299,4248.509765625,35.239776611328125,3.379866123199463,38.61964416503906,129.46778869628906
12.73739242553711,318.4599914550781,1000.0,103.0,0.3641704022884369,0.020863236859440804,15.0,1.0033724308013916,1.0033724308013916,1.0033724308013916,0.011472123675048351,0.000195999993593432,0.3483489453792572,520000.0,-0.03253696858882904,-0.0027755778282880783,0.12263987958431244,0.03555361554026604,-0.007145050913095474,1.4914445877075195,4287.37939453125,33.2493896484375,5.594505310058594,38.843894958496094,128.72035217285156
12.574994087219238,328.5400085449219,1000.0,104.0,0.3552698791027069,0.020638482645154,9.0,1.0020718574523926,1.0020718574523926,1.0020718574523926,0.011694878339767456,0.00019500000053085387,0.3452809154987335,525000.0,-0.023451969027519226,0.009084999561309814,-0.00736054964363575,0.028442196547985077,-0.00711141899228096,1.3437269926071167,4327.0263671875,36.42378616333008,3.198075294494629,39.62186050415039,126.19296264648438
12.353732109069824,337.7200012207031,1000.0,105.0,0.3504868447780609,0.020269693806767464,2.0,0.999106764793396,0.999106764793396,0.999106764793396,0.009160320274531841,0.0001939999929163605,0.3436371982097626,530000.0,-0.005484224297106266,0.01796774473041296,-0.1082659512758255,0.0448610894382,0.01641889289021492,1.5052037239074707,4364.298828125,36.588165283203125,0.6612718105316162,37.24943923950195,134.23020935058594
12.393896102905273,341.20001220703125,1000.0,106.0,0.34965720772743225,0.023301441222429276,2.0,0.9978140592575073,0.9978140592575073,0.9978140592575073,0.009274719282984734,0.00019299999985378236,0.34336578845977783,535000.0,-0.0037246360443532467,0.0017595882527530193,0.17579740285873413,0.04997994005680084,0.005118850618600845,1.4156237840652466,4399.36376953125,34.38536834716797,0.6575131416320801,35.04288101196289,142.68234252929688
11.661794662475586,344.760009765625,1000.0,107.0,0.3503871262073517,0.020319433882832527,2.0,0.9991250038146973,0.9991250038146973,0.9991250038146973,0.009509995579719543,0.00019200000679120421,0.34362465143203735,540000.0,-0.0022205165587365627,0.001504119485616684,0.11465828120708466,0.037040043622255325,-0.012939896434545517,1.3895516395568848,4431.4404296875,31.407825469970703,0.6466455459594727,32.05447006225586,155.98448181152344
11.117209434509277,353.3599853515625,1000.0,108.0,0.35110607743263245,0.023010671138763428,4.0,1.0034687519073486,1.0034687519073486,1.0034687519073486,0.012522617354989052,0.00019099999917671084,0.3438698649406433,545000.0,-0.007244718261063099,-0.005024201702326536,0.046838823705911636,0.030745303258299828,-0.006294740363955498,1.431181788444519,4467.95849609375,34.86509704589844,1.6285531520843506,36.49365234375,137.0101318359375
11.083906173706055,344.9599914550781,1000.0,109.0,0.34777942299842834,0.021125616505742073,11.0,1.0059056282043457,1.0059056282043457,1.0059056282043457,0.01148278173059225,0.0001900000061141327,0.3427431881427765,550000.0,-0.023401781916618347,-0.016157063655555248,-0.004054688382893801,0.03188662230968475,0.0011413190513849258,1.5243585109710693,4505.6513671875,33.91429138183594,3.7544400691986084,37.668731689453125,132.73609924316406
11.009306907653809,352.05999755859375,1000.0,110.0,0.3424112796783447,0.02303788997232914,7.0,0.9997668862342834,0.9997668862342834,0.9997668862342834,0.011770918034017086,0.00018899999849963933,0.3409080505371094,555000.0,-0.018791772425174713,0.004610009491443634,0.08656489104032516,0.040918659418821335,0.009032037109136581,1.4324195384979248,4542.904296875,34.743141174316406,2.4848673343658447,37.22800827026367,134.30747985839844
11.386104583740234,334.6199951171875,1000.0,111.0,0.33581218123435974,0.021005794405937195,15.0,1.0015531778335571,1.0015531778335571,1.0015531778335571,0.01170086208730936,0.0001880000054370612,0.3386278748512268,560000.0,-0.03146154806017876,-0.012669775635004044,0.08257126063108444,0.038127630949020386,-0.002791028469800949,1.4701448678970337,4584.349609375,35.91828155517578,5.5021653175354,41.420448303222656,120.71332550048828
11.174403190612793,332.4599914550781,1000.0,112.0,0.3298482596874237,0.02138974331319332,2.0,0.9977083206176758,0.9977083206176758,0.9977083206176758,0.009398593567311764,0.00018699999782256782,0.3365931510925293,565000.0,6.42467275611125e-05,0.03152579478773987,-0.1452466994524002,0.05015719681978226,0.012029565870761871,1.5267071723937988,4618.27001953125,33.215248107910156,0.6804714202880859,33.895721435546875,147.51124572753906
10.886791229248047,347.3999938964844,1000.0,113.0,0.33071690797805786,0.021958352997899055,2.0,1.000946283340454,1.000946283340454,1.000946283340454,0.009766865521669388,0.00018600000475998968,0.33688634634017944,570000.0,0.0009760365937836468,0.0009117898662225343,-0.0077816336415708065,0.06779737025499344,0.01764017343521118,1.522397518157959,4652.05419921875,33.060420989990234,0.6993284225463867,33.75975036621094,148.10536193847656
10.952300071716309,336.739990234375,1000.0,114.0,0.3287353515625,0.020218439400196075,14.0,0.9997491240501404,0.9997491240501404,0.9997491240501404,0.010951610282063484,0.0001849999971454963,0.3362215459346771,575000.0,-0.02774643525481224,-0.028722471848595887,0.0344000905752182,0.042292434722185135,-0.025504935532808304,1.4286918640136719,4688.99853515625,31.737205505371094,5.18234920501709,36.9195556640625,135.42958068847656
11.263086318969727,325.1199951171875,1000.0,115.0,0.3252793848514557,0.020282289013266563,6.0,0.9975785613059998,0.9975785613059998,0.9975785613059998,0.010474806651473045,0.00018400000408291817,0.33505484461784363,580000.0,-0.01682404987514019,0.01092238537967205,0.11387994140386581,0.044401995837688446,0.002109561115503311,1.5697314739227295,4724.4677734375,33.40123748779297,2.045788049697876,35.447025299072266,141.05555725097656
11.811592102050781,320.4599914550781,1000.0,116.0,0.3204692006111145,0.022353868931531906,12.0,1.0009658336639404,1.0009658336639404,1.0009658336639404,0.010775437578558922,0.0001829999964684248,0.3334464132785797,585000.0,-0.02769644744694233,-0.01087239757180214,-0.0735238716006279,0.054374758154153824,0.009972762316465378,1.6519392728805542,4762.1796875,33.435218811035156,4.250523567199707,37.68574142456055,132.67617797851562
11.556936264038086,320.9800109863281,1000.0,117.0,0.31384459137916565,0.021199043840169907,5.0,1.0026031732559204,1.0026031732559204,1.0026031732559204,0.010361109860241413,0.00018200000340584666,0.3312464654445648,590000.0,-0.012086879462003708,0.015609567984938622,0.09063754230737686,0.024888603016734123,-0.0294861551374197,1.5134613513946533,4798.9794921875,35.001670837402344,1.7699024677276611,36.77157211303711,135.974609375
12.220189094543457,308.5,1000.0,118.0,0.3115990459918976,0.020612377673387527,18.0,0.9932296872138977,0.9932296872138977,0.9932296872138977,0.011049262247979641,0.00018099999579135329,0.33048728108406067,595000.0,-0.03195071965456009,-0.01986384019255638,-0.1391018182039261,0.061961375176906586,0.03707277216017246,1.2256555557250977,4837.0244140625,31.65048599243164,6.3698272705078125,38.02031326293945,131.50865173339844
12.652141571044922,303.8999938964844,1000.0,119.0,0.3084155023097992,0.02808183617889881,1.0,0.9995617866516113,0.9995617866516113,0.9995617866516113,0.010178633965551853,0.00018000000272877514,0.32942599058151245,600000.0,0.00060243159532547,0.03255315124988556,0.09073634445667267,0.1168203204870224,0.054858945310115814,1.5135486125946045,4874.275390625,36.61508560180664,0.6142137050628662,37.23131561279297,134.29554748535156
12.191147804260254,297.739990234375,1000.0,120.0,0.30763110518455505,0.02025732211768627,1.0,0.9997503161430359,0.9997503161430359,0.9997503161430359,0.012730899266898632,0.00017899999511428177,0.3291674852371216,605000.0,-6.664032116532326e-05,-0.0006690719164907932,0.04505391791462898,0.05286984518170357,-0.06395047530531883,1.4942364692687988,4907.88330078125,33.27997589111328,0.3039531707763672,33.583927154541016,148.8807373046875
11.655631065368652,306.3800048828125,1000.0,121.0,0.3071584105491638,0.022027265280485153,1.0,1.0008035898208618,1.0008035898208618,1.0008035898208618,0.013303267769515514,0.00017800000205170363,0.3290114998817444,610000.0,0.0037206176202744246,0.003787257941439748,0.05787024646997452,0.06031568720936775,0.007445842027664185,1.3402904272079468,4941.33740234375,33.11021423339844,0.32301974296569824,33.43323516845703,149.55178833007812
11.657544136047363,307.44000244140625,1000.0,122.0,0.30714312195777893,0.0208282433450222,6.0,1.0013483762741089,1.0013483762741089,1.0013483762741089,0.011042220517992973,0.00017699999443721026,0.3289966583251953,615000.0,-0.012960406020283699,-0.016681023640558124,-0.040043339133262634,0.03553987666964531,-0.024775810539722443,1.4710564613342285,4976.18896484375,32.8177490234375,2.0118601322174072,34.82960891723633,143.55601501464844
11.711668968200684,298.1199951171875,1000.0,123.0,0.3055766522884369,0.02228216454386711,7.0,1.002954125404358,1.002954125404358,1.002954125404358,0.011345330625772476,0.00017600000137463212,0.32848110795021057,620000.0,-0.015875589102506638,-0.0029151830822229385,-0.00934048742055893,0.07523661106824875,0.03969673439860344,1.338582158088684,5010.47509765625,31.84816551208496,2.4099419116973877,34.25810623168945,145.9508514404297
11.401013374328613,306.3999938964844,1000.0,124.0,0.29599931836128235,0.020788518711924553,13.0,1.002028226852417,1.002028226852417,1.002028226852417,0.010539419017732143,0.00017499999376013875,0.32535678148269653,625000.0,-0.02692708931863308,-0.011051500216126442,0.021130280569195747,0.038976721465587616,-0.03625988960266113,1.4354150295257568,5047.9599609375,32.6957893371582,4.76059627532959,37.45638656616211,133.48858642578125
11.050057411193848,321.9800109863281,1000.0,125.0,0.2874866724014282,0.020142247900366783,10.0,1.0006134510040283,1.0006134510040283,1.0006134510040283,0.011484446935355663,0.0001740000006975606,0.3225857615470886,630000.0,-0.02361137606203556,0.003315713256597519,0.03230821713805199,0.0492745004594326,0.010297778993844986,1.4469135999679565,5084.7041015625,33.289371490478516,3.4306857585906982,36.72005844116211,136.1653594970703
10.672507286071777,329.5,1000.0,126.0,0.2819055914878845,0.020199431106448174,14.0,0.997971773147583,0.997971773147583,0.997971773147583,0.011674645356833935,0.00017299999308306724,0.3207942247390747,635000.0,-0.03142354264855385,-0.007812166586518288,-0.07566820085048676,0.04291978478431702,-0.006354715675115585,1.2819479703903198,5122.09716796875,32.08766174316406,5.280468463897705,37.36812973022461,133.80386352539062
11.23166275024414,319.6400146484375,1000.0,127.0,0.26987525820732117,0.024177230894565582,14.0,1.000659465789795,1.000659465789795,1.000659465789795,0.012163408100605011,0.0001720000000204891,0.31696030497550964,640000.0,-0.027877774089574814,0.0035457685589790344,0.11649036407470703,0.042530667036771774,-0.0003891177475452423,1.5207830667495728,5161.7138671875,34.615081787109375,4.974142074584961,39.59421157836914,126.28108215332031
10.534008026123047,327.0199890136719,1000.0,128.0,0.26189669966697693,0.022642387077212334,5.0,0.998147189617157,0.998147189617157,0.998147189617157,0.010873068124055862,0.00017100000695791095,0.31443995237350464,645000.0,-0.011977669782936573,0.01590010430663824,-0.005431059747934341,0.040925588458776474,-0.0016050785779953003,1.2718313932418823,5197.0390625,33.601524353027344,1.7000739574432373,35.30160140991211,141.6366424560547
10.070477485656738,341.5199890136719,1000.0,129.0,0.2583123743534088,0.02046951837837696,10.0,1.0022963285446167,1.0022963285446167,1.0022963285446167,0.01197072770446539,0.00016999999934341758,0.3133193254470825,650000.0,-0.02359764650464058,-0.011619976721704006,-0.14405575394630432,0.02991466037929058,-0.011010928079485893,1.3921948671340942,5239.7587890625,39.005863189697266,3.685256242752075,42.69111633300781,117.1203842163086
10.303558349609375,349.55999755859375,1000.0,130.0,0.24724578857421875,0.02161778323352337,11.0,1.0044585466384888,1.0044585466384888,1.0044585466384888,0.010798380710184574,0.00016900000628083944,0.30988073348999023,655000.0,-0.02080336958169937,0.002794276922941208,0.08346312493085861,0.03576698154211044,0.005852321162819862,1.445778727531433,5282.22998046875,38.60043716430664,3.845424175262451,42.44586181640625,117.797119140625
10.867509841918945,344.6400146484375,1000.0,131.0,0.23946118354797363,0.027670782059431076,2.0,0.9984938502311707,0.9984938502311707,0.9984938502311707,0.01455486100167036,0.00016799999866634607,0.30748167634010315,660000.0,0.0011523315915837884,0.02195570117328316,-0.10031253099441528,0.07504038512706757,0.03927340358495712,1.4440311193466187,5315.03857421875,32.13262176513672,0.655494213104248,32.788116455078125,152.4942626953125
10.888083457946777,350.6600036621094,1000.0,132.0,0.2354986071586609,0.023166602477431297,12.0,1.0044666528701782,1.0044666528701782,1.0044666528701782,0.011228764429688454,0.00016700000560376793,0.3062666356563568,665000.0,-0.02634301595389843,-0.02749534754548222,0.053256869316101074,0.03811836242675781,-0.03692202270030975,1.3370435237884521,5350.37841796875,30.929126739501953,4.38979959487915,35.31892776489258,141.56715393066406
10.532940864562988,360.8599853515625,1000.0,133.0,0.22636090219020844,0.020882954820990562,7.0,1.0028111934661865,1.0028111934661865,1.0028111934661865,0.010483134537935257,0.00016599999798927456,0.3034890592098236,670000.0,-0.013640332035720348,0.012702683918178082,0.014598020352423191,0.02960944175720215,-0.008508920669555664,1.484697699546814,5383.8388671875,31.043529510498047,2.3902363777160645,33.43376541137695,149.54940795898438
10.607522010803223,360.67999267578125,1000.0,134.0,0.22083671391010284,0.02105523832142353,6.0,1.0037764310836792,1.0037764310836792,1.0037764310836792,0.01099165715277195,0.00016500000492669642,0.30183887481689453,675000.0,-0.017048129811882973,-0.0034077977761626244,0.06435131281614304,0.028359971940517426,-0.001249469816684723,1.663950800895691,5422.2060546875,36.26393127441406,2.0800883769989014,38.344017028808594,130.3984375
10.945651054382324,341.70001220703125,1000.0,135.0,0.21701441705226898,0.023224081844091415,7.0,0.9966446161270142,0.9966446161270142,0.9966446161270142,0.009605078026652336,0.00016399999731220305,0.3006817698478699,680000.0,-0.016222069039940834,0.0008260607719421387,-0.06009422987699509,0.046075064688920975,0.01771509274840355,1.6848903894424438,5457.82470703125,32.872432708740234,2.7227232456207275,35.59515380859375,140.4685516357422
11.064166069030762,341.79998779296875,1000.0,136.0,0.212796151638031,0.020807776600122452,12.0,1.001700520515442,1.001700520515442,1.001700520515442,0.010557924397289753,0.0001630000042496249,0.29940372705459595,685000.0,-0.02635737508535385,-0.010135306045413017,-0.049662742763757706,0.04051792621612549,-0.0055571384727954865,1.6699129343032837,5493.66357421875,31.549957275390625,4.264791965484619,35.81475067138672,139.60728454589844
11.431662559509277,336.0799865722656,1000.0,137.0,0.20432743430137634,0.02016413025557995,7.0,0.998857319355011,0.998857319355011,0.998857319355011,0.011328713037073612,0.00016199999663513154,0.2968750596046448,690000.0,-0.01621164195239544,0.010145733132958412,0.02755078300833702,0.04210960865020752,0.0015916824340820312,1.6140509843826294,5527.35791015625,31.05387306213379,2.6141481399536133,33.66802215576172,148.50888061523438
12.285019874572754,323.05999755859375,1000.0,138.0,0.1993008255958557,0.0220808032900095,6.0,1.000135064125061,1.000135064125061,1.000135064125061,0.011939004063606262,0.0001610000035725534,0.2953798174858093,695000.0,-0.016997376456856728,-0.0007857345044612885,-0.13910949230194092,0.04420219734311104,0.0020925886929035187,1.714480996131897,5561.25244140625,31.86411476135254,2.0085337162017822,33.872650146484375,147.61172485351562
13.103960990905762,307.7799987792969,1000.0,139.0,0.19751913845539093,0.020366091281175613,6.0,0.9982761144638062,0.9982761144638062,0.9982761144638062,0.011907373555004597,0.00015999999595806003,0.29484042525291443,700000.0,-0.0158164631575346,0.0011809132993221283,-0.08099787682294846,0.04972628876566887,0.005524091422557831,1.676635980606079,5597.68359375,34.332027435302734,2.074979543685913,36.407005310058594,137.33621215820312
13.327104568481445,300.0,1000.0,140.0,0.1937379539012909,0.020255807787179947,12.0,0.9992798566818237,0.9992798566818237,0.9992798566818237,0.011138144880533218,0.00015900000289548188,0.2937254011631012,705000.0,-0.028500646352767944,-0.012684183195233345,0.0427379347383976,0.03676218539476395,-0.012964103370904922,1.5480116605758667,5639.81005859375,37.66429901123047,4.437443256378174,42.101741790771484,118.75992584228516
13.691810607910156,295.760009765625,1000.0,141.0,0.18896962702274323,0.020192472264170647,7.0,0.997204601764679,0.997204601764679,0.997204601764679,0.010158916935324669,0.00015799999528098851,0.29233503341674805,710000.0,-0.017185186967253685,0.01131545938551426,0.184656023979187,0.07137858122587204,0.03461639583110809,1.7356036901474,5679.02001953125,36.69297790527344,2.494675397872925,39.187652587890625,127.59120178222656
14.048242568969727,308.4800109863281,1000.0,142.0,0.1767316609621048,0.02170790173113346,14.0,1.0044364929199219,1.0044364929199219,1.0044364929199219,0.011140657588839531,0.00015700000221841037,0.288783460855484,715000.0,-0.02968570776283741,-0.012500520795583725,-0.024008074775338173,0.035188522189855576,-0.036190059036016464,1.7472857236862183,5716.33837890625,32.32891845703125,4.963718891143799,37.292640686035156,134.07472229003906
14.703213691711426,290.32000732421875,1000.0,143.0,0.1656542271375656,0.020087195560336113,14.0,0.9952610731124878,0.9952610731124878,0.9952610731124878,0.010798933915793896,0.000155999994603917,0.2855890989303589,720000.0,-0.028156070038676262,0.001529637724161148,-0.01551276259124279,0.04175812005996704,0.0065695978701114655,1.3481680154800415,5754.50830078125,33.060665130615234,5.083096504211426,38.14376449584961,131.08302307128906
15.218832969665527,291.7799987792969,1000.0,144.0,0.16389691829681396,0.02397940121591091,1.0,0.9984971880912781,0.9984971880912781,0.9984971880912781,0.008260625414550304,0.00015500000154133886,0.28509053587913513,725000.0,0.004333497025072575,0.032489567063748837,-0.04250195994973183,0.07327938824892044,0.0315212681889534,1.8355863094329834,5789.80078125,34.9311408996582,0.3360471725463867,35.267189025878906,141.77484130859375
14.76465129852295,303.82000732421875,1000.0,145.0,0.1637553870677948,0.02019166387617588,3.0,1.0064400434494019,1.0064400434494019,1.0064400434494019,0.009333930909633636,0.0001539999939268455,0.28505265712738037,730000.0,-0.003953236620873213,-0.008286733645945787,-0.03866540268063545,0.04571406543254852,-0.027565322816371918,1.8773365020751953,5827.57470703125,36.63756561279297,1.1095037460327148,37.7470703125,132.4606170654297
14.353466987609863,310.3999938964844,1000.0,146.0,0.16135813295841217,0.021732056513428688,12.0,1.0014113187789917,1.0014113187789917,1.0014113187789917,0.012592339888215065,0.00015300000086426735,0.28437620401382446,735000.0,-0.026516977697610855,-0.022563741076737642,0.11947751045227051,0.035636257380247116,-0.010077808052301407,1.7997984886169434,5868.61328125,36.34902572631836,4.664889812469482,41.013916015625,121.90984344482422
14.05935287475586,332.3800048828125,1000.0,147.0,0.15792745351791382,0.020976480096578598,6.0,1.0026708841323853,1.0026708841323853,1.0026708841323853,0.011056255549192429,0.00015199999324977398,0.2834034860134125,740000.0,-0.01658962108194828,0.009927356615662575,0.1554947793483734,0.04493118077516556,0.009294923394918442,1.6646935939788818,5902.68017578125,31.849685668945312,2.191897392272949,34.04158401489258,146.87918090820312
13.367467880249023,341.44000244140625,1000.0,148.0,0.15288619697093964,0.026608392596244812,13.0,1.0035133361816406,1.0035133361816406,1.0035133361816406,0.011681404896080494,0.00015100000018719584,0.28198158740997314,745000.0,-0.02728997729718685,-0.010700356215238571,0.03467279300093651,0.030899006873369217,-0.014032173901796341,1.6967840194702148,5943.5439453125,35.90069580078125,4.9369025230407715,40.838592529296875,122.4332046508789
12.319348335266113,360.5400085449219,1000.0,149.0,0.1460598111152649,0.020192474126815796,6.0,1.0018372535705566,1.0018372535705566,1.0018372535705566,0.009598680771887302,0.0001500000071246177,0.2800615131855011,750000.0,-0.009233913384377956,0.018056063912808895,-0.041942767798900604,0.03046499937772751,-0.0004340074956417084,1.5892192125320435,5991.2490234375,44.64948654174805,3.0306503772735596,47.680137634277344,104.86547088623047
12.196550369262695,367.94000244140625,1000.0,150.0,0.14359812438488007,0.02175769954919815,1.0,0.9984825253486633,0.9984825253486633,0.9984825253486633,0.009003739804029465,0.00014899999951012433,0.2793688178062439,755000.0,-0.003984065260738134,0.005249848123639822,0.2296251505613327,0.05137711763381958,0.02091211825609207,1.6285338401794434,6037.56591796875,45.895076751708984,0.39278221130371094,46.28786087036133,108.01968383789062
11.612316131591797,377.5199890136719,1000.0,151.0,0.14330363273620605,0.02237708680331707,1.0,0.997503936290741,0.997503936290741,0.997503936290741,0.01015549711883068,0.00014800000644754618,0.2792874872684479,760000.0,0.004933075048029423,0.008917140308767557,-0.10532943159341812,0.04912535101175308,-0.002251766622066498,1.578702449798584,6082.9765625,44.99529266357422,0.3878335952758789,45.38312911987305,110.17310333251953
11.450505256652832,363.82000732421875,1000.0,152.0,0.1441466063261032,0.020353663712739944,15.0,0.9963226318359375,0.9963226318359375,0.9963226318359375,0.011788967065513134,0.00014699999883305281,0.2795332372188568,765000.0,-0.02369122952222824,-0.028624304570257664,0.2753048837184906,0.07712453603744507,0.027999185025691986,1.403950572013855,6138.9794921875,49.528743743896484,6.447323799133301,55.97606658935547,89.32389068603516
11.176405906677246,379.5400085449219,1000.0,153.0,0.13899092376232147,0.0209560077637434,15.0,0.9950188994407654,0.9950188994407654,0.9950188994407654,0.011554018594324589,0.00014600000577047467,0.2781147062778473,770000.0,-0.02686583250761032,-0.00317460298538208,0.08998145163059235,0.046290840953588486,-0.030833695083856583,1.3587766885757446,6191.46337890625,45.82847595214844,6.625301361083984,52.45377731323242,95.322021484375
10.32275104522705,381.3599853515625,1000.0,154.0,0.1261422038078308,0.020610928535461426,14.0,0.9988685846328735,0.9988685846328735,0.9988685846328735,0.009959765709936619,0.0001449999981559813,0.27457818388938904,775000.0,-0.02805252932012081,-0.0011866968125104904,-0.035391032695770264,0.02595914527773857,-0.020331695675849915,1.4375118017196655,6241.67529296875,43.32450485229492,6.85698938369751,50.18149185180664,99.6383285522461
11.16576862335205,369.1600036621094,1000.0,155.0,0.11777404695749283,0.021166391670703888,7.0,0.9993668794631958,0.9993668794631958,0.9993668794631958,0.010683589614927769,0.00014400000509340316,0.27229973673820496,780000.0,-0.017832688987255096,0.010219840332865715,0.1433544158935547,0.05598555877804756,0.03002641350030899,1.6264222860336304,6288.67578125,43.85225296020508,3.1143617630004883,46.96661376953125,106.45860290527344
11.204739570617676,368.239990234375,1000.0,156.0,0.11127813905477524,0.021460233256220818,15.0,1.0080082416534424,1.0080082416534424,1.0080082416534424,0.012218027375638485,0.0001429999974789098,0.2705351412296295,785000.0,-0.02516873925924301,-0.007336050271987915,-0.14731061458587646,0.03235502541065216,-0.0236305333673954,1.7220802307128906,6340.36474609375,44.44973373413086,7.206748008728027,51.6564826965332,96.79327392578125
11.096492767333984,372.6199951171875,1000.0,157.0,0.09827347099781036,0.020173706114292145,15.0,1.0031547546386719,1.0031547546386719,1.0031547546386719,0.011745641008019447,0.00014200000441633165,0.26705363392829895,790000.0,-0.02929041162133217,-0.004121672362089157,-0.05572175234556198,0.024665119126439095,-0.007689906284213066,1.3270130157470703,6389.10205078125,42.04283905029297,6.665712356567383,48.708553314208984,102.65137481689453
11.214969635009766,377.82000732421875,1000.0,158.0,0.09083786606788635,0.023897025734186172,10.0,0.9991389513015747,0.9991389513015747,0.9991389513015747,0.010158132761716843,0.00014099999680183828,0.2650698125362396,795000.0,-0.024768628180027008,0.0045217834413051605,0.15498656034469604,0.030988657847046852,0.006323538720607758,1.5671355724334717,6439.1728515625,45.26057434082031,4.778494834899902,50.03907012939453,99.92192077636719
11.68591594696045,364.239990234375,1000.0,159.0,0.08981343358755112,0.02037268877029419,12.0,1.0022308826446533,1.0022308826446533,1.0022308826446533,0.012653346173465252,0.00014000000373926014,0.2647826075553894,800000.0,-0.02281075343489647,0.001957874745130539,-0.04566672071814537,0.03835410624742508,0.007365448400378227,1.4754979610443115,6486.2626953125,41.5269775390625,5.533164024353027,47.060142517089844,106.24701690673828
12.09656047821045,357.4800109863281,1000.0,160.0,0.08609862625598907,0.020486952736973763,13.0,0.9987770915031433,0.9987770915031433,0.9987770915031433,0.012721944600343704,0.00013899999612476677,0.26379504799842834,805000.0,-0.027785131707787514,-0.004974378272891045,0.04389555752277374,0.056915294378995895,0.018561188131570816,1.5278328657150269,6529.73583984375,37.300376892089844,6.140142440795898,43.440521240234375,115.09991455078125
12.241861343383789,342.9800109863281,1000.0,161.0,0.08150974661111832,0.021991059184074402,11.0,0.9943255186080933,0.9943255186080933,0.9943255186080933,0.011266203597187996,0.00013800000306218863,0.2625846862792969,810000.0,-0.022058531641960144,0.00572660006582737,0.04672528803348541,0.053791195154190063,-0.003124099224805832,1.4484269618988037,6572.99755859375,38.14866256713867,5.081022262573242,43.22968673706055,115.66126251220703
12.435781478881836,335.9800109863281,1000.0,162.0,0.07618995010852814,0.020278144627809525,13.0,0.9997173547744751,0.9997173547744751,0.9997173547744751,0.010383243672549725,0.00013699999544769526,0.2612091600894928,815000.0,-0.027346856892108917,-0.005288325250148773,0.031124118715524673,0.060106270015239716,0.006315074861049652,1.8222713470458984,6622.12060546875,42.82518005371094,6.267871856689453,49.09305191040039,101.847412109375
12.941056251525879,322.94000244140625,1000.0,163.0,0.06802430003881454,0.020271586254239082,15.0,0.9983068704605103,0.9983068704605103,0.9983068704605103,0.011437075212597847,0.00013600000238511711,0.25913625955581665,820000.0,-0.031270548701286316,-0.003923691809177399,-0.11757824569940567,0.0450562946498394,-0.015049975365400314,1.8042240142822266,6665.109375,37.2970085144043,5.661755561828613,42.958763122558594,116.39068603515625
13.218941688537598,312.3800048828125,1000.0,164.0,0.0635848343372345,0.02362407185137272,11.0,0.9969565868377686,0.9969565868377686,0.9969565868377686,0.0104603236541152,0.00013499999477062374,0.2579926550388336,825000.0,-0.02482547052204609,0.006445078179240227,0.0068271527998149395,0.030911361798644066,-0.014144932851195335,1.3542306423187256,6702.517578125,33.54898452758789,3.8358843326568604,37.38486862182617,133.7439422607422
12.5623197555542,320.55999755859375,1000.0,165.0,0.06124633923172951,0.021389419212937355,14.0,0.9943583607673645,0.9943583607673645,0.9943583607673645,0.011282488703727722,0.0001340000017080456,0.2573917806148529,830000.0,-0.026494553312659264,-0.0016690827906131744,-0.12067515403032303,0.03981566056609154,0.008904298767447472,1.5567151308059692,6740.21728515625,32.67533874511719,4.999792098999023,37.67512893676758,132.7135467529297
12.982365608215332,315.0199890136719,1000.0,166.0,0.05915204808115959,0.022599531337618828,8.0,1.001645803451538,1.001645803451538,1.001645803451538,0.011231344193220139,0.00013299999409355223,0.2568633556365967,835000.0,-0.01486191712319851,0.011632636189460754,-0.050048019737005234,0.05446730926632881,0.014651648700237274,1.7431187629699707,6778.70654296875,35.61857223510742,2.8433542251586914,38.4619255065918,129.99868774414062
13.826045989990234,286.44000244140625,1000.0,167.0,0.05794402211904526,0.020421180874109268,16.0,0.9946188926696777,0.9946188926696777,0.9946188926696777,0.011770717799663544,0.0001320000010309741,0.2565746605396271,840000.0,-0.03128447383642197,-0.016422556713223457,0.11404281109571457,0.06431950628757477,0.009852197021245956,1.7034186124801636,6821.19775390625,35.96751403808594,6.498663902282715,42.46617889404297,117.74076080322266
13.907853126525879,287.9200134277344,1000.0,168.0,0.05541999265551567,0.02020946517586708,11.0,0.9972196817398071,0.9972196817398071,0.9972196817398071,0.010517850518226624,0.00013099999341648072,0.25593262910842896,845000.0,-0.02157004550099373,0.009714428335428238,-0.07895416021347046,0.06447865813970566,0.0001591518521308899,1.6505292654037476,6858.66748046875,33.41758346557617,4.0324387550354,37.45001983642578,133.5112762451172
14.432151794433594,286.6199951171875,1000.0,169.0,0.04891214892268181,0.023112080991268158,12.0,1.001440167427063,1.001440167427063,1.001440167427063,0.01031690463423729,0.00013000000035390258,0.25427040457725525,850000.0,-0.026234934106469154,-0.004664888605475426,-0.07693899422883987,0.05333264544606209,-0.01114601269364357,1.7028441429138184,6895.08251953125,32.209590911865234,4.179338455200195,36.3889274597168,137.40443420410156
13.948040008544922,295.760009765625,1000.0,170.0,0.03562092036008835,0.02031068503856659,17.0,1.00227689743042,1.00227689743042,1.00227689743042,0.01119199488312006,0.0001289999927394092,0.25091880559921265,855000.0,-0.02697696164250374,-0.000742027536034584,-0.006615579128265381,0.05202174931764603,-0.0013108961284160614,1.8012003898620605,6937.2158203125,35.852081298828125,6.2579193115234375,42.11000061035156,118.73664093017578
13.296828269958496,320.8399963378906,1000.0,171.0,0.021278459578752518,0.021582309156656265,17.0,1.0079995393753052,1.0079995393753052,1.0079995393753052,0.012085828930139542,0.00012799999967683107,0.2473047971725464,860000.0,-0.02634849026799202,0.0006284713745117188,-0.11132828146219254,0.02257496491074562,-0.029446784406900406,1.9454538822174072,6976.5576171875,33.375240325927734,5.944159984588623,39.319400787353516,127.16368865966797
12.991477012634277,320.9200134277344,1000.0,172.0,0.01142514031380415,0.02061294950544834,5.0,1.000563383102417,1.000563383102417,1.000563383102417,0.010738431476056576,0.00012700000661425292,0.2448579967021942,865000.0,-0.008579801768064499,0.01776868849992752,-0.03129833564162254,0.049107927829027176,0.026532962918281555,1.677235722541809,7017.14697265625,38.60136795043945,1.9638361930847168,40.56520462036133,123.25834655761719
12.7281494140625,321.9800109863281,1000.0,173.0,0.006923457607626915,0.021990815177559853,14.0,0.995991051197052,0.995991051197052,0.995991051197052,0.011544305831193924,0.00012599999899975955,0.2437610626220703,870000.0,-0.02880355902016163,-0.02022375725209713,-0.034475214779376984,0.05574242025613785,0.006634492427110672,1.6364238262176514,7058.2275390625,36.09217071533203,4.962939739227295,41.055110931396484,121.78751373291016
13.057602882385254,312.4599914550781,1000.0,174.0,0.00270383944734931,0.020306777209043503,6.0,0.9997571110725403,0.9997571110725403,0.9997571110725403,0.010265492834150791,0.0001250000059371814,0.2427339404821396,875000.0,-0.012718535028398037,0.016085023991763592,0.06350290030241013,0.04512930288910866,-0.01061311736702919,1.755185604095459,7093.162109375,32.73167037963867,2.1779398918151855,34.909610748291016,143.22703552246094
12.809427261352539,312.94000244140625,1000.0,175.0,-0.004105539992451668,0.02213107980787754,14.0,1.0065804719924927,1.0065804719924927,1.0065804719924927,0.010931619442999363,0.00012399999832268804,0.24106864631175995,880000.0,-0.025475528091192245,-0.012756993062794209,-0.009017028845846653,0.02899988740682602,-0.01612941548228264,1.828357219696045,7133.47802734375,35.0847282409668,5.206212043762207,40.29093933105469,124.09738159179688
12.548912048339844,318.4800109863281,1000.0,176.0,-0.012212637811899185,0.021438583731651306,6.0,0.9993051290512085,0.9993051290512085,0.9993051290512085,0.00978794600814581,0.0001230000052601099,0.2390970140695572,885000.0,-0.012915956787765026,0.01255957130342722,0.04280581325292587,0.04203995689749718,0.013040069490671158,1.720749855041504,7171.41552734375,35.79978942871094,2.1074347496032715,37.907222747802734,131.90098571777344
11.651076316833496,355.6400146484375,1000.0,177.0,-0.013919693417847157,0.020437227562069893,6.0,1.000212550163269,1.000212550163269,1.000212550163269,0.010597684420645237,0.00012199999764561653,0.23868562281131744,890000.0,-0.011753363534808159,0.0011625932529568672,0.056824441999197006,0.04965689405798912,0.007616937160491943,1.7345068454742432,7205.33251953125,31.693031311035156,2.1976168155670166,33.890647888183594,147.5333251953125
11.809304237365723,352.2799987792969,1000.0,178.0,-0.018122270703315735,0.020445896312594414,11.0,0.9962064027786255,0.9962064027786255,0.9962064027786255,0.012458051554858685,0.00012099999730708078,0.23768645524978638,895000.0,-0.02457679994404316,-0.012823436409235,0.018995067104697227,0.0466088131070137,-0.003048080950975418,1.6382423639297485,7244.94384765625,35.601253509521484,3.9838290214538574,39.585079193115234,126.31021118164062
12.042644500732422,344.0400085449219,1000.0,179.0,-0.020865267142653465,0.021839002147316933,3.0,0.9975883364677429,0.9975883364677429,0.9975883364677429,0.010066917166113853,0.00011999999696854502,0.23703737556934357,900000.0,-0.008885006420314312,0.015691793523728848,-0.10381114482879639,0.07790651172399521,0.031297698616981506,1.7650195360183716,7279.65087890625,33.713287353515625,0.9686493873596191,34.68193817138672,144.16725158691406
12.594257354736328,336.5199890136719,1000.0,180.0,-0.021411556750535965,0.020271923393011093,2.0,1.0013411045074463,1.0013411045074463,1.0013411045074463,0.011252843774855137,0.00011899999663000926,0.2369084358215332,905000.0,-0.0021488405764102936,0.006736165843904018,0.027060111984610558,0.07168123126029968,-0.006225280463695526,1.903227686882019,7313.45263671875,33.13080978393555,0.6411495208740234,33.7719612121582,148.05181884765625
12.824602127075195,319.05999755859375,1000.0,181.0,-0.025713831186294556,0.0230669304728508,16.0,1.0037201642990112,1.0037201642990112,1.0037201642990112,0.012254399247467518,0.00011800000356743112,0.2358967363834381,910000.0,-0.02342897281050682,-0.021280132234096527,0.010473417118191719,0.03310910239815712,-0.03857212886214256,1.7087604999542236,7356.14208984375,36.947505950927734,5.716621398925781,42.664127349853516,117.19447326660156
12.502638816833496,335.17999267578125,1000.0,182.0,-0.0352461040019989,0.023079484701156616,15.0,1.0031734704971313,1.0031734704971313,1.0031734704971313,0.011684820055961609,0.00011700000322889537,0.2336786836385727,915000.0,-0.027678534388542175,-0.004249561578035355,0.026885179802775383,0.029343632981181145,-0.003765469416975975,1.6622523069381714,7391.9755859375,30.786840438842773,5.022028923034668,35.808868408203125,139.63021850585938
12.350069999694824,339.44000244140625,1000.0,183.0,-0.0386870801448822,0.02356928400695324,5.0,1.0027210712432861,1.0027210712432861,1.0027210712432861,0.011825413443148136,0.00011600000289035961,0.23289674520492554,920000.0,-0.010227683000266552,0.017450851388275623,-0.022933349013328552,0.05261816456913948,0.023274531587958336,1.756117343902588,7425.30908203125,31.466264724731445,1.84187650680542,33.308143615722656,150.1134490966797
11.963134765625,357.2200012207031,1000.0,184.0,-0.04159608855843544,0.02317700907588005,17.0,1.0050647258758545,1.0050647258758545,1.0050647258758545,0.011086777783930302,0.00011500000255182385,0.23225925862789154,925000.0,-0.02536933310329914,-0.015141650103032589,0.06788086891174316,0.024486340582370758,-0.028131823986768723,1.5312963724136353,7460.974609375,29.862600326538086,5.78309440612793,35.645694732666016,140.26939392089844
12.046431541442871,361.1000061035156,1000.0,185.0,-0.04839063435792923,0.02365364134311676,7.0,1.0030454397201538,1.0030454397201538,1.0030454397201538,0.010695962235331535,0.0001140000022132881,0.23069632053375244,930000.0,-0.014844234101474285,0.010525099001824856,-0.02804194949567318,0.028811315074563026,0.004324974492192268,1.6399019956588745,7494.7451171875,31.217161178588867,2.5232489109039307,33.74040985107422,148.19024658203125
12.074593544006348,363.4800109863281,1000.0,186.0,-0.056510280817747116,0.02068362571299076,16.0,0.9953392148017883,0.9953392148017883,0.9953392148017883,0.010909119620919228,0.00011300000187475234,0.22881059348583221,935000.0,-0.024490123614668846,-0.009645889513194561,-0.06053100526332855,0.03703618049621582,0.008224865421652794,1.582260012626648,7531.12841796875,30.93937873840332,5.417862892150879,36.35823440551758,137.5204315185547
12.06144905090332,355.79998779296875,1000.0,187.0,-0.06461944431066513,0.022701991721987724,19.0,0.9984278678894043,0.9984278678894043,0.9984278678894043,0.010606194846332073,0.00011200000153621659,0.22696010768413544,940000.0,-0.026785431429743767,-0.0022953078150749207,-0.03279368206858635,0.035825446248054504,-0.001210734248161316,1.190185785293579,7570.6201171875,32.78254318237305,6.684413433074951,39.466957092285156,126.68826293945312
12.207756042480469,353.32000732421875,1000.0,188.0,-0.07231324911117554,0.020615708082914352,13.0,0.9963577389717102,0.9963577389717102,0.9963577389717102,0.012515810318291187,0.00011100000119768083,0.22522418200969696,945000.0,-0.03171193599700928,-0.0049265045672655106,-0.07568030804395676,0.043087441474199295,0.007261995226144791,1.7191132307052612,7607.50341796875,32.23868942260742,4.619543075561523,36.85823059082031,135.6549072265625
11.733652114868164,356.05999755859375,1000.0,189.0,-0.0758252888917923,0.020236339420080185,14.0,1.0019398927688599,1.0019398927688599,1.0019398927688599,0.011409932747483253,0.00011000000085914508,0.22442634403705597,950000.0,-0.03464563190937042,-0.002933695912361145,0.05758469179272652,0.056967593729496,0.013880152255296707,1.752015233039856,7645.71533203125,33.43436813354492,4.747419357299805,38.181785583496094,130.95248413085938
11.598910331726074,352.1000061035156,1000.0,190.0,-0.07667896151542664,0.020142830908298492,10.0,0.9997846484184265,0.9997846484184265,0.9997846484184265,0.011549153365194798,0.00010900000052060932,0.2242308408021927,955000.0,-0.022948283702135086,0.011697348207235336,0.0109599269926548,0.067137710750103,0.010170117020606995,1.7451781034469604,7682.3310546875,33.199928283691406,3.3857200145721436,36.58564758300781,136.6656036376953
12.170554161071777,363.17999267578125,1000.0,191.0,-0.07828523218631744,0.021324221044778824,12.0,1.0014022588729858,1.0014022588729858,1.0014022588729858,0.011228271760046482,0.00010800000018207356,0.2238629162311554,960000.0,-0.02189992554485798,0.0010483581572771072,-0.22848393023014069,0.05166308581829071,-0.015474624931812286,1.818951964378357,7722.55078125,36.208984375,3.985976457595825,40.19496154785156,124.3936996459961
11.900984764099121,371.79998779296875,1000.0,192.0,-0.08121462166309357,0.022987905889749527,9.0,0.9982587099075317,0.9982587099075317,0.9982587099075317,0.011417192406952381,0.00010699999984353781,0.22320595383644104,965000.0,-0.015012819319963455,0.006887106224894524,-0.008590626530349255,0.02664073556661606,-0.025022350251674652,1.5572073459625244,7761.486328125,35.960472106933594,2.9517927169799805,38.912261962890625,128.49420166015625
11.832754135131836,384.5799865722656,1000.0,193.0,-0.08680738508701324,0.020034531131386757,13.0,1.0020912885665894,1.0020912885665894,1.0020912885665894,0.011334646493196487,0.00010599999950500205,0.2219732105731964,970000.0,-0.02513706311583519,-0.010124243795871735,0.20397676527500153,0.03767025098204613,0.011029515415430069,1.6581562757492065,7795.939453125,29.890474319458008,4.537832260131836,34.428306579589844,145.22933959960938
12.276403427124023,377.4200134277344,1000.0,194.0,-0.09282807260751724,0.02108672261238098,7.0,1.0002785921096802,1.0002785921096802,1.0002785921096802,0.011210146360099316,0.0001049999991664663,0.22064197063446045,975000.0,-0.015056478790938854,0.010080584324896336,-0.08841294050216675,0.0455433614552021,0.007873110473155975,1.579071044921875,7829.88916015625,31.61396026611328,2.3158657550811768,33.92982482910156,147.36297607421875
12.600927352905273,369.3800048828125,1000.0,195.0,-0.09972017258405685,0.021421145647764206,17.0,0.9993266463279724,0.9993266463279724,0.9993266463279724,0.011583937332034111,0.00010399999882793054,0.219163179397583,980000.0,-0.02799861878156662,-0.012942139990627766,-0.09908308833837509,0.038886792957782745,-0.006656568497419357,1.4650368690490723,7868.69384765625,33.24570083618164,5.533988952636719,38.77968978881836,128.9334716796875
13.500080108642578,352.0799865722656,1000.0,196.0,-0.10798486322164536,0.02245386503636837,12.0,0.9928383231163025,0.9928383231163025,0.9928383231163025,0.012350156903266907,0.00010299999848939478,0.21736128628253937,985000.0,-0.02788497880101204,0.00011363998055458069,0.037351686507463455,0.05406751111149788,0.015180718153715134,1.7407058477401733,7903.08837890625,30.34449005126953,4.027824401855469,34.372314453125,145.46591186523438
14.13390827178955,333.8999938964844,1000.0,197.0,-0.11236203461885452,0.020370885729789734,13.0,1.003092646598816,1.003092646598816,1.003092646598816,0.01067458838224411,0.00010199999815085903,0.2164018750190735,990000.0,-0.02755894511938095,0.00032603368163108826,-0.04077984020113945,0.03697553649544716,-0.01709197461605072,1.7019975185394287,7936.5341796875,28.80852508544922,4.615426063537598,33.4239501953125,149.59332275390625
14.142422676086426,337.1199951171875,1000.0,198.0,-0.12086113542318344,0.020929407328367233,18.0,1.0028878450393677,1.0028878450393677,1.0028878450393677,0.01091074664145708,0.00010099999781232327,0.21457000076770782,995000.0,-0.02295796014368534,0.00460098497569561,0.046335816383361816,0.07140936702489853,0.03443383052945137,1.6239519119262695,7975.10888671875,31.994300842285156,6.5553483963012695,38.549652099609375,129.70286560058594
14.265117645263672,355.79998779296875,1000.0,199.0,-0.1309005320072174,0.021328289061784744,16.0,1.000093698501587,1.000093698501587,1.000093698501587,0.010826223529875278,9.999999747378752e-05,0.21243417263031006,1000000.0,-0.025795739144086838,-0.002837779000401497,-0.030919628217816353,0.06364666670560837,-0.007762700319290161,1.8525586128234863,8011.4501953125,30.713695526123047,5.607635974884033,36.32133102416992,137.66014099121094
14.094764709472656,354.82000732421875,1000.0,200.0,-0.1418124884366989,0.021693244576454163,16.0,0.9991582632064819,0.9991582632064819,0.9991582632064819,0.011447352357208729,9.899999713525176e-05,0.21012528240680695,1005000.0,-0.029228944331407547,-0.0034332051873207092,-0.08739903569221497,0.05924759432673454,-0.004399072378873825,1.669089436531067,8047.5712890625,30.207746505737305,5.888101100921631,36.095848083496094,138.5200958251953
14.087581634521484,340.0,1000.0,201.0,-0.14732562005519867,0.020373297855257988,15.0,1.0004785060882568,1.0004785060882568,1.0004785060882568,0.011315105482935905,9.7999996796716e-05,0.2089548110961914,1010000.0,-0.02775702439248562,0.0014719199389219284,-0.12402886152267456,0.04562629014253616,-0.01362130418419838,1.7145956754684448,8084.27197265625,31.279956817626953,5.394231796264648,36.674190521240234,136.33566284179688
14.774944305419922,331.5400085449219,1000.0,202.0,-0.15541763603687286,0.021260319277644157,17.0,0.9995043873786926,0.9995043873786926,0.9995043873786926,0.010928168892860413,9.699999645818025e-05,0.2072664201259613,1015000.0,-0.024634815752506256,0.0031222086399793625,-0.018668754026293755,0.07641323655843735,0.030786946415901184,1.6456631422042847,8122.654296875,32.60051727294922,5.757141590118408,38.35765838623047,130.35206604003906
15.201773643493652,315.5199890136719,1000.0,203.0,-0.16637757420539856,0.020147614181041718,9.0,0.9965487122535706,0.9965487122535706,0.9965487122535706,0.010456947609782219,9.600000339560211e-05,0.2049921602010727,1020000.0,-0.020021170377731323,0.004613645374774933,-0.12028437852859497,0.07620453089475632,-0.00020870566368103027,1.9012010097503662,8162.84912109375,36.92454147338867,3.24019193649292,40.16473388671875,124.48731231689453
15.65884017944336,309.7200012207031,1000.0,204.0,-0.17233924567699432,0.020621582865715027,11.0,0.9970687627792358,0.9970687627792358,0.9970687627792358,0.00981732364743948,9.500000305706635e-05,0.20376801490783691,1025000.0,-0.026662850752472878,-0.006641680374741554,-0.08565375953912735,0.05289113149046898,-0.023313399404287338,1.7575148344039917,8199.3984375,32.585426330566406,3.9408063888549805,36.5262336730957,136.88792419433594
15.981719017028809,312.6600036621094,1000.0,205.0,-0.17963367700576782,0.020115908235311508,15.0,1.000138759613037,1.000138759613037,1.000138759613037,0.010859611444175243,9.40000027185306e-05,0.20229239761829376,1030000.0,-0.029284445568919182,-0.0026215948164463043,-0.1007169634103775,0.06298606097698212,0.010094929486513138,1.8313850164413452,8241.5185546875,36.80236053466797,5.29310417175293,42.09546661376953,118.77763366699219
15.328400611877441,313.44000244140625,1000.0,206.0,-0.18694062530994415,0.020464671775698662,15.0,0.9948965311050415,0.9948965311050415,0.9948965311050415,0.011303701438009739,9.300000237999484e-05,0.20082667469978333,1035000.0,-0.027147864922881126,0.0021365806460380554,-0.14567038416862488,0.05340703949332237,-0.009579021483659744,1.5622769594192505,8282.10546875,35.52777862548828,5.037112236022949,40.56489181518555,123.25929260253906
15.360246658325195,317.4200134277344,1000.0,207.0,-0.194996178150177,0.022702300921082497,18.0,1.0033464431762695,1.0033464431762695,1.0033464431762695,0.010931277647614479,9.200000204145908e-05,0.19920563697814941,1040000.0,-0.024669276550412178,0.0024785883724689484,0.11947676539421082,0.07819990813732147,0.0247928686439991,1.79594886302948,8322.9921875,34.67134475708008,6.195240020751953,40.86658477783203,122.34934997558594
15.637314796447754,307.0199890136719,1000.0,208.0,-0.20400920510292053,0.022992605343461037,19.0,0.9962022304534912,0.9962022304534912,0.9962022304534912,0.011232459917664528,9.100000170292333e-05,0.197407066822052,1045000.0,-0.03157651796936989,-0.00690724141895771,-0.008150152862071991,0.04597318544983864,-0.032226722687482834,1.8731493949890137,8365.0029296875,35.31552505493164,6.672687530517578,41.98821258544922,119.08103942871094
15.46483039855957,285.8800048828125,1000.0,209.0,-0.20974867045879364,0.020659586414694786,8.0,1.0035154819488525,1.0035154819488525,1.0035154819488525,0.011600996367633343,9.000000136438757e-05,0.1962856501340866,1050000.0,-0.018504327163100243,0.013072190806269646,-0.07801300287246704,0.05179853364825249,0.005825348198413849,1.916461706161499,8403.07421875,35.231361389160156,2.8201935291290283,38.05155563354492,131.40066528320312
15.318036079406738,305.739990234375,1000.0,210.0,-0.2129584401845932,0.02095668949186802,14.0,1.0019376277923584,1.0019376277923584,1.0019376277923584,0.010992120951414108,8.900000102585182e-05,0.19566194713115692,1055000.0,-0.026756931096315384,-0.008252603933215141,0.014641213230788708,0.04118265211582184,-0.010615881532430649,1.8562862873077393,8439.994140625,31.887182235717773,5.007526397705078,36.89470672607422,135.52078247070312
14.63119888305664,321.4200134277344,1000.0,211.0,-0.22095078229904175,0.02064438909292221,13.0,1.0016005039215088,1.0016005039215088,1.0016005039215088,0.009634176269173622,8.800000068731606e-05,0.19410324096679688,1060000.0,-0.021551689133048058,0.005205241963267326,-0.04371281713247299,0.025044355541467667,-0.016138296574354172,1.59736967086792,8480.087890625,35.746849060058594,4.326946258544922,40.073795318603516,124.76981353759766
14.056114196777344,320.8399963378906,1000.0,212.0,-0.23048537969589233,0.021470339968800545,18.0,1.0054720640182495,1.0054720640182495,1.0054720640182495,0.010127793997526169,8.70000003487803e-05,0.1922423094511032,1065000.0,-0.02935980074107647,-0.007808111608028412,-0.043057966977357864,0.02027421072125435,-0.004770144820213318,1.7754714488983154,8522.6455078125,36.28599166870117,6.25111198425293,42.53710174560547,117.54444122314453
13.775272369384766,327.6600036621094,1000.0,213.0,-0.23898139595985413,0.02004466950893402,21.0,0.9979022741317749,0.9979022741317749,0.9979022741317749,0.011362537741661072,8.600000001024455e-05,0.19060496985912323,1070000.0,-0.026374341920018196,0.0029854588210582733,-0.056851595640182495,0.04334826394915581,0.02307405322790146,1.756853699684143,8566.6015625,36.678348541259766,7.252734184265137,43.93108367919922,113.81462860107422
13.189967155456543,334.5,1000.0,214.0,-0.24606648087501526,0.022038422524929047,14.0,1.0008658170700073,1.0008658170700073,1.0008658170700073,0.01045315433293581,8.499999967170879e-05,0.18926499783992767,1075000.0,-0.023403547704219818,0.002970794215798378,0.06942876428365707,0.035331930965185165,-0.008016332983970642,1.786354899406433,8602.4111328125,30.837196350097656,4.9466729164123535,35.783870697021484,139.72776794433594
12.974082946777344,336.5400085449219,1000.0,215.0,-0.2564491927623749,0.021538181230425835,19.0,1.0036323070526123,1.0036323070526123,1.0036323070526123,0.01072280015796423,8.399999933317304e-05,0.18731792271137238,1080000.0,-0.026379454880952835,-0.002975907176733017,-0.04429212212562561,0.04194040223956108,0.0066084712743759155,1.7480437755584717,8638.6650390625,30.501079559326172,5.733258247375488,36.234336853027344,137.99066162109375
12.801980018615723,343.3999938964844,1000.0,216.0,-0.2662025988101959,0.020075133070349693,19.0,1.0002875328063965,1.0002875328063965,1.0002875328063965,0.01069621928036213,8.299999899463728e-05,0.18550541996955872,1085000.0,-0.02797786332666874,-0.0015984084457159042,-0.03784729167819023,0.045403189957141876,0.0034627877175807953,1.575161337852478,8675.0224609375,30.107481002807617,6.226775169372559,36.33425521850586,137.61119079589844
12.514617919921875,344.6400146484375,1000.0,217.0,-0.2701569199562073,0.022097650915384293,1.0,1.0002012252807617,1.0002012252807617,1.0002012252807617,0.006508341059088707,8.199999865610152e-05,0.184774249792099,1090000.0,0.010485038161277771,0.03846290148794651,-0.08361320197582245,0.08261029422283173,0.03720710426568985,1.6423532962799072,8710.2998046875,34.941078186035156,0.3111100196838379,35.25218963623047,141.83517456054688
12.132654190063477,369.0799865722656,1000.0,218.0,-0.27149325609207153,0.022772088646888733,10.0,1.0012550354003906,1.0012550354003906,1.0012550354003906,0.00964871235191822,8.099999831756577e-05,0.18453186750411987,1095000.0,-0.016422107815742493,-0.026907145977020264,-0.04484197497367859,0.052101463079452515,-0.03050883114337921,1.8584115505218506,8751.0029296875,37.03303146362305,3.6451966762542725,40.678226470947266,122.91587829589844
12.191463470458984,376.7799987792969,1000.0,219.0,-0.27754250168800354,0.020233221352100372,12.0,1.0033891201019287,1.0033891201019287,1.0033891201019287,0.011322584934532642,7.999999797903001e-05,0.18342795968055725,1100000.0,-0.024068763479590416,-0.007646655663847923,0.13111214339733124,0.04048806056380272,-0.011613402515649796,1.7826226949691772,8786.4228515625,31.378746032714844,4.021088123321533,35.39983367919922,141.2436065673828
12.336469650268555,367.5199890136719,1000.0,220.0,-0.28244873881340027,0.02442527562379837,3.0,0.9975273013114929,0.9975273013114929,0.9975273013114929,0.010928181000053883,7.899999764049426e-05,0.18253155052661896,1105000.0,-0.005323920864611864,0.018744842614978552,0.02639554627239704,0.05451048165559769,0.014022421091794968,1.9548343420028687,8818.0478515625,30.650541305541992,0.9506468772888184,31.60118865966797,158.22189331054688
13.076192855834961,359.9800109863281,1000.0,221.0,-0.28787997364997864,0.020198890939354897,22.0,1.0052318572998047,1.0052318572998047,1.0052318572998047,0.010513490065932274,7.79999973019585e-05,0.18154050409793854,1110000.0,-0.026238415390253067,-0.020914494525641203,-0.06314454227685928,0.04960796236991882,-0.0049025192856788635,1.8693464994430542,8859.2607421875,34.048038482666016,7.142330646514893,41.19036865234375,121.3875961303711
13.808563232421875,343.32000732421875,1000.0,222.0,-0.29447317123413086,0.021002717316150665,16.0,0.9998432993888855,0.9998432993888855,0.9998432993888855,0.010928379371762276,7.699999696342275e-05,0.18033598363399506,1115000.0,-0.032297927886247635,-0.006059512495994568,-0.19301411509513855,0.03784430772066116,-0.01176365464925766,1.801461935043335,8894.6689453125,29.83693504333496,5.546351432800293,35.38328552246094,141.3096466064453
13.32470417022705,347.239990234375,1000.0,223.0,-0.29296666383743286,0.020895373076200485,18.0,0.9997245669364929,0.9997245669364929,0.9997245669364929,0.010493811219930649,7.599999662488699e-05,0.18059615790843964,1120000.0,-0.027933869510889053,0.0043640583753585815,0.040524084120988846,0.024623515084385872,-0.013220792636275291,1.7360433340072632,8932.77734375,31.74190330505371,6.334802627563477,38.07670593261719,131.31387329101562
13.718053817749023,344.5199890136719,1000.0,224.0,-0.29520905017852783,0.02048892341554165,22.0,0.9969770908355713,0.9969770908355713,0.9969770908355713,0.011367489583790302,7.500000356230885e-05,0.18019695580005646,1125000.0,-0.029705194756388664,-0.001771325245499611,-0.034655988216400146,0.056365206837654114,0.03174169175326824,1.7519892454147339,8971.78125,31.206809997558594,7.771510601043701,38.97832107543945,128.2764434814453
13.464982986450195,340.0199890136719,1000.0,225.0,-0.305873841047287,0.020044764503836632,18.0,0.9972401261329651,0.9972401261329651,0.9972401261329651,0.010244905948638916,7.400000322377309e-05,0.17830586433410645,1130000.0,-0.030069973319768906,-0.0003647785633802414,0.09850761294364929,0.037210650742053986,-0.019154556095600128,1.810549020767212,9009.0927734375,31.070354461669922,6.221194267272949,37.29154968261719,134.07862854003906
13.289894104003906,349.29998779296875,1000.0,226.0,-0.3132883906364441,0.02085021510720253,16.0,1.0043151378631592,1.0043151378631592,1.0043151378631592,0.011016578413546085,7.300000288523734e-05,0.17701545357704163,1135000.0,-0.021574249491095543,0.008495723828673363,-0.1067468672990799,0.041881076991558075,0.004670426249504089,1.787325143814087,9050.541015625,35.842018127441406,5.576169490814209,41.41818618774414,120.71990966796875
13.51609992980957,358.4200134277344,1000.0,227.0,-0.3224653899669647,0.021520186215639114,20.0,1.0043962001800537,1.0043962001800537,1.0043962001800537,0.01109189260751009,7.200000254670158e-05,0.17541638016700745,1140000.0,-0.027164092287421227,-0.005589842796325684,-0.03613182529807091,0.04174993559718132,-0.00013114139437675476,1.9842838048934937,9095.2275390625,37.7160530090332,6.940834999084473,44.656890869140625,111.96480560302734
13.48870849609375,345.32000732421875,1000.0,228.0,-0.3383750319480896,0.021143294870853424,23.0,1.0108593702316284,1.0108593702316284,1.0108593702316284,0.011212335899472237,7.100000220816582e-05,0.17265307903289795,1145000.0,-0.032023996114730835,-0.0048599038273096085,-0.010955983772873878,0.03571757674217224,-0.006032358855009079,2.071333885192871,9140.2890625,37.30546188354492,7.736443519592285,45.04190444946289,111.00773620605469
13.71938705444336,343.3599853515625,1000.0,229.0,-0.34852054715156555,0.02003798633813858,12.0,0.9974890947341919,0.9974890947341919,0.9974890947341919,0.010955742560327053,7.000000186963007e-05,0.1709018498659134,1150000.0,-0.022638263180851936,0.009385732933878899,-0.0428597666323185,0.0489882230758667,0.013270646333694458,1.8345555067062378,9181.2509765625,36.74468994140625,4.192713260650635,40.937400817871094,122.1376953125
13.61359977722168,346.2799987792969,1000.0,230.0,-0.3589332103729248,0.02023089863359928,33.0,1.013160228729248,1.013160228729248,1.013160228729248,0.011444801464676857,6.900000153109431e-05,0.16914212703704834,1155000.0,-0.03428259864449501,-0.011644335463643074,-0.16589848697185516,0.03165578097105026,-0.017332442104816437,2.010167121887207,9228.7158203125,35.85127639770508,11.588592529296875,47.43986892700195,105.39657592773438
13.283041954040527,357.55999755859375,1000.0,231.0,-0.37225914001464844,0.020123178139328957,18.0,1.004529595375061,1.004529595375061,1.004529595375061,0.011252873577177525,6.800000119255856e-05,0.1668987274169922,1160000.0,-0.02733892947435379,0.00694366917014122,-0.04727279022336006,0.0447656512260437,0.013109870254993439,1.9971070289611816,9267.47265625,32.236854553222656,6.499824523925781,38.73667907714844,129.07662963867188
13.451787948608398,361.79998779296875,1000.0,232.0,-0.3792467713356018,0.02069975808262825,16.0,0.9979053735733032,0.9979053735733032,0.9979053735733032,0.010923229157924652,6.70000008540228e-05,0.16573981940746307,1165000.0,-0.024186905473470688,0.0031520240008831024,-0.06512495875358582,0.06631400436162949,0.021548353135585785,2.0557568073272705,9304.599609375,31.85040283203125,5.251566410064697,37.10197067260742,134.76373291015625
14.008502960205078,357.4800109863281,1000.0,233.0,-0.38480469584465027,0.020428022369742393,18.0,0.9998313784599304,0.9998313784599304,0.9998313784599304,0.011031697504222393,6.600000051548705e-05,0.16484221816062927,1170000.0,-0.029704196378588676,-0.005517290905117989,0.0014131183270365,0.06010540947318077,-0.006208594888448715,2.3245067596435547,9338.5830078125,27.854995727539062,6.108268737792969,33.96326446533203,147.2178955078125
13.107726097106934,364.1199951171875,1000.0,234.0,-0.38857799768447876,0.020785721018910408,23.0,1.0025779008865356,1.0025779008865356,1.0025779008865356,0.011407732963562012,6.500000017695129e-05,0.1642259955406189,1175000.0,-0.02834688499569893,0.0013573113828897476,0.21622633934020996,0.02817782200872898,-0.03192758746445179,1.828723669052124,9377.5703125,31.082624435424805,7.879171371459961,38.961795806884766,128.33084106445312
13.046789169311523,378.29998779296875,1000.0,235.0,-0.3959541618824005,0.020472366362810135,20.0,1.0006159543991089,1.0006159543991089,1.0006159543991089,0.010721626691520214,6.399999983841553e-05,0.16301265358924866,1180000.0,-0.030563030391931534,-0.002216145396232605,0.15710945427417755,0.043971266597509384,0.015793444588780403,2.0277199745178223,9421.681640625,37.138710021972656,6.947521209716797,44.08623123168945,113.41410064697266
12.945364952087402,373.1000061035156,1000.0,236.0,-0.40442684292793274,0.022990118712186813,25.0,1.0044549703598022,1.0044549703598022,1.0044549703598022,0.010470565408468246,6.299999949987978e-05,0.16163630783557892,1185000.0,-0.02935957722365856,0.001203453168272972,-0.1157400980591774,0.04180298000574112,-0.0021682865917682648,1.7742900848388672,9466.5341796875,36.15708923339844,8.667892456054688,44.82497787475586,111.5449447631836
12.257253646850586,376.739990234375,1000.0,237.0,-0.4101637899875641,0.021458392962813377,20.0,1.0102252960205078,1.0102252960205078,1.0102252960205078,0.011055863462388515,6.199999916134402e-05,0.16070812940597534,1190000.0,-0.02564302459359169,0.0037165526300668716,-0.011990988627076149,0.03388349711894989,-0.00791948288679123,2.1720163822174072,9512.7744140625,39.314125061035156,6.906064987182617,46.22018814086914,108.1778335571289
12.044594764709473,373.17999267578125,1000.0,238.0,-0.4157782196998596,0.022273562848567963,21.0,0.9983759522438049,0.9983759522438049,0.9983759522438049,0.011148308403789997,6.0999998822808266e-05,0.1597968339920044,1195000.0,-0.029877254739403725,-0.004234230145812035,-0.11745380610227585,0.03096795454621315,-0.00291554257273674,1.746198296546936,9557.580078125,37.49169921875,7.283929824829102,44.77562713623047,111.66789245605469
11.581707954406738,379.20001220703125,1000.0,239.0,-0.4240177869796753,0.020351599901914597,23.0,1.0029726028442383,1.0029726028442383,1.0029726028442383,0.010616065934300423,5.999999848427251e-05,0.15848781168460846,1200000.0,-0.031532976776361465,-0.0016557220369577408,-0.06279374659061432,0.027865583077073097,-0.003102371469140053,1.9783271551132202,9598.1240234375,32.576141357421875,7.945858478546143,40.52199935913086,123.38976287841797
11.210967063903809,391.44000244140625,1000.0,240.0,-0.4331763684749603,0.02143319696187973,24.0,0.9992955327033997,0.9992955327033997,0.9992955327033997,0.011044585146009922,5.900000178371556e-05,0.15702925622463226,1205000.0,-0.029350807890295982,0.002182168886065483,-0.01955648511648178,0.02624889276921749,-0.001616690307855606,2.1704928874969482,9643.201171875,36.73887634277344,8.313558578491211,45.052433013916016,110.98179626464844
12.216767311096191,366.17999267578125,1000.0,241.0,-0.44085848331451416,0.021052047610282898,24.0,0.9976252317428589,0.9976252317428589,0.9976252317428589,0.011409117840230465,5.8000001445179805e-05,0.15582235157489777,1210000.0,-0.03236299380660057,-0.0030121859163045883,0.08682841062545776,0.06755699217319489,0.041308099403977394,2.0631237030029297,9688.326171875,36.794490814208984,8.30483627319336,45.099327087402344,110.86640167236328
11.978106498718262,367.8999938964844,1000.0,242.0,-0.44523361325263977,0.02105049043893814,22.0,0.9980002641677856,0.9980002641677856,0.9980002641677856,0.01148713193833828,5.700000110664405e-05,0.15515294671058655,1215000.0,-0.032830655574798584,-0.0004676617681980133,0.12032240629196167,0.03843182325363159,-0.029125168919563293,1.79497230052948,9732.6396484375,36.66170883178711,7.621769905090332,44.283477783203125,112.90892791748047
12.169807434082031,356.7799987792969,1000.0,243.0,-0.44871440529823303,0.02014986239373684,21.0,0.9977742433547974,0.9977742433547974,0.9977742433547974,0.011519186198711395,5.6000000768108293e-05,0.15462353825569153,1220000.0,-0.030563388019800186,0.002267267554998398,-0.0642797201871872,0.040682353079319,0.0022505298256874084,2.058379650115967,9773.5400390625,33.533164978027344,7.342902183532715,40.87606430053711,122.32096862792969
13.079689979553223,345.17999267578125,1000.0,244.0,-0.45503920316696167,0.020013192668557167,21.0,0.9941553473472595,0.9941553473472595,0.9941553473472595,0.010695927776396275,5.500000042957254e-05,0.15365052223205566,1225000.0,-0.027666088193655014,0.002897299826145172,-0.028458813205361366,0.044902119785547256,0.004219766706228256,1.8024375438690186,9812.0322265625,30.840303421020508,7.627110481262207,38.46741485595703,129.9801483154297
13.538891792297363,330.3800048828125,1000.0,245.0,-0.4606100916862488,0.020922601222991943,22.0,0.9962520003318787,0.9962520003318787,0.9962520003318787,0.011532200500369072,5.400000009103678e-05,0.15279433131217957,1230000.0,-0.02676282450556755,0.0009032636880874634,-0.049214642494916916,0.05940860137343407,0.01450648158788681,2.054814577102661,9851.6376953125,31.91362762451172,7.666290283203125,39.579917907714844,126.32669067382812
13.764094352722168,330.1600036621094,1000.0,246.0,-0.4653550982475281,0.020539963617920876,27.0,1.0078425407409668,1.0078425407409668,1.0078425407409668,0.010950110852718353,5.2999999752501026e-05,0.15206412971019745,1235000.0,-0.030247535556554794,-0.0034847110509872437,-0.005857577081769705,0.03822466358542442,-0.021183937788009644,1.9148502349853516,9893.7744140625,32.8244514465332,9.287345886230469,42.11180114746094,118.7315673828125
14.234631538391113,309.1600036621094,1000.0,247.0,-0.4710513949394226,0.020207442343235016,21.0,0.9983542561531067,0.9983542561531067,0.9983542561531067,0.009622111916542053,5.199999941396527e-05,0.1511927992105484,1240000.0,-0.027845779433846474,0.0024017561227083206,-0.1487247794866562,0.0464276485145092,0.008202984929084778,1.7541433572769165,9936.8515625,35.76261520385742,7.2897114753723145,43.05232620239258,116.13774108886719
14.497079849243164,312.44000244140625,1000.0,248.0,-0.4755990207195282,0.020594283938407898,24.0,1.000550389289856,1.000550389289856,1.000550389289856,0.010743185877799988,5.0999999075429514e-05,0.1505102664232254,1245000.0,-0.03196055069565773,-0.004114771261811256,-0.08988187462091446,0.04000043123960495,-0.006427217274904251,1.9248908758163452,9981.80859375,36.6489143371582,8.28258228302002,44.931495666503906,111.28050994873047
14.279083251953125,326.760009765625,1000.0,249.0,-0.48382827639579773,0.02089906856417656,30.0,1.006217122077942,1.006217122077942,1.006217122077942,0.010716002434492111,4.999999873689376e-05,0.14927276968955994,1250000.0,-0.03670736774802208,-0.004746817052364349,-0.058529697358608246,0.02712094597518444,-0.01287948526442051,1.7300279140472412,10029.1640625,37.10850524902344,10.221986770629883,47.33049392700195,105.64013671875
15.002819061279297,305.0799865722656,1000.0,250.0,-0.4913042187690735,0.02026962861418724,16.0,0.9997549057006836,0.9997549057006836,0.9997549057006836,0.010312016122043133,4.8999998398358e-05,0.14815957844257355,1255000.0,-0.023590972647070885,0.013116395100951195,0.0015405662124976516,0.050496429204940796,0.023375483229756355,1.747681975364685,10072.568359375,37.71003723144531,5.672192573547363,43.38222885131836,115.25456237792969
14.019976615905762,319.260009765625,1000.0,251.0,-0.4959565997123718,0.020017122849822044,25.0,0.9944018125534058,0.9944018125534058,0.9944018125534058,0.010756837204098701,4.8000001697801054e-05,0.14747214317321777,1260000.0,-0.03322629630565643,-0.009635323658585548,0.023379234597086906,0.03137350454926491,-0.019122924655675888,1.7459611892700195,10118.4140625,37.010948181152344,8.81545639038086,45.8264045715332,109.10740661621094
14.600006103515625,313.3800048828125,1000.0,252.0,-0.4990937411785126,0.02005882002413273,26.0,0.9937544465065002,0.9937544465065002,0.9937544465065002,0.010780875571072102,4.70000013592653e-05,0.14700569212436676,1265000.0,-0.03210025653243065,0.0011260397732257843,-0.15645341575145721,0.04635123163461685,0.014977727085351944,1.964207410812378,10162.515625,34.722389221191406,9.358591079711914,44.08098220825195,113.42760467529297
14.402164459228516,315.239990234375,1000.0,253.0,-0.5037086606025696,0.02035410702228546,25.0,0.995123028755188,0.995123028755188,0.995123028755188,0.010897052474319935,4.600000102072954e-05,0.14633481204509735,1270000.0,-0.03349219262599945,-0.0013919360935688019,-0.05828043445944786,0.03284101560711861,-0.013510216027498245,1.8294577598571777,10206.4306640625,34.862884521484375,9.026910781860352,43.889793395996094,113.92169952392578
14.06054973602295,322.29998779296875,1000.0,254.0,-0.5120050311088562,0.020003434270620346,29.0,1.0018956661224365,1.0018956661224365,1.0018956661224365,0.01046004705131054,4.5000000682193786e-05,0.14511899650096893,1275000.0,-0.031095853075385094,0.002396339550614357,0.10878606885671616,0.028505992144346237,-0.004335023462772369,1.9027302265167236,10246.4287109375,29.773710250854492,10.199707984924316,39.973419189453125,125.08312225341797
13.464451789855957,344.44000244140625,1000.0,255.0,-0.5206640958786011,0.02042558044195175,37.0,1.00652015209198,1.00652015209198,1.00652015209198,0.010367458686232567,4.400000034365803e-05,0.14386418461799622,1280000.0,-0.033838193863630295,-0.002742340788245201,0.11753560602664948,0.018075555562973022,-0.010430436581373215,1.8690375089645386,10293.939453125,34.268104553222656,13.217872619628906,47.48597717285156,105.29424285888672
13.280586242675781,342.4200134277344,1000.0,256.0,-0.5286243557929993,0.021077945828437805,22.0,0.9978941082954407,0.9978941082954407,0.9978941082954407,0.01126077864319086,4.3000000005122274e-05,0.1427243947982788,1285000.0,-0.029845433309674263,0.003992760553956032,0.05388714745640755,0.026054946705698967,0.007979391142725945,1.8032960891723633,10335.19140625,33.56101989746094,7.665337562561035,41.226356506347656,121.2816390991211
14.1851167678833,340.32000732421875,1000.0,257.0,-0.5321547389030457,0.020148813724517822,32.0,0.9919411540031433,0.9919411540031433,0.9919411540031433,0.0109546585008502,4.199999966658652e-05,0.14222295582294464,1290000.0,-0.03306208923459053,-0.0032166559249162674,-0.03855837136507034,0.09843238443136215,0.07237743772566319,1.8591376543045044,10380.720703125,34.502506256103516,11.003459930419922,45.50596618652344,109.87570190429688
13.57178020477295,342.760009765625,1000.0,258.0,-0.5389907360076904,0.022278212010860443,27.0,0.9998310208320618,0.9998310208320618,0.9998310208320618,0.010533156804740429,4.099999932805076e-05,0.14125335216522217,1295000.0,-0.03370609134435654,-0.0006440021097660065,-0.13704611361026764,0.03189731761813164,-0.06653506681323051,1.5272326469421387,10427.6181640625,37.66630935668945,9.208402633666992,46.87471008300781,106.66732788085938
14.259194374084473,313.8399963378906,1000.0,259.0,-0.5469223260879517,0.020763367414474487,23.0,0.9930684566497803,0.9930684566497803,0.9930684566497803,0.010164199396967888,3.9999998989515007e-05,0.1401406228542328,1300000.0,-0.030105501413345337,0.0036005899310112,-0.13779449462890625,0.05167579650878906,0.019778478890657425,1.717993140220642,10472.361328125,36.770687103271484,7.946859836578369,44.71754455566406,111.81293487548828
14.105587005615234,313.29998779296875,1000.0,260.0,-0.5554558634757996,0.020481722429394722,31.0,1.0000087022781372,1.0000087022781372,1.0000087022781372,0.009978368878364563,3.899999865097925e-05,0.138963520526886,1305000.0,-0.036184050142765045,-0.006078548729419708,-0.023183191195130348,0.03820927068591118,-0.013466525822877884,1.7661314010620117,10511.9453125,29.913188934326172,9.644109725952148,39.55729675292969,126.39892578125
14.081482887268066,323.1600036621094,1000.0,261.0,-0.5668715834617615,0.02113078348338604,36.0,0.9998689293861389,0.9998689293861389,0.9998689293861389,0.009969321079552174,3.7999998312443495e-05,0.13739636540412903,1310000.0,-0.035148750990629196,0.001035299152135849,-0.12933647632598877,0.024225272238254547,-0.013983998447656631,1.7142860889434814,10560.0654296875,35.95823287963867,12.14119815826416,48.09943389892578,103.95133209228516
13.880807876586914,323.739990234375,1000.0,262.0,-0.5741083025932312,0.02072865515947342,28.0,0.9938991069793701,0.9938991069793701,0.9938991069793701,0.010675077326595783,3.7000001611886546e-05,0.13640348613262177,1315000.0,-0.028664929792284966,0.006483821198344231,-0.041014011949300766,0.041691116988658905,0.017465844750404358,1.8408793210983276,10605.767578125,35.97404861450195,9.703699111938477,45.6777458190918,109.46249389648438
13.934988021850586,330.260009765625,1000.0,263.0,-0.5816254615783691,0.020787961781024933,39.0,0.9980734586715698,0.9980734586715698,0.9980734586715698,0.010933217592537403,3.600000127335079e-05,0.13538521528244019,1320000.0,-0.03826228529214859,-0.009597355499863625,-0.09243500977754593,0.02307816967368126,-0.018612947314977646,1.8627605438232422,10656.75390625,37.586769104003906,13.37467098236084,50.9614372253418,98.11339569091797
13.904109001159668,327.6000061035156,1000.0,264.0,-0.5941382050514221,0.02035657875239849,40.0,1.0028347969055176,1.0028347969055176,1.0028347969055176,0.010926089249551296,3.5000000934815034e-05,0.1337045431137085,1325000.0,-0.039429210126399994,-0.0011669248342514038,-0.03303643688559532,0.024886038154363632,0.001807868480682373,1.6832078695297241,10707.904296875,37.12443161010742,13.999149322509766,51.12358093261719,97.8022232055664
14.783980369567871,307.2799987792969,1000.0,265.0,-0.6035858392715454,0.0202596765011549,28.0,1.0019450187683105,1.0019450187683105,1.0019450187683105,0.010924827307462692,3.400000059627928e-05,0.13245344161987305,1330000.0,-0.03092503547668457,0.008504174649715424,-0.12799514830112457,0.044906675815582275,0.020020637661218643,1.8808248043060303,10755.19140625,37.57547378540039,9.686905860900879,47.26237869262695,105.79238891601562
15.101300239562988,295.739990234375,1000.0,266.0,-0.6066522002220154,0.020177481696009636,33.0,0.9932299256324768,0.9932299256324768,0.9932299256324768,0.010962986387312412,3.300000025774352e-05,0.13205726444721222,1335000.0,-0.03216272592544556,-0.0012376904487609863,-0.07721072435379028,0.0335957370698452,-0.011310938745737076,1.7208677530288696,10804.1279296875,37.51969909667969,11.386964797973633,48.90666198730469,102.23555755615234
14.264352798461914,302.32000732421875,1000.0,267.0,-0.6103176474571228,0.02057553641498089,36.0,1.0013083219528198,1.0013083219528198,1.0013083219528198,0.010409586131572723,3.199999991920777e-05,0.13156649470329285,1340000.0,-0.03459228202700615,-0.0024295561015605927,-0.05459430441260338,0.02769516222178936,-0.0059005748480558395,2.022239923477173,10848.91015625,32.19057083129883,12.567228317260742,44.7578010559082,111.71237182617188
14.709663391113281,296.0799865722656,1000.0,268.0,-0.6187417507171631,0.0185762457549572,40.0,1.0012273788452148,1.0012273788452148,1.0012273788452148,0.009950144216418266,3.099999958067201e-05,0.13044822216033936,1345000.0,-0.03422049060463905,0.00037179142236709595,0.03861726447939873,0.03229397162795067,0.004598809406161308,1.7440937757492065,10899.408203125,36.56332778930664,13.909402847290039,50.47272872924805,99.06339263916016
13.926431655883789,314.67999267578125,1000.0,269.0,-0.629387617111206,0.017807766795158386,40.0,1.0058406591415405,1.0058406591415405,1.0058406591415405,0.010394022800028324,2.9999999242136255e-05,0.12906809151172638,1350000.0,-0.030850984156131744,0.003369506448507309,-0.0009576380252838135,0.0213717482984066,-0.010922223329544067,1.8659271001815796,10951.0087890625,37.49394226074219,14.082145690917969,51.576087951660156,96.94414520263672
13.64316177368164,320.67999267578125,1000.0,270.0,-0.6411132216453552,0.01779140904545784,40.0,0.9987367391586304,0.9987367391586304,0.9987367391586304,0.009859081357717514,2.9000000722589903e-05,0.12757986783981323,1355000.0,-0.027475861832499504,0.0033751223236322403,0.0403127484023571,0.031159603968262672,0.009787855669856071,1.7055695056915283,11001.7275390625,36.75441360473633,13.938936233520508,50.6933479309082,98.63227081298828
13.409001350402832,308.5199890136719,1000.0,271.0,-0.6507632732391357,0.02020321600139141,38.0,1.0002061128616333,1.0002061128616333,1.0002061128616333,0.010118115693330765,2.8000000384054147e-05,0.12637737393379211,1360000.0,-0.03466493636369705,-0.007189074531197548,0.07315658032894135,0.022297268733382225,-0.008862335234880447,1.7096859216690063,11052.2080078125,37.4604606628418,12.995689392089844,50.45615005493164,99.095947265625
12.660780906677246,316.260009765625,1000.0,272.0,-0.6586193442344666,0.02026260457932949,34.0,0.9989036321640015,0.9989036321640015,0.9989036321640015,0.009897048585116863,2.700000004551839e-05,0.1253976970911026,1365000.0,-0.033588994294404984,0.0010759420692920685,0.07439184188842773,0.021976256743073463,-0.0003210119903087616,1.7149935960769653,11100.822265625,36.6532096862793,11.936339378356934,48.58955001831055,102.90278625488281
12.375916481018066,324.0199890136719,1000.0,273.0,-0.665711522102356,0.01777051016688347,40.0,1.000319004058838,1.000319004058838,1.000319004058838,0.009934715926647186,2.5999999706982635e-05,0.12451620399951935,1370000.0,-0.03046596609055996,0.003123028203845024,-0.14385031163692474,0.02189544029533863,-8.081644773483276e-05,1.6939327716827393,11152.7236328125,38.008018493652344,13.86297607421875,51.87099838256836,96.39298248291016
12.466165542602539,318.5799865722656,1000.0,274.0,-0.6741722226142883,0.019455960020422935,40.0,0.9973899722099304,0.9973899722099304,0.9973899722099304,0.010658235289156437,2.499999936844688e-05,0.12346498668193817,1375000.0,-0.030565157532691956,-9.919144213199615e-05,0.03850707784295082,0.025469770655035973,0.003574330359697342,1.6524709463119507,11203.6015625,36.697975158691406,14.160834312438965,50.85880661010742,98.31138610839844
12.643357276916504,317.70001220703125,1000.0,275.0,-0.6797613501548767,0.01732061244547367,40.0,1.0003284215927124,1.0003284215927124,1.0003284215927124,0.009697552770376205,2.4000000848900527e-05,0.12277095019817352,1380000.0,-0.03048769012093544,7.74674117565155e-05,0.03491048514842987,0.04640357941389084,0.020933808758854866,2.1274359226226807,11252.0859375,34.44679641723633,14.01169490814209,48.458492279052734,103.18108367919922
12.632774353027344,321.4800109863281,1000.0,276.0,-0.6870753765106201,0.019299494102597237,40.0,0.9984563589096069,0.9984563589096069,0.9984563589096069,0.00934742484241724,2.300000051036477e-05,0.12188057601451874,1385000.0,-0.036101002246141434,-0.005613312125205994,0.0018378995591774583,0.03376227989792824,-0.0126412995159626,2.179431915283203,11300.3408203125,33.907100677490234,14.323590278625488,48.230690002441406,103.6684341430664
12.587645530700684,322.82000732421875,1000.0,277.0,-0.6964126825332642,0.01634618453681469,40.0,1.0010361671447754,1.0010361671447754,1.0010361671447754,0.00968479085713625,2.2000000171829015e-05,0.12074310332536697,1390000.0,-0.03329456225037575,0.002806439995765686,0.04697110503911972,0.027131924405694008,-0.00663035549223423,1.9612687826156616,11345.892578125,31.062156677246094,14.464652061462402,45.52680969238281,109.82540130615234
13.074285507202148,317.1400146484375,1000.0,278.0,-0.7044186592102051,0.016490088775753975,40.0,0.9963873028755188,0.9963873028755188,0.9963873028755188,0.009464423172175884,2.099999983329326e-05,0.11977041512727737,1395000.0,-0.02810218185186386,0.005192380398511887,-0.018649524077773094,0.03717879205942154,0.010046867653727531,1.9106091260910034,11388.9716796875,30.224685668945312,12.828872680664062,43.053558349609375,116.1344223022461
13.185102462768555,328.1000061035156,1000.0,279.0,-0.7105610370635986,0.01429841574281454,40.0,0.996310293674469,0.996310293674469,0.996310293674469,0.00895511731505394,1.9999999494757503e-05,0.11902596801519394,1400000.0,-0.02368597686290741,0.004416204988956451,-0.12687957286834717,0.030155295506119728,-0.007023496553301811,1.648099660873413,11433.5234375,30.323223114013672,14.203930854797363,44.52715301513672,112.29103088378906
13.395663261413574,325.55999755859375,1000.0,280.0,-0.7160764932632446,0.01803191751241684,40.0,0.9988353848457336,0.9988353848457336,0.9988353848457336,0.009925736114382744,1.8999999156221747e-05,0.11836741119623184,1405000.0,-0.033208802342414856,-0.009522825479507446,-0.15066881477832794,0.03137918561697006,0.0012238901108503342,2.019674301147461,11477.439453125,29.602802276611328,14.287805557250977,43.89060974121094,113.91958618164062
13.086084365844727,337.29998779296875,1000.0,281.0,-0.7220202088356018,0.013983804732561111,40.0,1.005294919013977,1.005294919013977,1.005294919013977,0.008956640027463436,1.8000000636675395e-05,0.11764976382255554,1410000.0,-0.02456706017255783,0.008641742169857025,-0.013860257342457771,0.02411753684282303,-0.007261648774147034,2.4284534454345703,11522.64453125,30.840301513671875,14.337159156799316,45.177459716796875,110.6746597290039
12.681249618530273,344.79998779296875,1000.0,282.0,-0.7272911071777344,0.014425459317862988,40.0,1.0034464597702026,1.0034464597702026,1.0034464597702026,0.008696841076016426,1.700000029813964e-05,0.11701958626508713,1415000.0,-0.026124877855181694,-0.0015578176826238632,0.01918679103255272,0.020783355459570885,-0.003334181383252144,2.133085250854492,11569.0888671875,32.0335693359375,14.385260581970215,46.41883087158203,107.71490478515625
12.95309829711914,335.1000061035156,1000.0,283.0,-0.7315188050270081,0.015330307185649872,40.0,1.000705599784851,1.000705599784851,1.000705599784851,0.00894605740904808,1.5999999959603883e-05,0.11652578413486481,1420000.0,-0.02914285473525524,-0.0030179768800735474,0.06582599878311157,0.024266846477985382,0.0034834910184144974,2.0766918659210205,11614.787109375,31.56667709350586,14.101987838745117,45.66866683959961,109.48426055908203
12.682756423950195,343.739990234375,1000.0,284.0,-0.7352409362792969,0.013363818638026714,40.0,1.0002964735031128,1.0002964735031128,1.0002964735031128,0.00938655249774456,1.4999999621068127e-05,0.11609374731779099,1425000.0,-0.02516825497150421,0.00397459976375103,-0.05579999461770058,0.021989770233631134,-0.002277076244354248,1.6824058294296265,11663.6025390625,34.77817916870117,14.012187957763672,48.790367126464844,102.479248046875
12.282676696777344,351.5799865722656,1000.0,285.0,-0.7396538257598877,0.013517779298126698,40.0,0.9984754323959351,0.9984754323959351,0.9984754323959351,0.008697791025042534,1.4000000192027073e-05,0.11558681726455688,1430000.0,-0.026316558942198753,-0.001148303970694542,-0.058597587049007416,0.03162558749318123,0.009635817259550095,1.8313422203063965,11711.615234375,34.18462371826172,13.802356719970703,47.98698425292969,104.1949234008789
12.7871732711792,349.2799987792969,1000.0,286.0,-0.7437074184417725,0.013907826505601406,40.0,0.9976986050605774,0.9976986050605774,0.9976986050605774,0.008717122487723827,1.2999999853491317e-05,0.11511912941932678,1435000.0,-0.02584574744105339,0.00047081150114536285,0.06886624544858932,0.04015457257628441,0.00852898508310318,1.974617600440979,11763.23046875,37.74799346923828,13.843067169189453,51.591060638427734,96.916015625
12.318866729736328,351.4800109863281,1000.0,287.0,-0.7462099194526672,0.011302466504275799,40.0,1.0011601448059082,1.0011601448059082,1.0011601448059082,0.008276866748929024,1.2000000424450263e-05,0.11482902616262436,1440000.0,-0.02326521836221218,0.0025805290788412094,-0.005760542582720518,0.02159140259027481,-0.018563169986009598,1.488380789756775,11814.072265625,36.84368133544922,13.97229290008545,50.815975189208984,98.39424896240234
11.738463401794434,355.0,1000.0,288.0,-0.7491272687911987,0.011798501946032047,40.0,1.000897765159607,1.000897765159607,1.000897765159607,0.007982438430190086,1.1000000085914508e-05,0.11449377983808517,1445000.0,-0.021031703799962997,0.0022335145622491837,-0.0503246895968914,0.029437024146318436,0.007845621556043625,1.860640048980713,11864.642578125,36.83892059326172,13.704486846923828,50.54340744018555,98.92487335205078
12.193824768066406,338.9200134277344,1000.0,289.0,-0.7523716688156128,0.012007816694676876,40.0,1.0030035972595215,1.0030035972595215,1.0030035972595215,0.008440213277935982,9.999999747378752e-06,0.1141233816742897,1450000.0,-0.02161315828561783,-0.0005814544856548309,0.07416242361068726,0.03422989323735237,0.0047928690910339355,2.0942254066467285,11915.6669921875,36.914398193359375,14.086073875427246,51.00047302246094,98.0383071899414
12.252676963806152,337.8999938964844,1000.0,290.0,-0.755067765712738,0.011039760895073414,40.0,1.0002080202102661,1.0002080202102661,1.0002080202102661,0.007823548279702663,9.000000318337698e-06,0.11381456255912781,1455000.0,-0.02337036095559597,-0.0017572026699781418,-0.006127013824880123,0.025033343583345413,-0.009196549654006958,1.7671232223510742,11967.4501953125,37.76079177856445,13.99966812133789,51.760459899902344,96.59883117675781
12.49117660522461,335.5199890136719,1000.0,291.0,-0.7570866942405701,0.011930642649531364,40.0,1.0007102489471436,1.0007102489471436,1.0007102489471436,0.008198646828532219,7.999999979801942e-06,0.1135815680027008,1460000.0,-0.0210792925208807,0.002291068434715271,-0.024754347279667854,0.021603237837553024,-0.003430105745792389,1.809079647064209,12018.751953125,37.48268508911133,13.792577743530273,51.27526092529297,97.51290893554688
13.303025245666504,323.6000061035156,1000.0,292.0,-0.7593350410461426,0.009954873472452164,40.0,0.9957194328308105,0.9957194328308105,0.9957194328308105,0.007577821612358093,7.000000096013537e-06,0.11332651972770691,1465000.0,-0.020479127764701843,0.0006001647561788559,-0.13163769245147705,0.03439196199178696,0.012788724154233932,1.8687046766281128,12069.373046875,36.651458740234375,13.944731712341309,50.59619140625,98.82167053222656
12.938986778259277,329.5199890136719,1000.0,293.0,-0.7610080242156982,0.009669081307947636,40.0,0.9986473917961121,0.9986473917961121,0.9986473917961121,0.0074630677700042725,6.000000212225132e-06,0.11313438415527344,1470000.0,-0.015617793425917625,0.004861334338784218,-0.046669214963912964,0.02928706258535385,-0.0051048994064331055,1.800415277481079,12120.2783203125,37.142940521240234,13.737419128417969,50.8803596496582,98.26974487304688
13.309499740600586,324.32000732421875,1000.0,294.0,-0.7623683214187622,0.00954048428684473,40.0,0.9990799427032471,0.9990799427032471,0.9990799427032471,0.007827941328287125,4.999999873689376e-06,0.11297841370105743,1475000.0,-0.0193183533847332,-0.0037005599588155746,0.00784637313336134,0.036925677210092545,0.007638614624738693,1.9537488222122192,12170.7900390625,36.62405014038086,13.867830276489258,50.49188232421875,99.02581787109375
12.748443603515625,326.0,1000.0,295.0,-0.7638058662414551,0.0066975438967347145,40.0,1.0013998746871948,1.0013998746871948,1.0013998746871948,0.006658928003162146,3.999999989900971e-06,0.11282024532556534,1480000.0,-0.012105384841561317,0.007212968543171883,-0.015236455015838146,0.02252349629998207,-0.014402180910110474,1.8295279741287231,12221.703125,36.93672561645508,13.950825691223145,50.88755416870117,98.25585174560547
12.195575714111328,335.67999267578125,1000.0,296.0,-0.7649969458580017,0.007535708602517843,40.0,0.9997038245201111,0.9997038245201111,0.9997038245201111,0.006742868106812239,3.000000106112566e-06,0.11268986016511917,1485000.0,-0.01356430258601904,-0.0014589177444577217,-0.12449414283037186,0.027528934180736542,0.005005437880754471,1.7846914529800415,12271.9423828125,36.41709899902344,13.796161651611328,50.213260650634766,99.57528686523438
13.000554084777832,335.7799987792969,1000.0,297.0,-0.7655102014541626,0.00833456963300705,40.0,1.0010486841201782,1.0010486841201782,1.0010486841201782,0.007458654697984457,1.9999999949504854e-06,0.112632617354393,1490000.0,-0.011737754568457603,0.0018265480175614357,0.06580664217472076,0.022489912807941437,-0.005039021372795105,1.8542580604553223,12324.203125,38.15716552734375,14.078194618225098,52.23535919189453,95.7206039428711
14.036382675170898,333.32000732421875,1000.0,298.0,-0.765739917755127,0.006988972425460815,40.0,0.9978817701339722,0.9978817701339722,0.9978817701339722,0.005766232963651419,9.999999974752427e-07,0.11260679364204407,1495000.0,-0.007303751539438963,0.0044340030290186405,-0.038233667612075806,0.04772251099348068,0.025232598185539246,1.9837908744812012,12375.6689453125,37.55217361450195,13.89209270477295,51.44426727294922,97.19256591796875
14.212284088134766,321.32000732421875,1000.0,299.0,-0.7659122943878174,0.005787288770079613,40.0,1.0004887580871582,1.0004887580871582,1.0004887580871582,0.005613227840512991,0.0,0.11258744448423386,1500000.0,-0.00374071067199111,0.003563040867447853,-0.060403164476156235,0.039184678345918655,-0.008537832647562027,2.1441893577575684,12426.69921875,36.93962097167969,14.065288543701172,51.00490951538086,98.02977752685547
