Metrics/EpRet,Metrics/EpCost,Metrics/EpLen,Train/Epoch,Train/Entropy,Train/KL,Train/StopIter,Train/PolicyRatio,Train/PolicyRatio/Min,Train/PolicyRatio/Max,Train/PolicyRatio/Std,Train/LR,Train/PolicyStd,TotalEnvSteps,Loss/Loss_pi,Loss/Loss_pi/Delta,Value/Adv,Loss/Loss_reward_critic,Loss/Loss_reward_critic/Delta,Value/reward,Loss/Loss_cost_critic,Loss/Loss_cost_critic/Delta,Value/cost,Time/Total,Time/Rollout,Time/Update,Time/Epoch,Time/FPS,Metrics/LagrangeMultiplier,Metrics/LagrangeMultiplier/Min,Metrics/LagrangeMultiplier/Max,Metrics/LagrangeMultiplier/Std
-0.5154434442520142,71.80000305175781,1000.0,0.0,1.4171878099441528,0.01627465896308422,40.0,0.9985084533691406,0.9985084533691406,0.9985084533691406,0.009700389578938484,0.000299000006634742,0.9982585906982422,5000.0,-0.03729197010397911,-0.03729197010397911,-0.0035399829503148794,0.015528920106589794,0.015528920106589794,-0.057654835283756256,4.14565896987915,4.14565896987915,-0.11060255020856857,51.60026168823242,34.215309143066406,17.384950637817383,51.60026168823242,96.89873504638672,0.035999998450279236,0.035999998450279236,0.035999998450279236,0.0
-0.17115190625190735,56.0,1000.0,1.0,1.3982560634613037,0.01741536520421505,40.0,0.9999245405197144,0.9999245405197144,0.9999245405197144,0.009784892201423645,0.00029799999902024865,0.97960364818573,10000.0,-0.03533189371228218,0.00196007639169693,-0.13629823923110962,0.0036410808097571135,-0.01188783929683268,-0.05414997413754463,1.928739070892334,-2.2169198989868164,1.2155615091323853,102.06629943847656,32.684810638427734,17.746183395385742,50.43099594116211,99.14537811279297,0.06993651390075684,0.06993651390075684,0.06993651390075684,0.0
-0.06415160000324249,67.19999694824219,1000.0,2.0,1.3830188512802124,0.015406106598675251,40.0,0.9961081147193909,0.9961081147193909,0.9961081147193909,0.010272056795656681,0.0002969999914057553,0.9648541808128357,15000.0,-0.03755725547671318,-0.0022253617644309998,0.0025256662629544735,0.0030957642011344433,-0.0005453166086226702,-0.0636092871427536,2.1864328384399414,0.2576937675476074,3.892801284790039,152.72805786132812,33.10004425048828,17.53169822692871,50.631744384765625,98.75228118896484,0.10434125363826752,0.10434125363826752,0.10434125363826752,0.0
0.1231854110956192,97.75,1000.0,3.0,1.3810080289840698,0.01595073565840721,40.0,0.9953564405441284,0.9953564405441284,0.9953564405441284,0.010250604711472988,0.00029600001289509237,0.9629669785499573,20000.0,-0.04825996980071068,-0.010702714323997498,0.009056315757334232,0.0026299655437469482,-0.00046579865738749504,-0.0370367169380188,3.4161527156829834,1.229719877243042,8.201568603515625,209.73146057128906,35.98334503173828,20.99001693725586,56.97336196899414,87.76031494140625,0.13854500651359558,0.13854500651359558,0.13854500651359558,0.0
0.19606904685497284,90.0,1000.0,4.0,1.3709841966629028,0.01528822910040617,40.0,0.9983749389648438,0.9983749389648438,0.9983749389648438,0.009614874608814716,0.000295000005280599,0.953369140625,25000.0,-0.034044891595840454,0.014215078204870224,0.0022763521410524845,0.0041084373369812965,0.0014784717932343483,-0.01357885729521513,1.7577569484710693,-1.658395767211914,8.892826080322266,274.2356872558594,43.70130157470703,20.76471519470215,64.46601867675781,77.56024169921875,0.17318785190582275,0.17318785190582275,0.17318785190582275,0.0
0.20466355979442596,96.03333282470703,1000.0,5.0,1.3570654392242432,0.021805699914693832,36.0,0.9966779351234436,0.9966779351234436,0.9966779351234436,0.010617103427648544,0.00029399999766610563,0.9403108358383179,30000.0,-0.05054648220539093,-0.016501590609550476,-0.06074143946170807,0.0016592363826930523,-0.0024492009542882442,-0.003359105670824647,2.4180407524108887,0.6602838039398193,5.121066570281982,334.1556701660156,41.559051513671875,18.324687957763672,59.88373947143555,83.49512481689453,0.2081899642944336,0.2081899642944336,0.2081899642944336,0.0
0.5885549187660217,107.94285583496094,1000.0,6.0,1.3468453884124756,0.020192662253975868,32.0,0.9964097142219543,0.9964097142219543,0.9964097142219543,0.01069948635995388,0.00029299999005161226,0.9306867718696594,35000.0,-0.06324175745248795,-0.012695275247097015,0.05537305399775505,0.011238561943173409,0.009579325560480356,0.0069597517140209675,2.7918028831481934,0.3737621307373047,5.517381191253662,394.8213195800781,44.119171142578125,16.51072120666504,60.62989044189453,82.46757507324219,0.24352163076400757,0.24352163076400757,0.24352163076400757,0.0
0.7150181531906128,112.9000015258789,1000.0,7.0,1.3365694284439087,0.020378844812512398,38.0,1.0004063844680786,1.0004063844680786,1.0004063844680786,0.009997659362852573,0.00029200001154094934,0.9211236834526062,40000.0,-0.06118503212928772,0.002056725323200226,-0.06461235135793686,0.005142892710864544,-0.006095669232308865,0.10017473995685577,2.7935612201690674,0.0017583370208740234,8.738876342773438,456.3609924316406,42.07539367675781,19.430091857910156,61.505489349365234,81.2935562133789,0.27917322516441345,0.27917322516441345,0.27917322516441345,0.0
0.7547281980514526,117.73332977294922,1000.0,8.0,1.3351370096206665,0.020001724362373352,31.0,0.9995744228363037,0.9995744228363037,0.9995744228363037,0.009982586838304996,0.000291000003926456,0.9196385741233826,45000.0,-0.057037994265556335,0.004147037863731384,0.07909826934337616,0.003677681554108858,-0.0014652111567556858,0.13831110298633575,3.2597789764404297,0.4662177562713623,15.173333168029785,514.7107543945312,42.282012939453125,16.029647827148438,58.31166076660156,85.74613952636719,0.3151340186595917,0.3151340186595917,0.3151340186595917,0.0
0.9438519477844238,115.55999755859375,1000.0,9.0,1.325515627861023,0.02058008313179016,28.0,0.9998068809509277,0.9998068809509277,0.9998068809509277,0.010036300867795944,0.0002899999963119626,0.9108248949050903,50000.0,-0.053000546991825104,0.004037447273731232,0.04839220643043518,0.008593512699007988,0.00491583114489913,0.14175575971603394,2.7148449420928955,-0.5449340343475342,11.001519203186035,574.6808471679688,45.5443115234375,14.389050483703613,59.9333610534668,83.42598724365234,0.35133665800094604,0.35133665800094604,0.35133665800094604,0.0
1.077706217765808,113.30000305175781,1000.0,10.0,1.316443920135498,0.02050219289958477,39.0,0.9967851638793945,0.9967851638793945,0.9967851638793945,0.010159552097320557,0.00028899998869746923,0.9025911688804626,55000.0,-0.055456407368183136,-0.0024558603763580322,0.06715112179517746,0.00860641710460186,1.290440559387207e-05,0.07704878598451614,1.4732937812805176,-1.241551160812378,11.631808280944824,636.8306274414062,42.245235443115234,19.866365432739258,62.11159896850586,80.50025939941406,0.3877022862434387,0.3877022862434387,0.3877022862434387,0.0
1.128440260887146,123.68000030517578,1000.0,11.0,1.3169991970062256,0.02042756974697113,24.0,1.002054214477539,1.002054214477539,1.002054214477539,0.011418505571782589,0.0002880000101868063,0.9030936360359192,60000.0,-0.05979065224528313,-0.004334244877099991,-0.031148266047239304,0.010646965354681015,0.002040548250079155,0.05592718347907066,2.980189085006714,1.5068953037261963,7.52931022644043,689.5850830078125,40.358421325683594,12.356246948242188,52.71466827392578,94.85026550292969,0.4243430495262146,0.4243430495262146,0.4243430495262146,0.0
1.3296765089035034,121.77999877929688,1000.0,12.0,1.315129280090332,0.020108386874198914,22.0,1.0021119117736816,1.0021119117736816,1.0021119117736816,0.010154785588383675,0.00028700000257231295,0.9014041423797607,65000.0,-0.04728866368532181,0.012501988559961319,0.07267332822084427,0.00753874471411109,-0.0031082206405699253,0.23315918445587158,2.16465163230896,-0.8155374526977539,11.151591300964355,741.135498046875,40.14656448364258,11.368693351745605,51.5152587890625,97.05862426757812,0.4611794650554657,0.4611794650554657,0.4611794650554657,0.0
1.4717057943344116,116.16000366210938,1000.0,13.0,1.3104645013809204,0.024330245330929756,15.0,1.00271737575531,1.00271737575531,1.00271737575531,0.010868066921830177,0.0002859999949578196,0.8972424268722534,70000.0,-0.053315818309783936,-0.006027154624462128,-0.05002892017364502,0.01302661094814539,0.0054878662340343,0.23539955914020538,3.365750551223755,1.201098918914795,10.22553539276123,786.1512451171875,37.18974304199219,7.794817924499512,44.984561920166016,111.14924621582031,0.4980740249156952,0.4980740249156952,0.4980740249156952,0.0
1.5647052526474,124.0199966430664,1000.0,14.0,1.3036704063415527,0.02281135320663452,15.0,0.9980035424232483,0.9980035424232483,0.9980035424232483,0.010455525480210781,0.0002849999873433262,0.8911705613136292,75000.0,-0.05035677179694176,0.0029590465128421783,-0.009209324605762959,0.006156329996883869,-0.00687028095126152,0.24225300550460815,4.23956298828125,0.8738124370574951,9.468340873718262,832.9216918945312,39.07009506225586,7.661075592041016,46.731170654296875,106.99496459960938,0.5351536273956299,0.5351536273956299,0.5351536273956299,0.0
2.017592668533325,123.41999816894531,1000.0,15.0,1.2979217767715454,0.02223544754087925,30.0,0.9965781569480896,0.9965781569480896,0.9965781569480896,0.010009084828197956,0.0002840000088326633,0.8861004710197449,80000.0,-0.06587330996990204,-0.015516538172960281,-0.10931723564863205,0.013427297584712505,0.007270967587828636,0.5715101957321167,2.1481823921203613,-2.0913805961608887,10.97107982635498,889.3770141601562,40.803070068359375,15.619165420532227,56.422237396240234,88.61754608154297,0.572369396686554,0.572369396686554,0.572369396686554,0.0
2.035691022872925,118.13999938964844,1000.0,16.0,1.2905125617980957,0.021625446155667305,34.0,1.002221941947937,1.002221941947937,1.002221941947937,0.010711812414228916,0.00028300000121816993,0.8795758485794067,85000.0,-0.07478057593107224,-0.008907265961170197,-0.014858193695545197,0.007582204416394234,-0.005845093168318272,0.3458020091056824,2.596174478530884,0.44799208641052246,15.087937355041504,948.6009521484375,41.690372467041016,17.500429153442383,59.190799713134766,84.47258758544922,0.6095873117446899,0.6095873117446899,0.6095873117446899,0.0
2.2142038345336914,118.73999786376953,1000.0,17.0,1.2738540172576904,0.02299710549414158,21.0,1.0037175416946411,1.0037175416946411,1.0037175416946411,0.011802375316619873,0.00028199999360367656,0.8650894165039062,90000.0,-0.07740218192338943,-0.0026216059923171997,-0.04069328308105469,0.009312446229159832,0.0017302418127655983,0.3727351427078247,3.518873929977417,0.9226994514465332,11.283707618713379,997.8753662109375,38.31407165527344,10.920071601867676,49.23414611816406,101.55553436279297,0.6468136310577393,0.6468136310577393,0.6468136310577393,0.0
2.493713140487671,119.26000213623047,1000.0,18.0,1.2687393426895142,0.020523466169834137,19.0,0.9995623230934143,0.9995623230934143,0.9995623230934143,0.011170735582709312,0.0002809999859891832,0.8607283234596252,95000.0,-0.07284818589687347,0.004553996026515961,-0.11039642989635468,0.013240644708275795,0.003928198479115963,0.3725806772708893,3.285109043121338,-0.2337648868560791,14.476491928100586,1047.341552734375,39.43584442138672,9.994256973266602,49.43010330200195,101.15293884277344,0.6840519905090332,0.6840519905090332,0.6840519905090332,0.0
2.5680458545684814,114.27999877929688,1000.0,19.0,1.2731324434280396,0.020331742241978645,39.0,0.9990102052688599,0.9990102052688599,0.9990102052688599,0.010072696954011917,0.0002800000074785203,0.8645041584968567,100000.0,-0.06599194556474686,0.006856240332126617,0.004881741479039192,0.009093701839447021,-0.0041469428688287735,0.325604647397995,1.214290976524353,-2.070818066596985,11.85743236541748,1104.0908203125,41.64969253540039,15.060855865478516,56.710548400878906,88.1670150756836,0.7211795449256897,0.7211795449256897,0.7211795449256897,0.0
2.8909995555877686,125.73999786376953,1000.0,20.0,1.2696971893310547,0.021998288109898567,18.0,1.0027415752410889,1.0027415752410889,1.0027415752410889,0.010093823075294495,0.0002789999998640269,0.8615997433662415,105000.0,-0.08135247975587845,-0.015360534191131592,0.0929831862449646,0.010672065429389477,0.0015783635899424553,0.3109520375728607,3.396789789199829,2.182498812675476,11.677909851074219,1143.12109375,31.23444938659668,7.765645980834961,39.00009536743164,128.20481872558594,0.7584676742553711,0.7584676742553711,0.7584676742553711,0.0
2.996464729309082,123.0199966430664,1000.0,21.0,1.267746090888977,0.020216243341565132,23.0,0.9972593784332275,0.9972593784332275,0.9972593784332275,0.010942180640995502,0.00027799999224953353,0.8599507212638855,110000.0,-0.06948132812976837,0.011871151626110077,0.0051508210599422455,0.007998079992830753,-0.0026739854365587234,0.24453020095825195,2.009711980819702,-1.387077808380127,10.981880187988281,1183.560302734375,30.299497604370117,10.109678268432617,40.409175872802734,123.7342758178711,0.7958247661590576,0.7958247661590576,0.7958247661590576,0.0
3.073958396911621,124.05999755859375,1000.0,22.0,1.2655080556869507,0.020652325823903084,25.0,0.998509407043457,0.998509407043457,0.998509407043457,0.010346800088882446,0.0002770000137388706,0.857905924320221,115000.0,-0.06497018784284592,0.004511140286922455,-0.21848930418491364,0.011097744107246399,0.0030996641144156456,0.193015918135643,1.921101689338684,-0.08861029148101807,11.88753890991211,1226.2352294921875,31.623727798461914,11.016105651855469,42.63983154296875,117.26124572753906,0.8332574963569641,0.8332574963569641,0.8332574963569641,0.0
3.3186943531036377,123.08000183105469,1000.0,23.0,1.2627568244934082,0.020578686147928238,18.0,1.0041065216064453,1.0041065216064453,1.0041065216064453,0.011323081329464912,0.00027600000612437725,0.8555028438568115,120000.0,-0.07546152174472809,-0.010491333901882172,0.03139461204409599,0.013005313463509083,0.0019075693562626839,0.33743512630462646,2.7746503353118896,0.8535486459732056,13.060077667236328,1269.3267822265625,35.17768859863281,7.8802056312561035,43.05789566040039,116.12272644042969,0.8707252740859985,0.8707252740859985,0.8707252740859985,0.0
3.5642926692962646,117.83999633789062,1000.0,24.0,1.249433994293213,0.021017931401729584,31.0,1.0022610425949097,1.0022610425949097,1.0022610425949097,0.010629956610500813,0.0002749999985098839,0.8441596031188965,125000.0,-0.07155018299818039,0.003911338746547699,-0.1632271707057953,0.016188958659768105,0.0031836451962590218,0.3975430428981781,1.4719263315200806,-1.302724003791809,10.809693336486816,1315.804931640625,33.12602996826172,13.319093704223633,46.445125579833984,107.6539306640625,0.9080893993377686,0.9080893993377686,0.9080893993377686,0.0
3.4175548553466797,133.4199981689453,1000.0,25.0,1.2372241020202637,0.020105840638279915,3.0,0.9980851411819458,0.9980851411819458,0.9980851411819458,0.011416122317314148,0.0002739999908953905,0.8339081406593323,130000.0,-0.017682386562228203,0.05386779643595219,0.10440551489591599,0.01875908114016056,0.002570122480392456,0.3503381311893463,14.734975814819336,13.263049483299255,11.559264183044434,1353.0009765625,35.900272369384766,1.260678768157959,37.160953521728516,134.54983520507812,0.9457260370254517,0.9457260370254517,0.9457260370254517,0.0
3.448030710220337,140.0399932861328,1000.0,26.0,1.2330191135406494,0.020107317715883255,2.0,1.0010627508163452,1.0010627508163452,1.0010627508163452,0.00899306870996952,0.0002730000123847276,0.8304044604301453,135000.0,-0.013984051533043385,0.0036983350291848183,0.05569329112768173,0.01657700724899769,-0.0021820738911628723,0.2818952202796936,15.784570693969727,1.0495948791503906,14.174840927124023,1387.2049560546875,33.40898895263672,0.764761209487915,34.17375183105469,146.31112670898438,0.9837310910224915,0.9837310910224915,0.9837310910224915,0.0
3.5468859672546387,141.67999267578125,1000.0,27.0,1.217982530593872,0.02029367908835411,16.0,1.0005815029144287,1.0005815029144287,1.0005815029144287,0.01093906257301569,0.00027200000477023423,0.8180270195007324,140000.0,-0.07677300274372101,-0.06278895121067762,-0.026761937886476517,0.015302537009119987,-0.0012744702398777008,0.4019407629966736,4.731039524078369,-11.053531169891357,11.724040985107422,1427.3397216796875,33.26531982421875,6.838428497314453,40.1037483215332,124.67662811279297,1.0220757722854614,1.0220757722854614,1.0220757722854614,0.0
3.6183550357818604,141.5,1000.0,28.0,1.2120838165283203,0.024066902697086334,16.0,1.000069499015808,1.000069499015808,1.000069499015808,0.01082527358084917,0.00027099999715574086,0.8132197260856628,145000.0,-0.08709870278835297,-0.010325700044631958,-0.0868149921298027,0.02729381062090397,0.011991273611783981,0.29224956035614014,4.117957592010498,-0.6130819320678711,15.407882690429688,1466.7906494140625,32.74044418334961,6.680377960205078,39.42082214355469,126.83651733398438,1.0606967210769653,1.0606967210769653,1.0606967210769653,0.0
3.6088144779205322,151.1199951171875,1000.0,29.0,1.2064188718795776,0.02002277411520481,21.0,1.0004932880401611,1.0004932880401611,1.0004932880401611,0.010043623857200146,0.0002699999895412475,0.8086705803871155,150000.0,-0.09359952807426453,-0.00650082528591156,-0.0941309779882431,0.00901427585631609,-0.01827953476458788,0.58524489402771,3.027045249938965,-1.0909123420715332,13.736710548400879,1511.1448974609375,35.17931365966797,9.144704818725586,44.32402038574219,112.80565643310547,1.0997445583343506,1.0997445583343506,1.0997445583343506,0.0
3.5297255516052246,149.89999389648438,1000.0,30.0,1.2073744535446167,0.023056436330080032,16.0,0.9995636940002441,0.9995636940002441,0.9995636940002441,0.011399991810321808,0.0002690000110305846,0.8094640970230103,155000.0,-0.07743172347545624,0.01616780459880829,-0.09962833672761917,0.011576750315725803,0.0025624744594097137,0.33502987027168274,3.088773012161255,0.06172776222229004,12.349014282226562,1551.0147705078125,32.929927825927734,6.909720420837402,39.83964920043945,125.50311279296875,1.1391195058822632,1.1391195058822632,1.1391195058822632,0.0
3.6378488540649414,153.94000244140625,1000.0,31.0,1.2106034755706787,0.021392658352851868,25.0,0.999802827835083,0.999802827835083,0.999802827835083,0.011053690686821938,0.0002680000034160912,0.8120753169059753,160000.0,-0.10926751047372818,-0.03183578699827194,-0.04658115282654762,0.012331844307482243,0.0007550939917564392,0.4450892508029938,2.802733898162842,-0.2860391139984131,15.461297035217285,1596.447265625,34.615211486816406,10.792289733886719,45.407501220703125,110.11396026611328,1.1788445711135864,1.1788445711135864,1.1788445711135864,0.0
3.7954463958740234,162.97999572753906,1000.0,32.0,1.211861491203308,0.02322322130203247,19.0,0.998939037322998,0.998939037322998,0.998939037322998,0.010850813239812851,0.00026699999580159783,0.8130435347557068,165000.0,-0.10752250999212265,0.0017450004816055298,-0.05599012225866318,0.017311466857790947,0.004979622550308704,0.4594704508781433,3.524402379989624,0.7216684818267822,14.857281684875488,1637.4046630859375,32.812713623046875,8.114503860473633,40.92721939086914,122.1680908203125,1.2190340757369995,1.2190340757369995,1.2190340757369995,0.0
3.4513022899627686,158.3800048828125,1000.0,33.0,1.2079625129699707,0.02125932089984417,34.0,1.004294514656067,1.004294514656067,1.004294514656067,0.010673614218831062,0.00026599998818710446,0.8098431825637817,170000.0,-0.07960554212331772,0.02791696786880493,0.040327731519937515,0.008464062586426735,-0.008847404271364212,0.12303716689348221,2.0314178466796875,-1.4929845333099365,12.665810585021973,1684.224853515625,32.209503173828125,14.580562591552734,46.79006576538086,106.86029052734375,1.259514331817627,1.259514331817627,1.259514331817627,0.0
3.5986502170562744,170.16000366210938,1000.0,34.0,1.2029286623001099,0.020670393481850624,3.0,0.9994605779647827,0.9994605779647827,0.9994605779647827,0.008236418478190899,0.00026500000967644155,0.805779218673706,175000.0,-0.023031823337078094,0.056573718786239624,0.01647902838885784,0.024370666593313217,0.015906604006886482,0.584027111530304,10.708834648132324,8.677416801452637,14.604022979736328,1720.28466796875,34.76991271972656,1.2598555088043213,36.02976989746094,138.7741241455078,1.3004573583602905,1.3004573583602905,1.3004573583602905,0.0
3.630080223083496,159.02000427246094,1000.0,35.0,1.1965049505233765,0.02378096990287304,17.0,1.0062830448150635,1.0062830448150635,1.0062830448150635,0.011529513634741306,0.0002640000020619482,0.8006066083908081,180000.0,-0.09869213402271271,-0.07566031068563461,-0.11836331337690353,0.015263005159795284,-0.009107661433517933,0.6082886457443237,3.622532367706299,-7.086302280426025,15.944915771484375,1761.46484375,33.83027267456055,7.324817180633545,41.15509033203125,121.49165344238281,1.3415606021881104,1.3415606021881104,1.3415606021881104,0.0
3.6318511962890625,156.13999938964844,1000.0,36.0,1.185851812362671,0.02151111699640751,6.0,0.9976155161857605,0.9976155161857605,0.9976155161857605,0.00975922029465437,0.0002629999944474548,0.7920967936515808,185000.0,-0.052332378923892975,0.04635975509881973,-0.0989711582660675,0.014944092370569706,-0.0003189127892255783,0.49864688515663147,7.518154621124268,3.8956222534179688,15.14667797088623,1797.4205322265625,33.51448440551758,2.4064857959747314,35.92096710205078,139.1944580078125,1.3827266693115234,1.3827266693115234,1.3827266693115234,0.0
3.755495071411133,155.6999969482422,1000.0,37.0,1.1810803413391113,0.021990835666656494,10.0,1.002981185913086,1.002981185913086,1.002981185913086,0.009769049473106861,0.00026199998683296144,0.7883325219154358,190000.0,-0.07211136072874069,-0.019778981804847717,-0.03233737871050835,0.019145894795656204,0.004201802425086498,0.7179781198501587,5.302038669586182,-2.216115951538086,14.821937561035156,1837.757568359375,35.70260238647461,4.604154109954834,40.30675506591797,124.0486831665039,1.4239224195480347,1.4239224195480347,1.4239224195480347,0.0
3.6623644828796387,160.9600067138672,1000.0,38.0,1.1783778667449951,0.02595076523721218,2.0,0.9975987672805786,0.9975987672805786,0.9975987672805786,0.008758745156228542,0.0002610000083222985,0.7862143516540527,195000.0,-0.0024256631731987,0.06968569755554199,-0.024239229038357735,0.01690984144806862,-0.0022360533475875854,0.6356669664382935,16.078369140625,10.776330471038818,14.929694175720215,1873.3443603515625,34.78016662597656,0.7744789123535156,35.55464553833008,140.62860107421875,1.4652389287948608,1.4652389287948608,1.4652389287948608,0.0
3.635601758956909,162.17999267578125,1000.0,39.0,1.1799838542938232,0.020652377977967262,22.0,0.9987529516220093,0.9987529516220093,0.9987529516220093,0.010135134682059288,0.00026000000070780516,0.7875221967697144,200000.0,-0.11155863106250763,-0.10913296788930893,-0.020601877942681313,0.009271129034459591,-0.007638712413609028,0.409493625164032,3.3326478004455566,-12.745721340179443,14.087058067321777,1915.2783203125,32.69520950317383,9.208666801452637,41.90387725830078,119.3207015991211,1.5066694021224976,1.5066694021224976,1.5066694021224976,0.0
3.7206151485443115,156.82000732421875,1000.0,40.0,1.1744204759597778,0.020215576514601707,29.0,1.0021806955337524,1.0021806955337524,1.0021806955337524,0.01070905476808548,0.0002589999930933118,0.7831559181213379,205000.0,-0.10564440488815308,0.005914226174354553,0.013099996373057365,0.026484623551368713,0.017213494516909122,0.36702078580856323,2.3684844970703125,-0.9641633033752441,12.850762367248535,1960.0462646484375,32.32218551635742,12.413629531860352,44.73581314086914,111.76727294921875,1.5480692386627197,1.5480692386627197,1.5480692386627197,0.0
3.7706546783447266,159.47999572753906,1000.0,41.0,1.1721367835998535,0.02144726924598217,15.0,0.9989143013954163,0.9989143013954163,0.9989143013954163,0.010746613144874573,0.0002579999854788184,0.7813286781311035,210000.0,-0.09108997881412506,0.014554426074028015,-0.16537967324256897,0.022305425256490707,-0.004179198294878006,0.4763793349266052,4.323108673095703,1.9546241760253906,12.960474014282227,1999.5106201171875,33.14616394042969,6.285253047943115,39.43141555786133,126.80244445800781,1.5894848108291626,1.5894848108291626,1.5894848108291626,0.0
3.6220924854278564,149.8000030517578,1000.0,42.0,1.1713913679122925,0.020022746175527573,18.0,1.0053051710128784,1.0053051710128784,1.0053051710128784,0.010817108675837517,0.0002570000069681555,0.7807320356369019,215000.0,-0.07705970108509064,0.014030277729034424,0.0042939395643770695,0.01577799767255783,-0.006527427583932877,0.3685075342655182,2.1796998977661133,-2.14340877532959,11.558594703674316,2040.1878662109375,32.947021484375,7.700108051300049,40.64712905883789,123.00991821289062,1.6306864023208618,1.6306864023208618,1.6306864023208618,0.0
3.7873384952545166,157.72000122070312,1000.0,43.0,1.1683170795440674,0.02034725807607174,8.0,1.0049655437469482,1.0049655437469482,1.0049655437469482,0.009911165572702885,0.00025599999935366213,0.7783525586128235,220000.0,-0.04537973552942276,0.03167996555566788,-0.0026912004686892033,0.020338427275419235,0.004560429602861404,0.5659858584403992,5.046027660369873,2.8663277626037598,12.28784465789795,2075.770263671875,32.179290771484375,3.370800256729126,35.55009078979492,140.64662170410156,1.6718642711639404,1.6718642711639404,1.6718642711639404,0.0
3.5321531295776367,152.0399932861328,1000.0,44.0,1.1631399393081665,0.020268268883228302,18.0,1.0025569200515747,1.0025569200515747,1.0025569200515747,0.010680481791496277,0.00025499999173916876,0.7743405103683472,225000.0,-0.09517621994018555,-0.04979648441076279,-0.09192469716072083,0.015348298475146294,-0.004990128800272942,0.2820744216442108,4.189818859100342,-0.8562088012695312,11.808233261108398,2116.654541015625,33.036685943603516,7.817553520202637,40.8542366027832,122.38632202148438,1.7128809690475464,1.7128809690475464,1.7128809690475464,0.0
3.5425546169281006,141.66000366210938,1000.0,45.0,1.1525068283081055,0.020180560648441315,23.0,1.0003271102905273,1.0003271102905273,1.0003271102905273,0.010143118910491467,0.00025400001322850585,0.7661437392234802,230000.0,-0.08849339932203293,0.006682820618152618,0.08609074354171753,0.016131481155753136,0.000783182680606842,0.5261294841766357,1.7398197650909424,-2.4499990940093994,13.343235969543457,2160.599609375,33.905479431152344,10.00999641418457,43.91547775268555,113.85507202148438,1.7535035610198975,1.7535035610198975,1.7535035610198975,0.0
3.5152149200439453,139.13999938964844,1000.0,46.0,1.1431108713150024,0.02106565609574318,8.0,0.9962660670280457,0.9962660670280457,0.9962660670280457,0.012355134822428226,0.0002530000056140125,0.7589613795280457,235000.0,-0.06497779488563538,0.023515604436397552,0.098645880818367,0.01638530194759369,0.0002538207918405533,0.4574684500694275,5.815751075744629,4.0759313106536865,13.967382431030273,2196.442626953125,31.79657745361328,4.011321067810059,35.807899475097656,139.63400268554688,1.7937086820602417,1.7937086820602417,1.7937086820602417,0.0
3.277566432952881,141.1999969482422,1000.0,47.0,1.1388790607452393,0.02234014868736267,12.0,0.997982382774353,0.997982382774353,0.997982382774353,0.01136221457272768,0.0002519999979995191,0.7557525634765625,240000.0,-0.09207870811223984,-0.02710091322660446,0.2201402336359024,0.015121919102966785,-0.0012633828446269035,0.5161560773849487,4.647639751434326,-1.1681113243103027,12.465597152709961,2235.67578125,33.9157600402832,5.2855448722839355,39.20130157470703,127.54678344726562,1.83358633518219,1.83358633518219,1.83358633518219,0.0
3.0681095123291016,131.9600067138672,1000.0,48.0,1.1361634731292725,0.020143408328294754,8.0,1.0013225078582764,1.0013225078582764,1.0013225078582764,0.009764890186488628,0.00025099999038502574,0.7536952495574951,245000.0,-0.052144408226013184,0.039934299886226654,0.12279707938432693,0.007514496333897114,-0.007607422769069672,0.48141783475875854,4.826486587524414,0.1788468360900879,14.331456184387207,2270.334716796875,31.12322998046875,3.5055294036865234,34.62875747680664,144.38865661621094,1.872939109802246,1.872939109802246,1.872939109802246,0.0
2.8825762271881104,129.75999450683594,1000.0,49.0,1.137026309967041,0.021824249997735023,17.0,1.0001696348190308,1.0001696348190308,1.0001696348190308,0.009834240190684795,0.0002500000118743628,0.7543447017669678,250000.0,-0.07894410938024521,-0.026799701154232025,-0.06535602360963821,0.012258351780474186,0.004743855446577072,0.35356858372688293,3.245378255844116,-1.5811083316802979,14.42817211151123,2310.45068359375,32.689476013183594,7.391490936279297,40.08096694946289,124.74748229980469,1.9117648601531982,1.9117648601531982,1.9117648601531982,0.0
2.6834731101989746,136.3000030517578,1000.0,50.0,1.1352633237838745,0.021740905940532684,17.0,1.003635048866272,1.003635048866272,1.003635048866272,0.01113247312605381,0.00024900000425986946,0.7530146837234497,255000.0,-0.12120568007230759,-0.04226157069206238,-0.10479193925857544,0.010327260941267014,-0.0019310908392071724,0.3526075482368469,5.062175273895264,1.8167970180511475,14.631562232971191,2350.724365234375,32.638587951660156,7.605029106140137,40.243614196777344,124.2433090209961,1.9502836465835571,1.9502836465835571,1.9502836465835571,0.0
2.8026254177093506,138.24000549316406,1000.0,51.0,1.1341477632522583,0.023516345769166946,17.0,0.9937354326248169,0.9937354326248169,0.9937354326248169,0.010879961773753166,0.0002479999966453761,0.7521733641624451,260000.0,-0.1331174522638321,-0.011911772191524506,-0.10305871814489365,0.020939849317073822,0.010612588375806808,0.5010464191436768,3.8370742797851562,-1.2251009941101074,15.573078155517578,2389.61572265625,31.481760025024414,7.379814147949219,38.861572265625,128.66180419921875,1.9885742664337158,1.9885742664337158,1.9885742664337158,0.0
2.822190284729004,145.66000366210938,1000.0,52.0,1.1370915174484253,0.02175617404282093,13.0,1.0011394023895264,1.0011394023895264,1.0011394023895264,0.013035384006798267,0.0002469999890308827,0.7543933391571045,265000.0,-0.11083504557609558,0.02228240668773651,0.02050056867301464,0.01284969411790371,-0.008090155199170113,0.4325181543827057,4.246923923492432,0.4098496437072754,13.985954284667969,2427.6376953125,32.27619171142578,5.712778091430664,37.98897171020508,131.6171417236328,2.026843547821045,2.026843547821045,2.026843547821045,0.0
2.7945544719696045,136.97999572753906,1000.0,53.0,1.1405872106552124,0.0201775673776865,27.0,0.9984608888626099,0.9984608888626099,0.9984608888626099,0.00975472666323185,0.0002460000105202198,0.7570555806159973,270000.0,-0.09207459539175034,0.018760450184345245,-0.12337412685155869,0.008723982609808445,-0.0041257115080952644,0.5716328620910645,1.9333516359329224,-2.3135722875595093,13.91427230834961,2472.45947265625,33.227020263671875,11.564497947692871,44.79151916503906,111.62828063964844,2.0648701190948486,2.0648701190948486,2.0648701190948486,0.0
2.766134023666382,132.4600067138672,1000.0,54.0,1.1365947723388672,0.02112628147006035,19.0,0.9997838139533997,0.9997838139533997,0.9997838139533997,0.010673574171960354,0.00024500000290572643,0.7540391683578491,275000.0,-0.09649499505758286,-0.0044203996658325195,0.11995682865381241,0.008954948745667934,0.00023096613585948944,0.2150445133447647,2.0575103759765625,0.12415874004364014,12.13045597076416,2513.728759765625,33.059837341308594,8.179417610168457,41.239253997802734,121.24370574951172,2.1025607585906982,2.1025607585906982,2.1025607585906982,0.0
2.6914517879486084,136.55999755859375,1000.0,55.0,1.1345611810684204,0.02418789453804493,18.0,0.9972527623176575,0.9972527623176575,0.9972527623176575,0.010405924171209335,0.00024399999529123306,0.752557635307312,280000.0,-0.10875570774078369,-0.012260712683200836,-0.06671390682458878,0.01389836985617876,0.004943421110510826,0.15632978081703186,2.557270050048828,0.4997596740722656,15.982759475708008,2557.060302734375,35.67561721801758,7.62574577331543,43.301361083984375,115.46981048583984,2.1400558948516846,2.1400558948516846,2.1400558948516846,0.0
2.6799099445343018,130.55999755859375,1000.0,56.0,1.1314952373504639,0.02117394469678402,20.0,0.9956653118133545,0.9956653118133545,0.9956653118133545,0.010425617918372154,0.00024300000222865492,0.7502147555351257,285000.0,-0.10148864984512329,0.0072670578956604,0.12215876579284668,0.01609295792877674,0.0021945880725979805,0.4281217157840729,2.316037654876709,-0.24123239517211914,13.25601577758789,2602.048828125,35.6513786315918,9.304174423217773,44.9555549621582,111.22096252441406,2.177217483520508,2.177217483520508,2.177217483520508,0.0
2.6009557247161865,122.77999877929688,1000.0,57.0,1.1230075359344482,0.02006019465625286,12.0,1.0027222633361816,1.0027222633361816,1.0027222633361816,0.010162152349948883,0.00024199999461416155,0.7438717484474182,290000.0,-0.07825412601232529,0.023234523832798004,-0.006856823805719614,0.008767511695623398,-0.007325446233153343,0.46153897047042847,3.359090566635132,1.0430529117584229,11.173328399658203,2641.165283203125,33.734962463378906,5.346334934234619,39.081298828125,127.93843078613281,2.2138724327087402,2.2138724327087402,2.2138724327087402,0.0
2.7310473918914795,128.89999389648438,1000.0,58.0,1.1201547384262085,0.020010003820061684,5.0,1.0006088018417358,1.0006088018417358,1.0006088018417358,0.010732613503932953,0.0002410000015515834,0.7417457699775696,295000.0,-0.06348496675491333,0.014769159257411957,0.07618050277233124,0.010456922464072704,0.0016894107684493065,0.4884844720363617,8.759842872619629,5.400752305984497,14.225048065185547,2676.678955078125,33.40983963012695,2.0735819339752197,35.483421325683594,140.91087341308594,2.250239372253418,2.250239372253418,2.250239372253418,0.0
2.6843743324279785,132.3800048828125,1000.0,59.0,1.1193448305130005,0.020901214331388474,10.0,1.0003838539123535,1.0003838539123535,1.0003838539123535,0.01073460839688778,0.00023999999393709004,0.7411215901374817,300000.0,-0.06944669038057327,-0.005961723625659943,-0.10605025291442871,0.0072098420932888985,-0.003247080370783806,0.23546721041202545,4.351563930511475,-4.408278942108154,10.591792106628418,2716.28369140625,35.29540252685547,4.279219627380371,39.574623107910156,126.34358978271484,2.2864415645599365,2.2864415645599365,2.2864415645599365,0.0
2.6330525875091553,131.6999969482422,1000.0,60.0,1.1151968240737915,0.020474471151828766,12.0,1.0029253959655762,1.0029253959655762,1.0029253959655762,0.011500643566250801,0.0002390000008745119,0.7380529642105103,305000.0,-0.10649989545345306,-0.03705320507287979,-0.12075942754745483,0.008450448513031006,0.0012406064197421074,0.3651769161224365,4.885171890258789,0.5336079597473145,11.314095497131348,2757.040283203125,35.22677230834961,5.494625091552734,40.721397399902344,122.78556823730469,2.3224775791168213,2.3224775791168213,2.3224775791168213,0.0
2.4291350841522217,127.5199966430664,1000.0,61.0,1.1079578399658203,0.021595556288957596,14.0,0.9994524121284485,0.9994524121284485,0.9994524121284485,0.01092073880136013,0.00023799999326001853,0.7327324151992798,310000.0,-0.10414741188287735,0.002352483570575714,0.06376544386148453,0.01212218962609768,0.0036717411130666733,0.4147721827030182,4.6838765144348145,-0.2012953758239746,12.17007827758789,2797.138916015625,33.96703338623047,6.093081474304199,40.060115814208984,124.81242370605469,2.3582518100738525,2.3582518100738525,2.3582518100738525,0.0
2.3036484718322754,130.0,1000.0,62.0,1.1034796237945557,0.021284619346261024,19.0,1.0027810335159302,1.0027810335159302,1.0027810335159302,0.01146114245057106,0.00023700000019744039,0.7294605374336243,315000.0,-0.1355428844690323,-0.03139547258615494,-0.04933668673038483,0.008073539473116398,-0.004048650152981281,0.572791337966919,4.602344512939453,-0.08153200149536133,11.808655738830566,2840.78369140625,35.145633697509766,8.464570045471191,43.61020278930664,114.65206909179688,2.393859624862671,2.393859624862671,2.393859624862671,0.0
2.153369903564453,127.9800033569336,1000.0,63.0,1.0985902547836304,0.02189013548195362,26.0,1.000909686088562,1.000909686088562,1.000909686088562,0.010298791341483593,0.00023600000713486224,0.725908100605011,320000.0,-0.07984936237335205,0.05569352209568024,-0.06964384019374847,0.007374720647931099,-0.0006988188251852989,0.3857010304927826,2.0167078971862793,-2.585636615753174,11.060190200805664,2886.875244140625,34.36642837524414,11.690921783447266,46.057350158691406,108.560302734375,2.4292638301849365,2.4292638301849365,2.4292638301849365,0.0
2.1236467361450195,129.05999755859375,1000.0,64.0,1.0916478633880615,0.020150167867541313,12.0,0.9991146922111511,0.9991146922111511,0.9991146922111511,0.010637558996677399,0.00023499999952036887,0.7208801507949829,325000.0,-0.09963545203208923,-0.019786089658737183,-0.010696744546294212,0.008527706377208233,0.001152985729277134,0.40125706791877747,4.913298606872559,2.8965907096862793,13.476418495178223,2924.728759765625,32.33176040649414,5.490338325500488,37.82210159301758,132.19784545898438,2.4645159244537354,2.4645159244537354,2.4645159244537354,0.0
2.020981788635254,129.72000122070312,1000.0,65.0,1.089324951171875,0.02332036755979061,12.0,1.0012379884719849,1.0012379884719849,1.0012379884719849,0.010518105700612068,0.00023400000645779073,0.7192092537879944,330000.0,-0.10318513959646225,-0.0035496875643730164,-0.05629495903849602,0.010491016320884228,0.001963309943675995,0.42951157689094543,4.244023323059082,-0.6692752838134766,16.45410919189453,2964.009033203125,33.850284576416016,5.400198936462402,39.250484466552734,127.386962890625,2.499650716781616,2.499650716781616,2.499650716781616,0.0
2.0591983795166016,136.1199951171875,1000.0,66.0,1.0840132236480713,0.02011743374168873,13.0,1.0022748708724976,1.0022748708724976,1.0022748708724976,0.011122345924377441,0.00023299999884329736,0.7154245972633362,335000.0,-0.09943509846925735,0.003750041127204895,-0.04731113463640213,0.023647163063287735,0.013156146742403507,0.3355470895767212,4.016038417816162,-0.22798490524291992,12.210776329040527,3001.615234375,31.728137969970703,5.847955703735352,37.57609558105469,133.06332397460938,2.5348563194274902,2.5348563194274902,2.5348563194274902,0.0
1.916533350944519,136.0,1000.0,67.0,1.0787291526794434,0.021812839433550835,20.0,1.0008554458618164,1.0008554458618164,1.0008554458618164,0.011682973243296146,0.00023200000578071922,0.7116410732269287,340000.0,-0.12438663840293884,-0.024951539933681488,-0.06110422685742378,0.005791774019598961,-0.017855389043688774,0.17342299222946167,3.9951610565185547,-0.020877361297607422,9.286812782287598,3043.16943359375,32.45926284790039,9.062814712524414,41.52207946777344,120.41786193847656,2.5701215267181396,2.5701215267181396,2.5701215267181396,0.0
1.804557204246521,125.5199966430664,1000.0,68.0,1.0799814462661743,0.0210083220154047,17.0,1.0011968612670898,1.0011968612670898,1.0011968612670898,0.011798005551099777,0.00023099999816622585,0.7125375866889954,345000.0,-0.09595924615859985,0.02842739224433899,0.13629545271396637,0.00615058233961463,0.00035880832001566887,0.3210502862930298,3.1594982147216797,-0.835662841796875,12.849808692932129,3083.828857421875,33.19981002807617,7.421562671661377,40.62137222290039,123.0879135131836,2.605149507522583,2.605149507522583,2.605149507522583,0.0
1.8088945150375366,117.68000030517578,1000.0,69.0,1.077581763267517,0.020187798887491226,12.0,0.9993024468421936,0.9993024468421936,0.9993024468421936,0.010235640220344067,0.0002300000051036477,0.7108623385429382,350000.0,-0.07622025161981583,0.019738994538784027,-0.027986548840999603,0.012199582532048225,0.006049000192433596,0.3017348647117615,2.9692537784576416,-0.19024443626403809,11.26937484741211,3124.06884765625,34.8342399597168,5.370863914489746,40.205101013183594,124.3623275756836,2.639744997024536,2.639744997024536,2.639744997024536,0.0
1.900281548500061,105.23999786376953,1000.0,70.0,1.0691583156585693,0.0227784626185894,27.0,1.0017296075820923,1.0017296075820923,1.0017296075820923,0.010454876348376274,0.00022899999748915434,0.7048912048339844,355000.0,-0.08826518803834915,-0.012044936418533325,-0.060248423367738724,0.011304485611617565,-0.0008950969204306602,0.42189666628837585,1.4006555080413818,-1.5685982704162598,11.916136741638184,3171.708740234375,35.86344528198242,11.7456636428833,47.609107971191406,105.02191925048828,2.673595905303955,2.673595905303955,2.673595905303955,0.0
1.7815217971801758,98.45999908447266,1000.0,71.0,1.058648943901062,0.02258375473320484,3.0,1.0007902383804321,1.0007902383804321,1.0007902383804321,0.00881644431501627,0.0002280000044265762,0.6975129842758179,360000.0,-0.02797231450676918,0.06029287353157997,0.048147860914468765,0.010891660116612911,-0.00041282549500465393,0.2743225693702698,6.242541313171387,4.841885805130005,10.683829307556152,3205.88330078125,32.89495086669922,1.244593858718872,34.13954162597656,146.45773315429688,2.706580638885498,2.706580638885498,2.706580638885498,0.0
1.7845760583877563,85.9800033569336,1000.0,72.0,1.0629478693008423,0.020759161561727524,20.0,0.9991857409477234,0.9991857409477234,0.9991857409477234,0.01079481653869152,0.00022699999681208283,0.7004932165145874,365000.0,-0.08383847028017044,-0.05586615577340126,-0.05254998803138733,0.006667631678283215,-0.004224028438329697,0.4305766522884369,1.7502169609069824,-4.492324352264404,9.876734733581543,3250.92138671875,36.280208587646484,8.722681045532227,45.00288772583008,111.1039810180664,2.738413095474243,2.738413095474243,2.738413095474243,0.0
1.9938287734985352,96.9800033569336,1000.0,73.0,1.060052752494812,0.02002548612654209,11.0,1.002156376838684,1.002156376838684,1.002156376838684,0.012341974303126335,0.00022600000374950469,0.6984570622444153,370000.0,-0.09602285921573639,-0.012184388935565948,-0.06968947499990463,0.020240599289536476,0.013572967611253262,0.34619081020355225,4.617987155914307,2.867770195007324,12.996783256530762,3289.78857421875,34.15928649902344,4.68010139465332,38.83938980102539,128.73529052734375,2.769545793533325,2.769545793533325,2.769545793533325,0.0
2.0255117416381836,93.27999877929688,1000.0,74.0,1.0618890523910522,0.02374212257564068,28.0,1.0021610260009766,1.0021610260009766,1.0021610260009766,0.010386534035205841,0.00022499999613501132,0.6997835636138916,375000.0,-0.09436976909637451,0.0016530901193618774,-0.0933414176106453,0.014184688217937946,-0.00605591107159853,0.2805587649345398,2.0069870948791504,-2.6110000610351562,8.327059745788574,3335.70849609375,33.720123291015625,12.169670104980469,45.889793395996094,108.9566879272461,2.799940347671509,2.799940347671509,2.799940347671509,0.0
1.9055259227752686,87.9800033569336,1000.0,75.0,1.0546398162841797,0.020273687317967415,21.0,1.008728265762329,1.008728265762329,1.008728265762329,0.011808338575065136,0.00022400000307243317,0.6947931051254272,380000.0,-0.08716881275177002,0.007200956344604492,0.0754900574684143,0.008444397710263729,-0.005740290507674217,0.4616492688655853,1.6608116626739502,-0.3461754322052002,9.575368881225586,3379.78955078125,34.94792175292969,9.102985382080078,44.050907135009766,113.50504302978516,2.8295114040374756,2.8295114040374756,2.8295114040374756,0.0
1.6834677457809448,78.5199966430664,1000.0,76.0,1.0420570373535156,0.02030763402581215,16.0,1.0051323175430298,1.0051323175430298,1.0051323175430298,0.011600026860833168,0.0002229999954579398,0.6861343383789062,385000.0,-0.06528089195489883,0.021887920796871185,-0.17018063366413116,0.004321028478443623,-0.0041233692318201065,0.3289123773574829,1.7957760095596313,0.13496434688568115,7.8577423095703125,3420.03955078125,33.19206237792969,7.022782325744629,40.21484375,124.33219909667969,2.8580482006073,2.8580482006073,2.8580482006073,0.0
1.9756115674972534,72.68000030517578,1000.0,77.0,1.0356907844543457,0.020082250237464905,8.0,1.0000264644622803,1.0000264644622803,1.0000264644622803,0.010461486876010895,0.00022200000239536166,0.6817784905433655,390000.0,-0.044379424303770065,0.02090146765112877,0.08328551054000854,0.026708126068115234,0.022387097589671612,0.32443177700042725,3.604370594024658,1.8085945844650269,9.72523021697998,3456.4833984375,33.05604934692383,3.3588998317718506,36.41595458984375,137.30245971679688,2.885470151901245,2.885470151901245,2.885470151901245,0.0
2.040644645690918,77.27999877929688,1000.0,78.0,1.0397565364837646,0.021340524777770042,7.0,0.9987014532089233,0.9987014532089233,0.9987014532089233,0.011413824744522572,0.0002209999947808683,0.6845486164093018,395000.0,-0.0705135315656662,-0.026134107261896133,0.15506184101104736,0.01821981929242611,-0.008488306775689125,0.38170477747917175,4.361433506011963,0.7570629119873047,9.741458892822266,3493.2744140625,33.44823455810547,3.3103294372558594,36.75856399536133,136.02272033691406,2.9120378494262695,2.9120378494262695,2.9120378494262695,0.0
2.083207607269287,86.31999969482422,1000.0,79.0,1.0424631834030151,0.025023629888892174,10.0,0.9996160864830017,0.9996160864830017,0.9996160864830017,0.011357953771948814,0.00022000000171829015,0.6863852739334106,400000.0,-0.07957044243812561,-0.009056910872459412,0.06156516075134277,0.009949221275746822,-0.008270598016679287,0.3255607783794403,6.758640289306641,2.3972067832946777,7.768014907836914,3530.598388671875,33.03202819824219,4.26180362701416,37.29383087158203,134.07041931152344,2.9381301403045654,2.9381301403045654,2.9381301403045654,0.0
2.0476627349853516,88.4000015258789,1000.0,80.0,1.0386896133422852,0.02066434919834137,21.0,0.9972062110900879,0.9972062110900879,0.9972062110900879,0.010709281079471111,0.00021899999410379678,0.6838012933731079,405000.0,-0.08087177574634552,-0.0013013333082199097,0.09693475067615509,0.013191543519496918,0.0032423222437500954,0.384236216545105,1.7802422046661377,-4.978398084640503,11.915619850158691,3572.969970703125,33.265113830566406,9.0714750289917,42.33658981323242,118.10115814208984,2.963866710662842,2.963866710662842,2.963866710662842,0.0
2.2221643924713135,95.18000030517578,1000.0,81.0,1.033172845840454,0.02358916401863098,4.0,0.998772919178009,0.998772919178009,0.998772919178009,0.012850439175963402,0.00021800000104121864,0.6800538301467896,410000.0,-0.03330879285931587,0.04756298288702965,0.02449249103665352,0.0338028147816658,0.020611271262168884,0.2950206398963928,9.364352226257324,7.5841100215911865,11.189775466918945,3608.75830078125,34.122108459472656,1.6330690383911133,35.75518035888672,139.83987426757812,2.989506721496582,2.989506721496582,2.989506721496582,0.0
2.2203540802001953,96.4800033569336,1000.0,82.0,1.0327911376953125,0.0200065728276968,19.0,0.9997479319572449,0.9997479319572449,0.9997479319572449,0.010489962995052338,0.00021699999342672527,0.6797503232955933,415000.0,-0.07952224463224411,-0.04621345177292824,0.1065756157040596,0.010917914099991322,-0.02288490068167448,0.26927119493484497,2.63503360748291,-6.729318618774414,12.532492637634277,3649.888916015625,32.84552764892578,8.250244140625,41.09577178955078,121.6670150756836,3.0151076316833496,3.0151076316833496,3.0151076316833496,0.0
2.0283565521240234,85.27999877929688,1000.0,83.0,1.0280452966690063,0.020721685141324997,36.0,1.0018765926361084,1.0018765926361084,1.0018765926361084,0.010662557557225227,0.00021600000036414713,0.6764817833900452,420000.0,-0.09421872347593307,-0.014696478843688965,0.05794692412018776,0.011880184523761272,0.0009622704237699509,0.2575482726097107,1.403904676437378,-1.2311289310455322,8.008403778076172,3697.481201171875,31.896944046020508,15.665154457092285,47.56209945678711,105.12572479248047,3.0403170585632324,3.0403170585632324,3.0403170585632324,0.0
1.8524748086929321,88.30000305175781,1000.0,84.0,1.021849513053894,0.0211398433893919,4.0,1.0000909566879272,1.0000909566879272,1.0000909566879272,0.01326318085193634,0.00021499999274965376,0.6722939014434814,425000.0,-0.027333099395036697,0.06688562408089638,-0.13598328828811646,0.009203104302287102,-0.0026770802214741707,0.09791409224271774,7.334471225738525,5.9305665493011475,7.67095947265625,3730.549072265625,31.138134002685547,1.8929603099822998,33.03109359741211,151.3725128173828,3.0652782917022705,3.0652782917022705,3.0652782917022705,0.0
2.0152459144592285,89.05999755859375,1000.0,85.0,1.0225679874420166,0.02841104194521904,2.0,1.0022457838058472,1.0022457838058472,1.0022457838058472,0.010114938952028751,0.00021399999968707561,0.6727712154388428,430000.0,0.0030817873775959015,0.0304148867726326,-0.013927526772022247,0.01564786210656166,0.006444757804274559,0.22169341146945953,5.792319297790527,-1.542151927947998,11.344320297241211,3763.103515625,31.633811950683594,0.8854539394378662,32.519264221191406,153.7550048828125,3.0900471210479736,3.0900471210479736,3.0900471210479736,0.0
2.0635948181152344,90.86000061035156,1000.0,86.0,1.0187690258026123,0.02075466699898243,16.0,0.9963670969009399,0.9963670969009399,0.9963670969009399,0.010906537063419819,0.00021300000662449747,0.6702308654785156,435000.0,-0.08748982846736908,-0.09057161584496498,-0.06191467493772507,0.011648831889033318,-0.003999030217528343,0.29161733388900757,2.581547975540161,-3.210771322250366,10.1983060836792,3800.798095703125,30.929975509643555,6.734845161437988,37.66482162475586,132.74986267089844,3.1147079467773438,3.1147079467773438,3.1147079467773438,0.0
1.7494704723358154,90.27999877929688,1000.0,87.0,1.0136077404022217,0.023164846003055573,15.0,0.9981348514556885,0.9981348514556885,0.9981348514556885,0.01029767096042633,0.0002119999990100041,0.6667898297309875,440000.0,-0.05748439207673073,0.03000543639063835,0.007649498991668224,0.007133988663554192,-0.004514843225479126,0.10573181509971619,1.7733004093170166,-0.8082475662231445,8.728470802307129,3840.0361328125,32.41487503051758,6.7882490158081055,39.203125,127.54084777832031,3.139258623123169,3.139258623123169,3.139258623123169,0.0
1.549027442932129,86.04000091552734,1000.0,88.0,1.0103839635849,0.0231018029153347,18.0,0.9998062252998352,0.9998062252998352,0.9998062252998352,0.010556323453783989,0.00021100000594742596,0.6646372675895691,445000.0,-0.08743514120578766,-0.02995074912905693,-0.03007945604622364,0.006375023163855076,-0.0007589654996991158,0.19657401740550995,2.1161305904388428,0.34283018112182617,8.913826942443848,3880.98779296875,32.93490982055664,7.984621047973633,40.91952896118164,122.19104766845703,3.1635756492614746,3.1635756492614746,3.1635756492614746,0.0
1.480787754058838,76.4800033569336,1000.0,89.0,1.0113461017608643,0.021450530737638474,4.0,0.9952777624130249,0.9952777624130249,0.9952777624130249,0.010755647905170918,0.0002099999983329326,0.665266215801239,450000.0,-0.034222498536109924,0.053212642669677734,0.07017592340707779,0.006104820407927036,-0.00027020275592803955,0.3031401038169861,5.490033149719238,3.3739025592803955,8.116586685180664,3916.3828125,33.67009735107422,1.694366455078125,35.364463806152344,141.38487243652344,3.1873667240142822,3.1873667240142822,3.1873667240142822,0.0
1.4126461744308472,79.5999984741211,1000.0,90.0,1.0160402059555054,0.020037824288010597,24.0,0.999985933303833,0.999985933303833,0.999985933303833,0.010842470452189445,0.00020900000527035445,0.6683834791183472,455000.0,-0.10489467531442642,-0.0706721767783165,0.14996957778930664,0.008554383181035519,0.0024495627731084824,0.1460232138633728,1.801328182220459,-3.6887049674987793,8.207242012023926,3959.20751953125,32.340938568115234,10.45358657836914,42.794525146484375,116.8373794555664,3.210794687271118,3.210794687271118,3.210794687271118,0.0
1.2875546216964722,70.05999755859375,1000.0,91.0,1.0094237327575684,0.023772653192281723,7.0,1.0013337135314941,1.0013337135314941,1.0013337135314941,0.011129728518426418,0.00020799999765586108,0.6639781594276428,460000.0,-0.044787026941776276,0.060107648372650146,-0.15887825191020966,0.007861056365072727,-0.0006933268159627914,0.2913462519645691,4.072715759277344,2.2713875770568848,11.495847702026367,3995.256103515625,33.030452728271484,2.982858896255493,36.013309478759766,138.83755493164062,3.2335753440856934,3.2335753440856934,3.2335753440856934,0.0
1.2734054327011108,69.04000091552734,1000.0,92.0,1.006061315536499,0.02015543356537819,7.0,0.9974437355995178,0.9974437355995178,0.9974437355995178,0.010457247495651245,0.00020700000459328294,0.661745548248291,465000.0,-0.05463928356766701,-0.009852256625890732,0.052264388650655746,0.009980390779674053,0.002119334414601326,0.10234636068344116,3.348465919494629,-0.7242498397827148,10.065149307250977,4031.908447265625,33.6186408996582,3.0037970542907715,36.6224365234375,136.5283203125,3.2557413578033447,3.2557413578033447,3.2557413578033447,0.0
1.3159939050674438,71.26000213623047,1000.0,93.0,1.00629460811615,0.04877403378486633,1.0,1.0003830194473267,1.0003830194473267,1.0003830194473267,0.008874759078025818,0.00020599999697878957,0.661902904510498,470000.0,0.0017405137186869979,0.056379797286354005,0.09839589148759842,0.014205379411578178,0.004224988631904125,0.24634426832199097,9.826993942260742,6.478528022766113,11.851415634155273,4066.048095703125,33.69873809814453,0.4102303981781006,34.108970642089844,146.58900451660156,3.2774345874786377,3.2774345874786377,3.2774345874786377,0.0
1.548343300819397,65.72000122070312,1000.0,94.0,1.0035605430603027,0.023213641718029976,19.0,1.0026851892471313,1.0026851892471313,1.0026851892471313,0.011334685608744621,0.00020500000391621143,0.6600964069366455,475000.0,-0.08525709062814713,-0.08699760434683412,0.02678009495139122,0.01461530476808548,0.00040992535650730133,0.2896064817905426,2.294964551925659,-7.532029390335083,9.766199111938477,4106.9658203125,32.22096252441406,8.667389869689941,40.88835525512695,122.28421020507812,3.298513174057007,3.298513174057007,3.298513174057007,0.0
1.4102140665054321,69.4800033569336,1000.0,95.0,0.9956085681915283,0.023033665493130684,5.0,1.0005401372909546,1.0005401372909546,1.0005401372909546,0.012353895232081413,0.00020399999630171806,0.6548661589622498,480000.0,-0.04023463651537895,0.04502245411276817,0.007267456967383623,0.01367603987455368,-0.0009392648935317993,0.22407953441143036,5.03532600402832,2.740361452102661,11.254902839660645,4141.271484375,32.172706604003906,2.100435495376587,34.27314376831055,145.88682556152344,3.319173812866211,3.319173812866211,3.319173812866211,0.0
1.284234881401062,69.27999877929688,1000.0,96.0,0.9927957653999329,0.020239675417542458,22.0,1.000257968902588,1.000257968902588,1.000257968902588,0.01045733317732811,0.00020300000323913991,0.6530383229255676,485000.0,-0.08749329298734665,-0.0472586564719677,0.024197712540626526,0.009623197838664055,-0.0040528420358896255,0.12418454885482788,1.7382222414016724,-3.297103762626648,7.169616222381592,4182.94189453125,32.10216522216797,9.541410446166992,41.643577575683594,120.06653594970703,3.3394553661346436,3.3394553661346436,3.3394553661346436,0.0
1.2837872505187988,77.54000091552734,1000.0,97.0,0.9881969690322876,0.020501108840107918,8.0,1.0018680095672607,1.0018680095672607,1.0018680095672607,0.011486691422760487,0.00020199999562464654,0.6500331163406372,490000.0,-0.0636293962597847,0.02386389672756195,0.09004130214452744,0.008344992995262146,-0.0012782048434019089,0.16146411001682281,4.682977199554443,2.944754958152771,9.398483276367188,4218.72265625,32.17499542236328,3.5749635696411133,35.74995803833008,139.8603057861328,3.359692096710205,3.359692096710205,3.359692096710205,0.0
1.2226510047912598,73.54000091552734,1000.0,98.0,0.9863728284835815,0.02171928621828556,13.0,0.9952977299690247,0.9952977299690247,0.9952977299690247,0.010286672040820122,0.0002010000025620684,0.6488432288169861,495000.0,-0.06305898725986481,0.0005704089999198914,-0.019859937950968742,0.005185968242585659,-0.003159024752676487,0.12609778344631195,2.3244543075561523,-2.358522891998291,7.812131404876709,4257.66259765625,33.462337493896484,5.447820663452148,38.91015625,128.5011444091797,3.3797528743743896,3.3797528743743896,3.3797528743743896,0.0
1.0748825073242188,68.30000305175781,1000.0,99.0,0.9883962869644165,0.02092008851468563,24.0,0.9981323480606079,0.9981323480606079,0.9981323480606079,0.010500635020434856,0.00019999999494757503,0.6501595973968506,500000.0,-0.06382396072149277,-0.0007649734616279602,0.14723244309425354,0.005219858605414629,3.3890362828969955e-05,0.03271707892417908,1.0749462842941284,-1.249508023262024,5.487707614898682,4299.83740234375,31.74488639831543,10.399911880493164,42.144798278808594,118.63860321044922,3.3994736671447754,3.3994736671447754,3.3994736671447754,0.0
0.9305790662765503,63.58000183105469,1000.0,100.0,0.9841875433921814,0.020474540069699287,18.0,0.9999929666519165,0.9999929666519165,0.9999929666519165,0.011510786600410938,0.0001990000018849969,0.6474284529685974,505000.0,-0.0771578848361969,-0.013333924114704132,-0.10566763579845428,0.00828142836689949,0.0030615697614848614,0.048100873827934265,1.5887953042984009,0.5138490200042725,10.659436225891113,4340.4921875,32.764652252197266,7.852562427520752,40.61721420288086,123.10050964355469,3.4187233448028564,3.4187233448028564,3.4187233448028564,0.0
0.8177331686019897,61.02000045776367,1000.0,101.0,0.9787738919258118,0.02251129224896431,3.0,1.0003618001937866,1.0003618001937866,1.0003618001937866,0.010140796191990376,0.00019799999427050352,0.6439330577850342,510000.0,-0.024016009643673897,0.053141875192523,0.02988259308040142,0.012352775782346725,0.004071347415447235,0.026342572644352913,3.6454265117645264,2.0566312074661255,9.776647567749023,4373.822265625,32.050777435302734,1.248441219329834,33.299217224121094,150.1536865234375,3.437459707260132,3.437459707260132,3.437459707260132,0.0
0.7245771884918213,60.119998931884766,1000.0,102.0,0.9786098599433899,0.020491402596235275,16.0,0.9987295866012573,0.9987295866012573,0.9987295866012573,0.010782447643578053,0.00019700000120792538,0.6438313722610474,515000.0,-0.07683438807725906,-0.05281837843358517,-0.011874153278768063,0.006807593163102865,-0.00554518261924386,0.016888273879885674,1.5000355243682861,-2.1453909873962402,10.254132270812988,4411.22265625,30.31143569946289,7.058582305908203,37.370018005371094,133.79710388183594,3.4557042121887207,3.4557042121887207,3.4557042121887207,0.0
0.9286103844642639,54.52000045776367,1000.0,103.0,0.9703328609466553,0.020301489159464836,18.0,1.0014547109603882,1.0014547109603882,1.0014547109603882,0.010162186808884144,0.000195999993593432,0.6385231614112854,520000.0,-0.05599191039800644,0.020842477679252625,0.03793145716190338,0.029104134067893028,0.022296540904790163,0.16785351932048798,0.947426438331604,-0.5526090860366821,7.3849310874938965,4450.3251953125,31.49471664428711,7.575885772705078,39.07261657714844,127.96685791015625,3.4733033180236816,3.4733033180236816,3.4733033180236816,0.0
0.6659594178199768,52.58000183105469,1000.0,104.0,0.9642710089683533,0.022031838074326515,18.0,1.0045915842056274,1.0045915842056274,1.0045915842056274,0.00996329728513956,0.00019500000053085387,0.6346645951271057,525000.0,-0.059249792248010635,-0.003257881850004196,0.08123195916414261,0.008497949689626694,-0.020606184378266335,0.05835404619574547,1.0978760719299316,0.15044963359832764,5.819666385650635,4490.8359375,32.77635955810547,7.702178001403809,40.478538513183594,123.52225494384766,3.4902515411376953,3.4902515411376953,3.4902515411376953,0.0
0.6248515248298645,49.2599983215332,1000.0,105.0,0.9617248773574829,0.020913708955049515,16.0,1.001735806465149,1.001735806465149,1.001735806465149,0.011151799000799656,0.0001939999929163605,0.6330851316452026,530000.0,-0.06700589507818222,-0.007756102830171585,0.10490506887435913,0.009556313045322895,0.0010583633556962013,0.10582956671714783,1.9533132314682007,0.855437159538269,5.783741474151611,4529.9375,32.00327682495117,7.068140983581543,39.07141876220703,127.97077941894531,3.5064914226531982,3.5064914226531982,3.5064914226531982,0.0
0.7427316308021545,45.2400016784668,1000.0,106.0,0.9616772532463074,0.020236872136592865,12.0,1.0024560689926147,1.0024560689926147,1.0024560689926147,0.01087082177400589,0.00019299999985378236,0.6330506801605225,535000.0,-0.04740895330905914,0.019596941769123077,-0.16092030704021454,0.00982673466205597,0.0002704216167330742,0.28827759623527527,1.1646004915237427,-0.788712739944458,7.354287624359131,4568.94873046875,33.81666564941406,5.164366722106934,38.98103332519531,128.26751708984375,3.5219438076019287,3.5219438076019287,3.5219438076019287,0.0
0.5682981610298157,38.65999984741211,1000.0,107.0,0.9611400365829468,0.02611573226749897,6.0,1.0006804466247559,1.0006804466247559,1.0006804466247559,0.011585649102926254,0.00019200000679120421,0.6327012181282043,540000.0,-0.03041977435350418,0.016989178955554962,0.06881558895111084,0.008681503124535084,-0.0011452315375208855,0.08659284561872482,2.4366555213928223,1.2720550298690796,6.175034523010254,4602.4970703125,30.747087478637695,2.7652904987335205,33.51237869262695,149.1986083984375,3.536438226699829,3.536438226699829,3.536438226699829,0.0
0.6902248859405518,47.65999984741211,1000.0,108.0,0.9649900794029236,0.024174576625227928,3.0,1.0013561248779297,1.0013561248779297,1.0013561248779297,0.012310598976910114,0.00019099999917671084,0.6351396441459656,545000.0,-0.004033287987112999,0.026386486366391182,-0.03655963018536568,0.0076301563531160355,-0.0010513467714190483,0.08359593152999878,7.870503902435303,5.4338483810424805,6.5719194412231445,4635.6171875,31.84109115600586,1.2424485683441162,33.08353805541992,151.13255310058594,3.550410032272339,3.550410032272339,3.550410032272339,0.0
0.9009438157081604,51.7400016784668,1000.0,109.0,0.9666406512260437,0.02352709136903286,2.0,0.9991501569747925,0.9991501569747925,0.9991501569747925,0.01044375542551279,0.0001900000061141327,0.6361932158470154,550000.0,-0.00303136114962399,0.001001926837489009,0.026000913232564926,0.012576840817928314,0.004946684464812279,0.08704974502325058,6.847403526306152,-1.0231003761291504,5.221056938171387,4670.0078125,33.54102325439453,0.814965009689331,34.355987548828125,145.5350341796875,3.564068078994751,3.564068078994751,3.564068078994751,0.0
1.0627241134643555,57.81999969482422,1000.0,110.0,0.9611251950263977,0.020155446603894234,8.0,1.001268982887268,1.001268982887268,1.001268982887268,0.01121447142213583,0.00018899999849963933,0.6326859593391418,555000.0,-0.07145516574382782,-0.06842380459420383,-0.12576061487197876,0.02049972489476204,0.007922884076833725,0.030275613069534302,5.788612365722656,-1.058791160583496,7.30783224105835,4704.56689453125,31.19036293029785,3.3395802974700928,34.529945373535156,144.80184936523438,3.5776784420013428,3.5776784420013428,3.5776784420013428,0.0
1.1484308242797852,58.15999984741211,1000.0,111.0,0.9536468982696533,0.020133929327130318,23.0,1.0003819465637207,1.0003819465637207,1.0003819465637207,0.010139175690710545,0.0001880000054370612,0.6279578804969788,560000.0,-0.08678746223449707,-0.01533229649066925,0.058654505759477615,0.007036230992525816,-0.013463493902236223,0.09356959909200668,1.6297200918197632,-4.158892273902893,7.296002388000488,4748.43505859375,33.9002685546875,9.932788848876953,43.83305740356445,114.06916046142578,3.5912632942199707,3.5912632942199707,3.5912632942199707,0.0
1.10163152217865,60.279998779296875,1000.0,112.0,0.9449386596679688,0.021860305219888687,8.0,1.0003081560134888,1.0003081560134888,1.0003081560134888,0.010915460996329784,0.00018699999782256782,0.6225077509880066,565000.0,-0.048742957413196564,0.03804450482130051,-0.06407473981380463,0.006172295194119215,-0.000863935798406601,0.06651274859905243,2.7875378131866455,1.1578177213668823,7.1277079582214355,4783.5673828125,31.74894905090332,3.351123094558716,35.10007095336914,142.44984436035156,3.6049113273620605,3.6049113273620605,3.6049113273620605,0.0
0.8988476395606995,62.040000915527344,1000.0,113.0,0.9427284002304077,0.02045486681163311,32.0,0.9945451021194458,0.9945451021194458,0.9945451021194458,0.010605878196656704,0.00018600000475998968,0.6211346387863159,570000.0,-0.07203882932662964,-0.023295871913433075,-0.09787101298570633,0.0065145837143063545,0.0003422885201871395,0.052778154611587524,1.1931021213531494,-1.594435691833496,7.593555450439453,4832.47216796875,34.68539810180664,14.186090469360352,48.871490478515625,102.30914306640625,3.6186890602111816,3.6186890602111816,3.6186890602111816,0.0
0.8923821449279785,69.26000213623047,1000.0,114.0,0.9428749680519104,0.020163346081972122,5.0,1.0033923387527466,1.0033923387527466,1.0033923387527466,0.011427215300500393,0.0001849999971454963,0.6212278604507446,575000.0,-0.03385394439101219,0.03818488493561745,0.17032727599143982,0.007386346347630024,0.0008717626333236694,0.24166682362556458,4.374084949493408,3.180982828140259,4.292778968811035,4866.501953125,31.874969482421875,2.1249778270721436,33.99994659423828,147.05905151367188,3.6328675746917725,3.6328675746917725,3.6328675746917725,0.0
1.1210054159164429,76.05999755859375,1000.0,115.0,0.9485875368118286,0.026118896901607513,2.0,0.9970629811286926,0.9970629811286926,0.9970629811286926,0.010326561518013477,0.00018400000408291817,0.624785304069519,580000.0,0.00463660666719079,0.03849055105820298,0.02465077117085457,0.029958665370941162,0.022572319023311138,0.23698949813842773,9.516901969909668,5.14281702041626,7.179462432861328,4899.662109375,32.301963806152344,0.8249199390411377,33.12688446044922,150.934814453125,3.6476752758026123,3.6476752758026123,3.6476752758026123,0.0
1.0374175310134888,80.4000015258789,1000.0,116.0,0.949558675289154,0.02145126275718212,6.0,0.9992864727973938,0.9992864727973938,0.9992864727973938,0.009543326683342457,0.0001829999964684248,0.6253921389579773,585000.0,-0.04702162742614746,-0.05165823409333825,0.1566624492406845,0.009318692609667778,-0.020639972761273384,0.2592664361000061,4.065145492553711,-5.451756477355957,6.147525310516357,4933.77734375,31.489179611206055,2.5944669246673584,34.083648681640625,146.6979217529297,3.6632237434387207,3.6632237434387207,3.6632237434387207,0.0
1.0805208683013916,87.45999908447266,1000.0,117.0,0.9493445158004761,0.033201903104782104,7.0,1.003079891204834,1.003079891204834,1.003079891204834,0.009958839043974876,0.00018200000340584666,0.6252578496932983,590000.0,-0.046592582017183304,0.0004290454089641571,0.10633230954408646,0.0049909502267837524,-0.004327742382884026,0.006448507774621248,3.9944732189178467,-0.07067227363586426,7.983725070953369,4969.716796875,32.68170928955078,3.2273881435394287,35.909095764160156,139.24049377441406,3.679717779159546,3.679717779159546,3.679717779159546,0.0
0.9525161981582642,78.76000213623047,1000.0,118.0,0.9521676301956177,0.025523114949464798,12.0,0.9993829131126404,0.9993829131126404,0.9993829131126404,0.009696134366095066,0.00018099999579135329,0.6270265579223633,595000.0,-0.053366176784038544,-0.00677359476685524,0.04272716864943504,0.0043116165325045586,-0.0006793336942791939,-0.06838984042406082,2.4608988761901855,-1.5335743427276611,5.157984256744385,5007.3818359375,32.466270446777344,5.173901557922363,37.64017105102539,132.83680725097656,3.69673490524292,3.69673490524292,3.69673490524292,0.0
0.8366815447807312,79.18000030517578,1000.0,119.0,0.9552402496337891,0.02397988550364971,5.0,0.9993361830711365,0.9993361830711365,0.9993361830711365,0.010021130554378033,0.00018000000272877514,0.6289551258087158,600000.0,-0.03605864569544792,0.017307531088590622,0.03559179976582527,0.00549306208267808,0.001181445550173521,-0.025130033493041992,4.854211330413818,2.393312454223633,7.114676475524902,5041.04736328125,31.38269805908203,2.2538795471191406,33.63657760620117,148.647705078125,3.7142460346221924,3.7142460346221924,3.7142460346221924,0.0
0.8018333315849304,72.87999725341797,1000.0,120.0,0.9551894068717957,0.02150687947869301,28.0,1.0002747774124146,1.0002747774124146,1.0002747774124146,0.009345194324851036,0.00017899999511428177,0.6289238333702087,605000.0,-0.06770913302898407,-0.03165048733353615,-0.1654200255870819,0.006512390915304422,0.0010193288326263428,0.07534747570753098,0.924257755279541,-3.9299535751342773,7.116597652435303,5084.33203125,30.872053146362305,12.373516082763672,43.24957275390625,115.60807800292969,3.731963634490967,3.731963634490967,3.731963634490967,0.0
0.5422768592834473,72.19999694824219,1000.0,121.0,0.9495582580566406,0.02024221420288086,13.0,1.0015980005264282,1.0015980005264282,1.0015980005264282,0.00950612686574459,0.00017800000205170363,0.6253902912139893,610000.0,-0.05635194107890129,0.011357191950082779,0.147394597530365,0.004982710350304842,-0.0015296805649995804,-0.1250505894422531,1.5469902753829956,0.6227325201034546,6.992202281951904,5124.8759765625,34.84701919555664,5.666842460632324,40.51386260986328,123.41455078125,3.7498466968536377,3.7498466968536377,3.7498466968536377,0.0
0.5583952069282532,65.86000061035156,1000.0,122.0,0.9441025257110596,0.017032993957400322,40.0,0.9961917400360107,0.9961917400360107,0.9961917400360107,0.009575589559972286,0.00017699999443721026,0.6219924688339233,615000.0,-0.04614650085568428,0.01020544022321701,0.008021585643291473,0.0052732243202626705,0.0002905139699578285,0.036203764379024506,0.5831876397132874,-0.9638026356697083,8.883360862731934,5174.22900390625,31.796142578125,17.527780532836914,49.32392120361328,101.37068939208984,3.7676355838775635,3.7676355838775635,3.7676355838775635,0.0
0.3910604417324066,62.97999954223633,1000.0,123.0,0.9356136918067932,0.02031632885336876,37.0,0.9975656270980835,0.9975656270980835,0.9975656270980835,0.01068047247827053,0.00017600000137463212,0.6167435050010681,620000.0,-0.047579675912857056,-0.0014331750571727753,-0.04784827306866646,0.003542563645169139,-0.0017306606750935316,0.07454931735992432,0.5170630216598511,-0.06612461805343628,8.58499813079834,5222.8466796875,32.39682388305664,16.193016052246094,48.589839935302734,102.90217590332031,3.7852306365966797,3.7852306365966797,3.7852306365966797,0.0
0.3175038993358612,56.099998474121094,1000.0,124.0,0.9329321980476379,0.02113775536417961,4.0,1.0026750564575195,1.0026750564575195,1.0026750564575195,0.011100219562649727,0.00017499999376013875,0.6150894165039062,625000.0,-0.027836119756102562,0.019743556156754494,-0.1265333741903305,0.007393096573650837,0.003850532928481698,0.08867515623569489,2.761775493621826,2.244712471961975,4.4485907554626465,5257.7138671875,33.15172576904297,1.6804485321044922,34.832176208496094,143.54544067382812,3.802382230758667,3.802382230758667,3.802382230758667,0.0
-0.020879654213786125,49.58000183105469,1000.0,125.0,0.935555100440979,0.028668195009231567,1.0,0.9973147511482239,0.9973147511482239,0.9973147511482239,0.011794996447861195,0.0001740000006975606,0.6167032122612,630000.0,-6.861686415504664e-05,0.027767502891947515,0.051002345979213715,0.006502604577690363,-0.000890491995960474,-0.013762003742158413,8.454755783081055,5.6929802894592285,6.964832782745361,5289.60693359375,31.460033416748047,0.40217137336730957,31.86320686340332,156.92080688476562,3.818876266479492,3.818876266479492,3.818876266479492,0.0
-0.0017718028975650668,66.68000030517578,1000.0,126.0,0.9353408813476562,0.020238686352968216,1.0,0.9998846054077148,0.9998846054077148,0.9998846054077148,0.01399998553097248,0.00017299999308306724,0.6165695786476135,635000.0,0.07549051940441132,0.07555913626856636,-0.015094583854079247,0.00941874273121357,0.0029161381535232067,-0.006099391728639603,16.588415145874023,8.133659362792969,6.931715488433838,5323.75732421875,33.758148193359375,0.36612510681152344,34.124271392822266,146.5232696533203,3.835465431213379,3.835465431213379,3.835465431213379,0.0
0.22812619805335999,55.86000061035156,1000.0,127.0,0.9319035410881042,0.02632756717503071,21.0,1.0013096332550049,1.0013096332550049,1.0013096332550049,0.010715750977396965,0.0001720000000204891,0.6144591569900513,640000.0,-0.07322794198989868,-0.14871846139431,-0.0457267202436924,0.010190441273152828,0.0007716985419392586,0.046818848699331284,1.2230643033981323,-15.365350842475891,10.459120750427246,5364.15576171875,31.271705627441406,9.098686218261719,40.370391845703125,123.8531494140625,3.851710796356201,3.851710796356201,3.851710796356201,0.0
0.3733738958835602,58.15999984741211,1000.0,128.0,0.9271928668022156,0.02397884428501129,1.0,1.000853180885315,1.000853180885315,1.000853180885315,0.007934872061014175,0.00017100000695791095,0.6115657687187195,645000.0,0.006533095147460699,0.07976103713735938,0.07736249268054962,0.008013283833861351,-0.002177157439291477,0.029804645106196404,8.448395729064941,7.225331425666809,5.801727294921875,5396.884765625,32.29869079589844,0.40318989753723145,32.701881408691406,152.8964080810547,3.8677425384521484,3.8677425384521484,3.8677425384521484,0.0
0.48227959871292114,57.060001373291016,1000.0,129.0,0.9276825189590454,0.020611165091395378,1.0,0.9977121353149414,0.9977121353149414,0.9977121353149414,0.009874303825199604,0.00016999999934341758,0.6118655204772949,650000.0,-0.0012902345042675734,-0.007823329651728272,-0.1757538914680481,0.019267361611127853,0.011254077777266502,-0.06422976404428482,7.1319074630737305,-1.316488265991211,6.892051696777344,5429.29150390625,32.01179885864258,0.3627660274505615,32.37456512451172,154.4422149658203,3.8835413455963135,3.8835413455963135,3.8835413455963135,0.0
0.439768522977829,61.060001373291016,1000.0,130.0,0.9290241003036499,0.021530836820602417,2.0,0.9990536570549011,0.9990536570549011,0.9990536570549011,0.008648473769426346,0.00016900000628083944,0.6126871705055237,655000.0,0.0050765713676810265,0.0063668058719486,-0.07895412296056747,0.011694381013512611,-0.007572980597615242,-0.018152397125959396,7.1346330642700195,0.0027256011962890625,7.538134574890137,5462.6865234375,32.5301513671875,0.8296699523925781,33.35982131958008,149.8809051513672,3.899296522140503,3.899296522140503,3.899296522140503,0.0
0.5677536129951477,64.95999908447266,1000.0,131.0,0.9303956031799316,0.02153601124882698,2.0,0.9981516599655151,0.9981516599655151,0.9981516599655151,0.009490091353654861,0.00016799999866634607,0.6135314702987671,660000.0,-0.008638258092105389,-0.013714829459786415,-0.1010952964425087,0.006181582808494568,-0.0055127982050180435,-0.048837561160326004,8.793325424194336,1.6586923599243164,8.062117576599121,5495.671875,32.14466857910156,0.8107204437255859,32.955387115478516,151.7202606201172,3.915175676345825,3.915175676345825,3.915175676345825,0.0
0.6063611507415771,79.9800033569336,1000.0,132.0,0.9365856647491455,0.021505925804376602,12.0,1.0047436952590942,1.0047436952590942,1.0047436952590942,0.01196101401001215,0.00016700000560376793,0.6173365712165833,665000.0,-0.08284878730773926,-0.07421052921563387,-0.05836185812950134,0.0076036592945456505,0.0014220764860510826,0.1071953997015953,3.4966020584106445,-5.296723365783691,8.713713645935059,5534.10400390625,33.064945220947266,5.33683967590332,38.40178298950195,130.20228576660156,3.9317822456359863,3.9317822456359863,3.9317822456359863,0.0
0.5509082078933716,82.5199966430664,1000.0,133.0,0.938535213470459,0.020559784024953842,37.0,0.9996541738510132,0.9996541738510132,0.9996541738510132,0.010329708456993103,0.00016599999798927456,0.6185587048530579,670000.0,-0.08561493456363678,-0.002766147255897522,0.03713347762823105,0.0043485127389431,-0.0032551465556025505,0.11676398664712906,1.0754810571670532,-2.4211210012435913,8.274372100830078,5580.73681640625,30.647226333618164,15.953786849975586,46.60101318359375,107.29380798339844,3.949152708053589,3.949152708053589,3.949152708053589,0.0
0.5641937851905823,85.66000366210938,1000.0,134.0,0.9364480972290039,0.020260583609342575,22.0,1.0064831972122192,1.0064831972122192,1.0064831972122192,0.010966937988996506,0.00016500000492669642,0.6172633171081543,675000.0,-0.08655862510204315,-0.0009436905384063721,-0.0544687919318676,0.002785776974633336,-0.001562735764309764,0.02921459637582302,1.6460903882980347,0.5706093311309814,6.92592191696167,5621.59619140625,31.236812591552734,9.592840194702148,40.82965087890625,122.46002197265625,3.967343807220459,3.967343807220459,3.967343807220459,0.0
0.8803737759590149,99.69999694824219,1000.0,135.0,0.9369640946388245,0.02369733527302742,7.0,1.0023285150527954,1.0023285150527954,1.0023285150527954,0.011456377804279327,0.00016399999731220305,0.6175772547721863,680000.0,-0.0844450369477272,0.0021135881543159485,-0.12796202301979065,0.019555820152163506,0.01677004317753017,0.03362280875444412,5.316233158111572,3.6701427698135376,8.64118766784668,5656.52099609375,31.702674865722656,3.1921231746673584,34.894798278808594,143.28782653808594,3.986845016479492,3.986845016479492,3.986845016479492,0.0
0.919851541519165,97.23999786376953,1000.0,136.0,0.9369382858276367,0.022243216633796692,7.0,1.0019454956054688,1.0019454956054688,1.0019454956054688,0.010239528492093086,0.0001630000042496249,0.617556631565094,685000.0,-0.07459025830030441,0.00985477864742279,-0.013964403420686722,0.012449878267943859,-0.0071059418842196465,0.05658213421702385,8.027137756347656,2.710904598236084,14.820721626281738,5693.046875,33.489444732666016,3.002964496612549,36.49342346191406,137.010986328125,4.007430076599121,4.007430076599121,4.007430076599121,0.0
1.0434012413024902,104.77999877929688,1000.0,137.0,0.9328643083572388,0.02004994824528694,21.0,1.0033591985702515,1.0033591985702515,1.0033591985702515,0.011651438660919666,0.00016199999663513154,0.6150383949279785,690000.0,-0.12595324218273163,-0.051362983882427216,-0.14000311493873596,0.012487535364925861,3.765709698200226e-05,0.10001588612794876,2.344731569290161,-5.682406187057495,9.824671745300293,5735.24658203125,33.05030822753906,9.117765426635742,42.16807556152344,118.57311248779297,4.029295444488525,4.029295444488525,4.029295444488525,0.0
1.0506473779678345,102.13999938964844,1000.0,138.0,0.9268262982368469,0.022412780672311783,23.0,1.0035320520401,1.0035320520401,1.0035320520401,0.009518519043922424,0.0001610000035725534,0.6113351583480835,695000.0,-0.06833003461360931,0.057623207569122314,-0.030576961115002632,0.005954683758318424,-0.006532851606607437,0.16862471401691437,1.1492400169372559,-1.1954915523529053,9.703947067260742,5777.466796875,32.263580322265625,9.920541763305664,42.18412399291992,118.52800750732422,4.052209377288818,4.052209377288818,4.052209377288818,0.0
0.999043345451355,104.55999755859375,1000.0,139.0,0.9182579517364502,0.020202547311782837,26.0,1.008551836013794,1.008551836013794,1.008551836013794,0.011022334918379784,0.00015999999595806003,0.6061204075813293,700000.0,-0.11763834208250046,-0.049308307468891144,0.03748978674411774,0.008833752945065498,0.002879069186747074,0.16853903234004974,1.5957399606704712,0.44649994373321533,12.360143661499023,5819.177734375,30.47286033630371,11.203369140625,41.676231384277344,119.97246551513672,4.076165676116943,4.076165676116943,4.076165676116943,0.0
0.9902085065841675,107.69999694824219,1000.0,140.0,0.9088996648788452,0.020765744149684906,16.0,1.0029590129852295,1.0029590129852295,1.0029590129852295,0.011067546904087067,0.00015900000289548188,0.6004751324653625,705000.0,-0.0913008376955986,0.026337504386901855,-0.03100414201617241,0.007179082836955786,-0.0016546701081097126,0.16657240688800812,2.255734443664551,0.6599944829940796,12.831480026245117,5859.96630859375,33.89009475708008,6.8649163246154785,40.75501251220703,122.6843032836914,4.101186275482178,4.101186275482178,4.101186275482178,0.0
0.9333677887916565,107.54000091552734,1000.0,141.0,0.9073948860168457,0.020686740055680275,28.0,0.9994843602180481,0.9994843602180481,0.9994843602180481,0.01040146965533495,0.00015799999528098851,0.5995722413063049,710000.0,-0.1109238788485527,-0.0196230411529541,-0.09263008087873459,0.005986427888274193,-0.001192654948681593,0.23378078639507294,1.8430354595184326,-0.41269898414611816,10.31775188446045,5909.66357421875,35.82416915893555,13.843037605285645,49.667205810546875,100.6700439453125,4.1271586418151855,4.1271586418151855,4.1271586418151855,0.0
0.9310640692710876,99.87999725341797,1000.0,142.0,0.9068475961685181,0.02139269933104515,17.0,1.0031126737594604,1.0031126737594604,1.0031126737594604,0.010992834344506264,0.00015700000221841037,0.5992438793182373,715000.0,-0.0959819108247757,0.014941968023777008,-0.08907750248908997,0.00579324085265398,-0.00019318703562021255,0.20138248801231384,1.8323758840560913,-0.010659575462341309,11.694989204406738,5959.9404296875,41.05440902709961,9.185223579406738,50.24062728881836,99.52104949951172,4.153684616088867,4.153684616088867,4.153684616088867,0.0
0.9610329270362854,103.4800033569336,1000.0,143.0,0.9046158194541931,0.02171465940773487,25.0,1.0058636665344238,1.0058636665344238,1.0058636665344238,0.01099303923547268,0.000155999994603917,0.5979072451591492,720000.0,-0.08717001974582672,0.008811891078948975,0.04452285170555115,0.00584098557010293,4.7744717448949814e-05,0.165091872215271,1.8667213916778564,0.03434550762176514,9.222673416137695,6013.564453125,40.0386962890625,13.547855377197266,53.586551666259766,93.30699157714844,4.180854320526123,4.180854320526123,4.180854320526123,0.0
0.9861521124839783,103.18000030517578,1000.0,144.0,0.8905872702598572,0.02285265177488327,30.0,1.005063533782959,1.005063533782959,1.005063533782959,0.010939297266304493,0.00015500000154133886,0.5895930528640747,725000.0,-0.08253173530101776,0.00463828444480896,0.03792312741279602,0.004489941988140345,-0.0013510435819625854,-0.020216621458530426,1.2852293252944946,-0.5814920663833618,9.057809829711914,6072.728515625,40.585296630859375,18.541122436523438,59.12641906738281,84.56456756591797,4.208592891693115,4.208592891693115,4.208592891693115,0.0
0.6385982036590576,83.68000030517578,1000.0,145.0,0.8798741698265076,0.020413445308804512,23.0,1.0022023916244507,1.0022023916244507,1.0022023916244507,0.011357751674950123,0.0001539999939268455,0.5832986831665039,730000.0,-0.06418834626674652,0.01834338903427124,-0.06920677423477173,0.003917327616363764,-0.0005726143717765808,0.08222774416208267,1.393106460571289,0.10787713527679443,5.557742118835449,6127.2958984375,42.202545166015625,12.325540542602539,54.5280876159668,91.69586181640625,4.236066818237305,4.236066818237305,4.236066818237305,0.0
0.6371915340423584,66.55999755859375,1000.0,146.0,0.8747605681419373,0.020336119458079338,24.0,1.0011000633239746,1.0011000633239746,1.0011000633239746,0.010377360507845879,0.00015300000086426735,0.580323338508606,735000.0,-0.0763636901974678,-0.012175343930721283,-0.0834595337510109,0.005752714816480875,0.0018353872001171112,0.07860805094242096,1.1369329690933228,-0.2561734914779663,7.087568759918213,6181.13720703125,41.512290954589844,12.292016983032227,53.80430603027344,92.92935943603516,4.26261043548584,4.26261043548584,4.26261043548584,0.0
0.3987910747528076,63.36000061035156,1000.0,147.0,0.869960367679596,0.02019171230494976,7.0,1.0014491081237793,1.0014491081237793,1.0014491081237793,0.010320487432181835,0.00015199999324977398,0.5775412917137146,740000.0,-0.03952891752123833,0.03683477267622948,-0.00551180262118578,0.005831620190292597,7.89053738117218e-05,0.11517802625894547,2.7147724628448486,1.5778394937515259,10.417417526245117,6230.51806640625,45.53931427001953,3.803039073944092,49.34235382080078,101.33282470703125,4.288187026977539,4.288187026977539,4.288187026977539,0.0
0.4533552825450897,69.63999938964844,1000.0,148.0,0.8700753450393677,0.02094942145049572,4.0,0.9987332224845886,0.9987332224845886,0.9987332224845886,0.010247592814266682,0.00015100000018719584,0.5776076316833496,745000.0,-0.04418787732720375,-0.004658959805965424,-0.03817817568778992,0.012598402798175812,0.006766782607883215,0.13817228376865387,5.448494911193848,2.733722448348999,9.098064422607422,6277.97607421875,45.18128967285156,2.239607810974121,47.420894622802734,105.43875122070312,4.3131537437438965,4.3131537437438965,4.3131537437438965,0.0
0.32779181003570557,65.95999908447266,1000.0,149.0,0.8759509921073914,0.02194417268037796,17.0,0.9987640380859375,0.9987640380859375,0.9987640380859375,0.011301541700959206,0.0001500000071246177,0.581011176109314,750000.0,-0.07679031789302826,-0.03260244056582451,0.034477926790714264,0.0037161048967391253,-0.008882297901436687,0.10994221270084381,1.5258939266204834,-3.9226009845733643,7.866789817810059,6330.763671875,43.40512466430664,9.34252643585205,52.747650146484375,94.79095458984375,4.3374223709106445,4.3374223709106445,4.3374223709106445,0.0
0.31150686740875244,64.0,1000.0,150.0,0.8812117576599121,0.020236829295754433,27.0,1.0027047395706177,1.0027047395706177,1.0027047395706177,0.011041499674320221,0.00014899999951012433,0.5840756893157959,755000.0,-0.09544950723648071,-0.018659189343452454,0.08440601080656052,0.007241187151521444,0.003525082254782319,0.13442571461200714,1.10010826587677,-0.4257856607437134,8.248446464538574,6386.48095703125,40.76150131225586,14.920536994934082,55.682037353515625,89.79556274414062,4.360983848571777,4.360983848571777,4.360983848571777,0.0
0.3432345688343048,60.58000183105469,1000.0,151.0,0.8825997710227966,0.020852070301771164,22.0,1.000898838043213,1.000898838043213,1.000898838043213,0.010566448792815208,0.00014800000644754618,0.5848879814147949,760000.0,-0.06602644175291061,0.0294230654835701,0.03149256110191345,0.006950442213565111,-0.00029074493795633316,0.1773097962141037,1.1551562547683716,0.05504798889160156,8.169509887695312,6439.6240234375,40.83128356933594,12.278074264526367,53.10935974121094,94.1453628540039,4.383768558502197,4.383768558502197,4.383768558502197,0.0
0.4125266373157501,65.62000274658203,1000.0,152.0,0.8817848563194275,0.022937197238206863,3.0,1.002679467201233,1.002679467201233,1.002679467201233,0.009769560769200325,0.00014699999883305281,0.5844199657440186,765000.0,-0.011912687681615353,0.05411375407129526,0.048121947795152664,0.027049195021390915,0.020098752807825804,0.09819656610488892,5.557179927825928,4.402023673057556,8.720330238342285,6479.15576171875,37.89826965332031,1.5950605869293213,39.49332809448242,126.6036605834961,4.406067371368408,4.406067371368408,4.406067371368408,0.0
0.5631338953971863,81.94000244140625,1000.0,153.0,0.8820177316665649,0.025819841772317886,1.0,0.9981273412704468,0.9981273412704468,0.9981273412704468,0.008241357281804085,0.00014600000577047467,0.5845571756362915,770000.0,0.03056638315320015,0.0424790708348155,-0.12217003107070923,0.013029398396611214,-0.014019796624779701,0.21534083783626556,16.75400161743164,11.196821689605713,8.072686195373535,6520.73193359375,41.05698013305664,0.48567652702331543,41.54265594482422,120.35821533203125,4.42861270904541,4.42861270904541,4.42861270904541,0.0
0.6607927680015564,91.54000091552734,1000.0,154.0,0.8841074109077454,0.022957799956202507,16.0,1.0046255588531494,1.0046255588531494,1.0046255588531494,0.010021227411925793,0.0001449999981559813,0.5857704281806946,775000.0,-0.1084018126130104,-0.13896819576621056,0.04933110997080803,0.005593526177108288,-0.007435872219502926,0.2824949622154236,2.8459904193878174,-13.908011198043823,12.323978424072266,6572.89599609375,43.43465042114258,8.6942138671875,52.12886428833008,95.91615295410156,4.4517822265625,4.4517822265625,4.4517822265625,0.0
0.8335282802581787,93.5,1000.0,155.0,0.8786747455596924,0.021149292588233948,29.0,1.0019781589508057,1.0019781589508057,1.0019781589508057,0.009917110204696655,0.00014400000509340316,0.5826168656349182,780000.0,-0.09901130199432373,0.009390510618686676,-0.046296343207359314,0.007469876669347286,0.0018763504922389984,0.20040108263492584,1.015156865119934,-1.8308335542678833,11.412550926208496,6625.42626953125,39.441925048828125,13.050505638122559,52.492427825927734,95.2518310546875,4.475598335266113,4.475598335266113,4.475598335266113,0.0
0.831501305103302,94.4000015258789,1000.0,156.0,0.8708924651145935,0.02011224441230297,6.0,1.0016981363296509,1.0016981363296509,1.0016981363296509,0.010408029891550541,0.0001429999974789098,0.5781229734420776,785000.0,-0.043266456574201584,0.05574484542012215,-0.09823299944400787,0.006914966274052858,-0.0005549103952944279,0.2824511229991913,2.6730995178222656,1.6579426527023315,7.916301727294922,6659.42041015625,31.519031524658203,2.4448792934417725,33.96390914916992,147.215087890625,4.500036716461182,4.500036716461182,4.500036716461182,0.0
0.8653311729431152,89.30000305175781,1000.0,157.0,0.8678433299064636,0.020008286461234093,31.0,1.0008944272994995,1.0008944272994995,1.0008944272994995,0.009509444236755371,0.00014200000441633165,0.5763927102088928,790000.0,-0.06112942099571228,-0.017862964421510696,-0.10910072922706604,0.007152285892516375,0.00023731961846351624,0.0952698290348053,0.7041805386543274,-1.9689189791679382,7.159041404724121,6704.3857421875,31.06583023071289,13.86929702758789,44.93512725830078,111.27152252197266,4.524827480316162,4.524827480316162,4.524827480316162,0.0
0.8044885396957397,84.95999908447266,1000.0,158.0,0.8707609176635742,0.02123555727303028,25.0,1.0048259496688843,1.0048259496688843,1.0048259496688843,0.010461021214723587,0.00014099999680183828,0.578096330165863,795000.0,-0.05577586218714714,0.00535355880856514,0.0802784264087677,0.007768109440803528,0.0006158235482871532,0.3032465875148773,0.8762769103050232,0.1720963716506958,7.094069480895996,6747.31201171875,32.030033111572266,10.866426467895508,42.896461486816406,116.55973052978516,4.5497589111328125,4.5497589111328125,4.5497589111328125,0.0
0.9713013172149658,86.55999755859375,1000.0,159.0,0.876375675201416,0.020925309509038925,8.0,1.0005584955215454,1.0005584955215454,1.0005584955215454,0.009533658623695374,0.00014000000373926014,0.5813930630683899,800000.0,-0.05224700644612312,0.0035288557410240173,-0.043596845120191574,0.007364158984273672,-0.00040395045652985573,0.06983240693807602,1.9870275259017944,1.1107506155967712,8.100196838378906,6786.16064453125,35.21977615356445,3.5988430976867676,38.81861877441406,128.80416870117188,4.574887275695801,4.574887275695801,4.574887275695801,0.0
1.226144552230835,97.66000366210938,1000.0,160.0,0.8767023086547852,0.02205907553434372,9.0,0.9992848038673401,0.9992848038673401,0.9992848038673401,0.011896614916622639,0.00013899999612476677,0.5816271305084229,805000.0,-0.08116143196821213,-0.028914425522089005,0.049810513854026794,0.01897628791630268,0.011612128932029009,0.12808530032634735,3.2795393466949463,1.2925118207931519,7.581471920013428,6823.90625,33.876644134521484,3.8358068466186523,37.71244812011719,132.58221435546875,4.600656986236572,4.600656986236572,4.600656986236572,0.0
1.282349705696106,99.62000274658203,1000.0,161.0,0.8722733855247498,0.02065921761095524,29.0,1.0025579929351807,1.0025579929351807,1.0025579929351807,0.010648511350154877,0.00013800000306218863,0.5791188478469849,810000.0,-0.09720958769321442,-0.01604815572500229,0.0658317506313324,0.00890463124960661,-0.010071656666696072,0.17338889837265015,1.1565181016921997,-2.1230212450027466,8.220416069030762,6868.09521484375,31.6888370513916,12.46994400024414,44.15877914428711,113.2277603149414,4.627086639404297,4.627086639404297,4.627086639404297,0.0
1.2555354833602905,99.33999633789062,1000.0,162.0,0.867813766002655,0.02281477116048336,4.0,0.9993840456008911,0.9993840456008911,0.9993840456008911,0.009835919365286827,0.00013699999544769526,0.576533854007721,815000.0,-0.030967313796281815,0.0662422738969326,0.15620872378349304,0.014570934697985649,0.00566630344837904,0.16771358251571655,4.569870948791504,3.413352847099304,10.495158195495605,6903.24462890625,33.44268798828125,1.6764812469482422,35.119171142578125,142.37237548828125,4.6541008949279785,4.6541008949279785,4.6541008949279785,0.0
1.103665828704834,77.0,1000.0,163.0,0.8594207763671875,0.020366763696074486,40.0,0.9948796033859253,0.9948796033859253,0.9948796033859253,0.01042963471263647,0.00013600000238511711,0.5716428160667419,820000.0,-0.0833948627114296,-0.05242754891514778,-0.07737835496664047,0.007176461163908243,-0.007394473534077406,0.05473889783024788,0.7752580046653748,-3.794612944126129,11.386484146118164,6955.66455078125,34.93701171875,17.452213287353516,52.389225006103516,95.43946838378906,4.680714130401611,4.680714130401611,4.680714130401611,0.0
1.0736278295516968,65.5199966430664,1000.0,164.0,0.8453125357627869,0.020584452897310257,27.0,1.002404808998108,1.002404808998108,1.002404808998108,0.010084287263453007,0.00013499999477062374,0.5636094808578491,825000.0,-0.08787183463573456,-0.004476971924304962,0.04561251401901245,0.01072345208376646,0.0035469909198582172,0.11275392770767212,1.080987572669983,0.30572956800460815,5.707127571105957,6999.1865234375,31.83009147644043,11.660916328430176,43.49100875854492,114.96629333496094,4.706485271453857,4.706485271453857,4.706485271453857,0.0
0.7135829329490662,63.91999816894531,1000.0,165.0,0.8412929773330688,0.021507276222109795,12.0,0.9990123510360718,0.9990123510360718,0.9990123510360718,0.0101774288341403,0.0001340000017080456,0.5613421201705933,830000.0,-0.04790138453245163,0.03997045010328293,0.08798990398645401,0.009293969720602036,-0.001429482363164425,0.0684991180896759,1.3148146867752075,0.2338271141052246,6.386768817901611,7037.40576171875,33.07522964477539,5.115195274353027,38.190425872802734,130.92286682128906,4.7314324378967285,4.7314324378967285,4.7314324378967285,0.0
0.6854936480522156,63.900001525878906,1000.0,166.0,0.838826060295105,0.021937400102615356,25.0,1.0020991563796997,1.0020991563796997,1.0020991563796997,0.011386966332793236,0.00013299999409355223,0.5599052906036377,835000.0,-0.08758547902107239,-0.03968409448862076,0.04414888098835945,0.012353316880762577,0.0030593471601605415,0.21566618978977203,1.1105588674545288,-0.2042558193206787,5.310379505157471,7080.17626953125,31.95979118347168,10.780460357666016,42.74024963378906,116.9857406616211,4.755639553070068,4.755639553070068,4.755639553070068,0.0
0.6342813968658447,69.45999908447266,1000.0,167.0,0.8396028280258179,0.020717572420835495,20.0,1.0044292211532593,1.0044292211532593,1.0044292211532593,0.0108129121363163,0.0001320000010309741,0.5602985620498657,840000.0,-0.08298303931951523,0.004602439701557159,0.12845543026924133,0.010771099478006363,-0.0015822174027562141,0.09968981146812439,1.5661827325820923,0.4556238651275635,4.245232105255127,7122.37548828125,33.42287826538086,8.746310234069824,42.169189453125,118.56998443603516,4.779419898986816,4.779419898986816,4.779419898986816,0.0
0.5285932421684265,67.08000183105469,1000.0,168.0,0.8385063409805298,0.020874032750725746,34.0,1.0011917352676392,1.0011917352676392,1.0011917352676392,0.01096596010029316,0.00013099999341648072,0.5596729516983032,845000.0,-0.08687625080347061,-0.0038932114839553833,0.007352211978286505,0.006592347286641598,-0.004178752191364765,0.1818690299987793,0.9592849612236023,-0.60689777135849,4.569499969482422,7169.79541015625,32.540462493896484,14.849703788757324,47.390167236328125,105.50711822509766,4.802717685699463,4.802717685699463,4.802717685699463,0.0
0.47642722725868225,62.439998626708984,1000.0,169.0,0.8308479189872742,0.020625179633498192,20.0,0.9980229139328003,0.9980229139328003,0.9980229139328003,0.011140146292746067,0.00013000000035390258,0.5553905963897705,850000.0,-0.06894057989120483,0.017935670912265778,-0.006989004090428352,0.00879331212490797,0.0022009648382663727,0.18392691016197205,0.9595199823379517,0.00023502111434936523,10.287781715393066,7210.703125,32.731468200683594,8.146614074707031,40.878082275390625,122.31494140625,4.825384140014648,4.825384140014648,4.825384140014648,0.0
0.11858009546995163,46.81999969482422,1000.0,170.0,0.823603093624115,0.021202504634857178,21.0,1.0040539503097534,1.0040539503097534,1.0040539503097534,0.00993369147181511,0.0001289999927394092,0.5513797402381897,855000.0,-0.07183974236249924,-0.002899162471294403,-0.12485215067863464,0.005484330002218485,-0.0033089821226894855,0.1723843216896057,1.2788957357406616,0.31937575340270996,6.085990905761719,7249.396484375,29.88744354248047,8.770649909973145,38.65809631347656,129.33901977539062,4.846806526184082,4.846806526184082,4.846806526184082,0.0
0.01226908527314663,41.41999816894531,1000.0,171.0,0.8111999034881592,0.016984032467007637,40.0,0.9993367791175842,0.9993367791175842,0.9993367791175842,0.009832027368247509,0.00012799999967683107,0.5445902347564697,860000.0,-0.04822163283824921,0.02361810952425003,-0.029334628954529762,0.005362444557249546,-0.00012188544496893883,-0.08013496547937393,0.7047117352485657,-0.574184000492096,4.172515869140625,7297.23828125,30.887264251708984,16.925294876098633,47.81256103515625,104.57503509521484,4.8668718338012695,4.8668718338012695,4.8668718338012695,0.0
-0.2785114347934723,37.220001220703125,1000.0,172.0,0.801182746887207,0.02086414396762848,2.0,1.0006144046783447,1.0006144046783447,1.0006144046783447,0.010921857319772243,0.00012700000661425292,0.5391548871994019,865000.0,-0.017339026555418968,0.03088260628283024,0.0458512008190155,0.00938584003597498,0.004023395478725433,0.06589633226394653,7.241358757019043,6.536647021770477,7.026975154876709,7330.099609375,32.04046630859375,0.7910113334655762,32.83147430419922,152.29287719726562,4.885528087615967,4.885528087615967,4.885528087615967,0.0
-0.39177843928337097,42.119998931884766,1000.0,173.0,0.8012455701828003,0.02320539765059948,10.0,1.0015431642532349,1.0015431642532349,1.0015431642532349,0.010998756624758244,0.00012599999899975955,0.5391884446144104,870000.0,-0.059767235070466995,-0.04242820851504803,-0.0657205581665039,0.012092244811356068,0.0027064047753810883,-0.050229307264089584,1.6527889966964722,-5.588569760322571,6.688949108123779,7366.08544921875,31.961498260498047,3.9970574378967285,35.95855712890625,139.04896545410156,4.903131008148193,4.903131008148193,4.903131008148193,0.0
-0.1782597005367279,47.02000045776367,1000.0,174.0,0.7994639277458191,0.02744392119348049,1.0,1.0001437664031982,1.0001437664031982,1.0001437664031982,0.009427124634385109,0.0001250000059371814,0.5382274985313416,875000.0,0.034646496176719666,0.09441373124718666,0.014662995003163815,0.036469098180532455,0.024376853369176388,0.07594871520996094,9.06466293334961,7.411873936653137,7.686907768249512,7396.72314453125,30.242950439453125,0.3649120330810547,30.60786247253418,163.35671997070312,4.920001983642578,4.920001983642578,4.920001983642578,0.0
0.1314682811498642,52.31999969482422,1000.0,175.0,0.7993413209915161,0.021608218550682068,1.0,1.0000439882278442,1.0000439882278442,1.0000439882278442,0.007704056799411774,0.00012399999832268804,0.5381612181663513,880000.0,0.013759451918303967,-0.0208870442584157,-0.09065297245979309,0.013647669926285744,-0.02282142825424671,0.06344860792160034,8.154937744140625,-0.9097251892089844,7.517562389373779,7429.27734375,32.143646240234375,0.38376593589782715,32.52741241455078,153.7165069580078,4.936450004577637,4.936450004577637,4.936450004577637,0.0
0.15163204073905945,54.720001220703125,1000.0,176.0,0.7993300557136536,0.022379348054528236,2.0,1.0012990236282349,1.0012990236282349,1.0012990236282349,0.00895434059202671,0.0001230000052601099,0.5381551384925842,885000.0,-0.010797753930091858,-0.024557205848395824,-0.07823830097913742,0.009494634345173836,-0.004153035581111908,0.05550576001405716,6.841792106628418,-1.313145637512207,9.094975471496582,7461.146484375,30.85979461669922,0.9839046001434326,31.843700408935547,157.01693725585938,4.952625751495361,4.952625751495361,4.952625751495361,0.0
0.08466779440641403,54.0,1000.0,177.0,0.7991398572921753,0.02063560113310814,14.0,1.0005513429641724,1.0005513429641724,1.0005513429641724,0.011170800775289536,0.00012199999764561653,0.5380536913871765,890000.0,-0.076130710542202,-0.06533295661211014,0.048114798963069916,0.006820094306021929,-0.002674540039151907,0.09650327265262604,2.1853253841400146,-4.656466722488403,6.386250019073486,7500.2744140625,33.47147750854492,5.625396251678467,39.09687423706055,127.88745880126953,4.968527317047119,4.968527317047119,4.968527317047119,0.0
0.0021108246874064207,56.20000076293945,1000.0,178.0,0.7997132539749146,0.020848706364631653,13.0,1.0005607604980469,1.0005607604980469,1.0005607604980469,0.010134248062968254,0.00012099999730708078,0.5383625626564026,895000.0,-0.06793056428432465,0.00820014625787735,-0.019690005108714104,0.006515168584883213,-0.00030492572113871574,0.044347431510686874,1.950364112854004,-0.23496127128601074,6.301695823669434,7538.09814453125,32.28754806518555,5.505979061126709,37.79352569580078,132.29779052734375,4.984282493591309,4.984282493591309,4.984282493591309,0.0
0.01719709485769272,56.959999084472656,1000.0,179.0,0.8033028244972229,0.020104050636291504,17.0,1.0005254745483398,1.0005254745483398,1.0005254745483398,0.009755893610417843,0.00011999999696854502,0.5402981042861938,900000.0,-0.067386694252491,0.0005438700318336487,-0.09158384054899216,0.010877185501158237,0.004362016916275024,0.14948944747447968,1.2065560817718506,-0.7438080310821533,6.008914470672607,7576.392578125,31.37675666809082,6.8876848220825195,38.264442443847656,130.66961669921875,4.999943256378174,4.999943256378174,4.999943256378174,0.0
0.08489979058504105,59.47999954223633,1000.0,180.0,0.8076410889625549,0.021407270804047585,15.0,0.9994973540306091,0.9994973540306091,0.9994973540306091,0.010598242282867432,0.00011899999663000926,0.5426517128944397,905000.0,-0.07851514220237732,-0.011128447949886322,0.060880549252033234,0.006587076000869274,-0.004290109500288963,0.15662479400634766,1.911520004272461,0.7049639225006104,6.010146141052246,7614.2822265625,31.523853302001953,6.334001064300537,37.85785675048828,132.07298278808594,5.015635013580322,5.015635013580322,5.015635013580322,0.0
0.12153124064207077,59.34000015258789,1000.0,181.0,0.8071888089179993,0.017529267817735672,40.0,1.0007036924362183,1.0007036924362183,1.0007036924362183,0.010200335644185543,0.00011800000356743112,0.5424166321754456,910000.0,-0.0545804463326931,0.02393469586968422,-0.11888930201530457,0.009291667491197586,0.002704591490328312,0.07542065531015396,0.7507184743881226,-1.1608015298843384,6.632964134216309,7661.20947265625,30.214155197143555,16.682106018066406,46.896263122558594,106.61830139160156,5.0313520431518555,5.0313520431518555,5.0313520431518555,0.0
0.08775129169225693,52.15999984741211,1000.0,182.0,0.8033786416053772,0.020924221724271774,34.0,0.9984773397445679,0.9984773397445679,0.9984773397445679,0.010164950042963028,0.00011700000322889537,0.5403586626052856,915000.0,-0.04682835564017296,0.007752090692520142,0.08880557864904404,0.006760748103260994,-0.002530919387936592,0.009389635175466537,0.6621766090393066,-0.08854186534881592,5.3076558113098145,7707.50341796875,31.985170364379883,14.278948783874512,46.26411819458008,108.07511901855469,5.046772003173828,5.046772003173828,5.046772003173828,0.0
0.2314237654209137,56.47999954223633,1000.0,183.0,0.7990812063217163,0.020528174936771393,5.0,1.0017448663711548,1.0017448663711548,1.0017448663711548,0.011812230572104454,0.00011600000289035961,0.5380366444587708,920000.0,-0.03684953600168228,0.009978819638490677,0.06407172232866287,0.010096550919115543,0.0033358028158545494,0.15193325281143188,3.306018114089966,2.643841505050659,6.6028876304626465,7741.0205078125,31.466075897216797,2.0258779525756836,33.4919548034668,149.28958129882812,5.062121868133545,5.062121868133545,5.062121868133545,0.0
0.11936580389738083,53.08000183105469,1000.0,184.0,0.8002016544342041,0.02200036123394966,10.0,1.004382848739624,1.004382848739624,1.004382848739624,0.011883893050253391,0.00011500000255182385,0.5386626720428467,925000.0,-0.06119253486394882,-0.02434299886226654,0.013127881102263927,0.008076527155935764,-0.002020023763179779,0.31599879264831543,1.8198165893554688,-1.486201524734497,10.513982772827148,7775.69482421875,30.444608688354492,4.199979782104492,34.644588470458984,144.3226776123047,5.077258110046387,5.077258110046387,5.077258110046387,0.0
-0.0847645252943039,47.7400016784668,1000.0,185.0,0.7970747947692871,0.019018853083252907,40.0,0.9995596408843994,0.9995596408843994,0.9995596408843994,0.010320020839571953,0.0001140000022132881,0.5370128750801086,930000.0,-0.053111232817173004,0.008081302046775818,0.010374459438025951,0.005909461993724108,-0.0021670651622116566,0.11585838347673416,0.654604971408844,-1.1652116179466248,5.358829021453857,7821.71435546875,30.937665939331055,15.051909446716309,45.98957443237305,108.72029113769531,5.09196138381958,5.09196138381958,5.09196138381958,0.0
-0.1202191412448883,57.91999816894531,1000.0,186.0,0.7939671874046326,0.03151223808526993,3.0,1.0003938674926758,1.0003938674926758,1.0003938674926758,0.012608586810529232,0.00011300000187475234,0.5353595614433289,935000.0,-0.029670311138033867,0.023440921679139137,-0.07348296046257019,0.013051665388047695,0.007142203394323587,0.22677524387836456,7.4485578536987305,6.7939528822898865,8.247806549072266,7850.796875,27.919963836669922,1.1324996948242188,29.05246353149414,172.10244750976562,5.106740951538086,5.106740951538086,5.106740951538086,0.0
-0.009212550707161427,66.76000213623047,1000.0,187.0,0.7964764833450317,0.03338697552680969,1.0,0.9975929260253906,0.9975929260253906,0.9975929260253906,0.00696074403822422,0.00011200000153621659,0.5367175340652466,940000.0,0.02368255890905857,0.05335287004709244,0.07044551521539688,0.014566781930625439,0.0015151165425777435,0.15224584937095642,14.803543090820312,7.354985237121582,9.56513786315918,7883.68505859375,32.47431182861328,0.38567090034484863,32.859981536865234,152.1607666015625,5.121995449066162,5.121995449066162,5.121995449066162,0.0
0.13383203744888306,70.87999725341797,1000.0,188.0,0.8006400465965271,0.021310212090611458,21.0,1.0041171312332153,1.0041171312332153,1.0041171312332153,0.011327630840241909,0.00011100000119768083,0.5389853715896606,945000.0,-0.09614121913909912,-0.11982377804815769,-0.12244495004415512,0.007305579725652933,-0.007261202204972506,0.05946021154522896,1.9447872638702393,-12.858755826950073,8.926336288452148,7925.33837890625,32.853485107421875,8.774946212768555,41.62843322753906,120.11021423339844,5.137869358062744,5.137869358062744,5.137869358062744,0.0
0.11494356393814087,79.66000366210938,1000.0,189.0,0.800151526927948,0.020090891048312187,13.0,1.0024385452270508,1.0024385452270508,1.0024385452270508,0.011099493131041527,0.00011000000085914508,0.538745641708374,950000.0,-0.09378400444984436,0.0023572146892547607,-0.0020691663958132267,0.006688471417874098,-0.0006171083077788353,0.09688185155391693,3.2387661933898926,1.2939789295196533,9.478796005249023,7962.61865234375,31.74251937866211,5.50559663772583,37.24811553955078,134.23497009277344,5.154704570770264,5.154704570770264,5.154704570770264,0.0
0.07737705856561661,82.37999725341797,1000.0,190.0,0.7995893359184265,0.02189575880765915,26.0,1.0041472911834717,1.0041472911834717,1.0041472911834717,0.010765094310045242,0.00010900000052060932,0.5385268926620483,955000.0,-0.13845935463905334,-0.044675350189208984,-0.05819293111562729,0.009665454737842083,0.002976983319967985,0.21211020648479462,1.453668236732483,-1.7850979566574097,9.176725387573242,8004.0498046875,30.39187240600586,11.00730037689209,41.399173736572266,120.77536010742188,5.172532558441162,5.172532558441162,5.172532558441162,0.0
0.08757288753986359,88.08000183105469,1000.0,191.0,0.8019533157348633,0.020185785368084908,26.0,0.9966233372688293,0.9966233372688293,0.9966233372688293,0.010211914777755737,0.00010800000018207356,0.539917528629303,960000.0,-0.10792070627212524,0.0305386483669281,-0.04843755438923836,0.007036578841507435,-0.002628875896334648,0.15839631855487823,1.5448821783065796,0.09121394157409668,10.710918426513672,8045.26220703125,30.13241958618164,11.050027847290039,41.18244934082031,121.41094207763672,5.191515922546387,5.191515922546387,5.191515922546387,0.0
0.3319851756095886,92.41999816894531,1000.0,192.0,0.7943695783615112,0.020350256934762,39.0,1.000817060470581,1.000817060470581,1.000817060470581,0.009012273512780666,0.00010699999984353781,0.535908579826355,965000.0,-0.10727589577436447,0.0006448104977607727,-0.004395072814077139,0.009819302707910538,0.002782723866403103,0.15975618362426758,0.9268730878829956,-0.618009090423584,7.800395965576172,8094.16796875,32.5718994140625,16.30367088317871,48.87556838989258,102.30059814453125,5.211738109588623,5.211738109588623,5.211738109588623,0.0
0.37389159202575684,91.41999816894531,1000.0,193.0,0.7807391881942749,0.026313168928027153,12.0,1.0023311376571655,1.0023311376571655,1.0023311376571655,0.010254185646772385,0.00010599999950500205,0.5286656618118286,970000.0,-0.07978033274412155,0.02749556303024292,0.05096146836876869,0.0064017279073596,-0.0034175748005509377,0.3055444657802582,2.2186007499694824,1.2917276620864868,10.369319915771484,8129.80029296875,30.488967895507812,5.111581802368164,35.60055160522461,140.447265625,5.233032703399658,5.233032703399658,5.233032703399658,0.0
0.16525715589523315,86.22000122070312,1000.0,194.0,0.7740418314933777,0.020194251090288162,36.0,0.9945576786994934,0.9945576786994934,0.9945576786994934,0.010667629539966583,0.0001049999991664663,0.5251429080963135,975000.0,-0.06857696920633316,0.011203363537788391,0.13232791423797607,0.003020387841388583,-0.003381340065971017,0.019971536472439766,0.7824975848197937,-1.4361031651496887,8.484936714172363,8176.48876953125,31.70590591430664,14.952014923095703,46.657920837402344,107.1629409790039,5.25506067276001,5.25506067276001,5.25506067276001,0.0
0.19885210692882538,91.44000244140625,1000.0,195.0,0.7733356356620789,0.022710589691996574,32.0,1.0040644407272339,1.0040644407272339,1.0040644407272339,0.011213535442948341,0.00010399999882793054,0.5247749090194702,980000.0,-0.10295195877552032,-0.034374989569187164,-0.1277092546224594,0.0022613885812461376,-0.0007589992601424456,0.09805171191692352,1.6390273571014404,0.8565297722816467,7.029045104980469,8222.6044921875,32.29106521606445,13.791723251342773,46.08279037475586,108.50037384033203,5.277987003326416,5.277987003326416,5.277987003326416,0.0
0.07184017449617386,82.08000183105469,1000.0,196.0,0.774035632610321,0.02080424129962921,26.0,1.0023926496505737,1.0023926496505737,1.0023926496505737,0.011140510439872742,0.00010299999848939478,0.5251208543777466,985000.0,-0.1278296560049057,-0.024877697229385376,-0.1519988775253296,0.003972461447119713,0.0017110728658735752,0.009266463108360767,1.5485427379608154,-0.090484619140625,6.093916416168213,8265.4404296875,31.811967849731445,10.99131965637207,42.803287506103516,116.8134536743164,5.301301956176758,5.301301956176758,5.301301956176758,0.0
-0.05556248500943184,69.63999938964844,1000.0,197.0,0.767288088798523,0.020102495327591896,31.0,0.9977749586105347,0.9977749586105347,0.9977749586105347,0.010391869582235813,0.00010199999815085903,0.5216246843338013,990000.0,-0.09507358074188232,0.032756075263023376,0.013438200578093529,0.004007733426988125,3.527197986841202e-05,-0.04685436561703682,0.9391905665397644,-0.609352171421051,9.77399730682373,8310.619140625,32.18388748168945,12.964329719543457,45.148216247558594,110.74634552001953,5.324405193328857,5.324405193328857,5.324405193328857,0.0
-0.17052268981933594,66.83999633789062,1000.0,198.0,0.7570658922195435,0.01924189180135727,40.0,1.0053791999816895,1.0053791999816895,1.0053791999816895,0.01063275896012783,0.00010099999781232327,0.5165702700614929,995000.0,-0.08120498806238174,0.01386859267950058,-0.004702590871602297,0.003355091204866767,-0.0006526422221213579,-0.02762024849653244,0.8091763854026794,-0.13001418113708496,7.397887706756592,8361.376953125,33.699424743652344,17.02901840209961,50.72844314575195,98.56403350830078,5.347192287445068,5.347192287445068,5.347192287445068,0.0
-0.25949227809906006,63.79999923706055,1000.0,199.0,0.7501969933509827,0.018769294023513794,40.0,1.0107903480529785,1.0107903480529785,1.0107903480529785,0.012008331716060638,9.999999747378752e-05,0.5132953524589539,1000000.0,-0.11393987387418747,-0.032734885811805725,-0.04346494376659393,0.006844228599220514,0.0034891373943537474,0.04786989092826843,0.8952159285545349,0.08603954315185547,9.294273376464844,8407.068359375,29.102548599243164,16.562278747558594,45.66482925415039,109.49346160888672,5.369558811187744,5.369558811187744,5.369558811187744,0.0
-0.271279901266098,61.29999923706055,1000.0,200.0,0.7417525053024292,0.020071914419531822,39.0,1.0053967237472534,1.0053967237472534,1.0053967237472534,0.011028720997273922,9.899999713525176e-05,0.5089443922042847,1005000.0,-0.10433485358953476,0.00960502028465271,0.1247553825378418,0.007303718477487564,0.0004594898782670498,-0.0525415875017643,1.2016026973724365,0.3063867688179016,6.943887710571289,8454.4560546875,31.075777053833008,16.27668571472168,47.35246276855469,105.59112548828125,5.3914337158203125,5.3914337158203125,5.3914337158203125,0.0
-0.2466372698545456,57.459999084472656,1000.0,201.0,0.7327677011489868,0.019059915095567703,40.0,0.996430516242981,0.996430516242981,0.996430516242981,0.010147669352591038,9.7999996796716e-05,0.5044805407524109,1010000.0,-0.06622874736785889,0.03810610622167587,-0.08407599478960037,0.0023198076523840427,-0.004983910825103521,0.03629973903298378,0.7272965908050537,-0.4743061065673828,8.532063484191895,8503.1552734375,32.260719299316406,16.406103134155273,48.66682052612305,102.7394027709961,5.412691116333008,5.412691116333008,5.412691116333008,0.0
-0.2962437570095062,61.400001525878906,1000.0,202.0,0.7260950803756714,0.025934653356671333,3.0,1.0021889209747314,1.0021889209747314,1.0021889209747314,0.010282132774591446,9.699999645818025e-05,0.5011576414108276,1015000.0,-0.0063264090567827225,0.059902338311076164,-0.027866575866937637,0.005117037799209356,0.0027972301468253136,-0.003664579475298524,5.76328706741333,5.035990476608276,5.197888374328613,8536.9052734375,32.30498123168945,1.4124209880828857,33.717403411865234,148.29136657714844,5.433577537536621,5.433577537536621,5.433577537536621,0.0
-0.4356424808502197,56.13999938964844,1000.0,203.0,0.7264569997787476,0.025641893967986107,1.0,1.0008299350738525,1.0008299350738525,1.0008299350738525,0.009721574373543262,9.600000339560211e-05,0.501304030418396,1020000.0,0.0085816765204072,0.014908085577189922,0.05031156539916992,0.004953882656991482,-0.00016315514221787453,0.056629814207553864,4.611662864685059,-1.1516242027282715,7.655063152313232,8569.578125,32.2760009765625,0.3667728900909424,32.64277267456055,153.1732635498047,5.453887462615967,5.453887462615967,5.453887462615967,0.0
-0.27304843068122864,61.060001373291016,1000.0,204.0,0.7245394587516785,0.02000393345952034,18.0,1.0012009143829346,1.0012009143829346,1.0012009143829346,0.010966948233544827,9.500000305706635e-05,0.5003443956375122,1025000.0,-0.10322582721710205,-0.11180750373750925,-0.09050843119621277,0.005869606975466013,0.0009157243184745312,0.019938630983233452,1.7414065599441528,-2.8702563047409058,11.121291160583496,8607.3857421875,31.155256271362305,6.6221160888671875,37.777374267578125,132.35435485839844,5.473910808563232,5.473910808563232,5.473910808563232,0.0
-0.05166292190551758,58.0,1000.0,205.0,0.7206618785858154,0.02072272263467312,31.0,0.999851644039154,0.999851644039154,0.999851644039154,0.010847838595509529,9.40000027185306e-05,0.4984712600708008,1030000.0,-0.08694840222597122,0.01627742499113083,0.2270616590976715,0.014166303910315037,0.008296696934849024,0.05664888396859169,1.286569356918335,-0.45483720302581787,6.162021636962891,8651.8740234375,31.84255599975586,12.622727394104004,44.46528244018555,112.44728088378906,5.49353551864624,5.49353551864624,5.49353551864624,0.0
-0.09790492802858353,49.63999938964844,1000.0,206.0,0.7127110362052917,0.011946766637265682,40.0,1.0001887083053589,1.0001887083053589,1.0001887083053589,0.008605570532381535,9.300000237999484e-05,0.49460577964782715,1035000.0,-0.03324519842863083,0.05370320379734039,0.011858186684548855,0.003519883146509528,-0.010646420763805509,-0.02318696118891239,0.8088592290878296,-0.47771012783050537,3.9242215156555176,8698.154296875,29.68806266784668,16.566696166992188,46.254756927490234,108.09698486328125,5.512410640716553,5.512410640716553,5.512410640716553,0.0
0.05857512354850769,57.119998931884766,1000.0,207.0,0.7092546224594116,0.020889725536108017,7.0,1.0012351274490356,1.0012351274490356,1.0012351274490356,0.011702642776072025,9.200000204145908e-05,0.4929881989955902,1040000.0,-0.05274410918354988,-0.019498910754919052,0.09940901398658752,0.012824906967580318,0.00930502382107079,-0.14240607619285583,3.3551366329193115,2.546277403831482,9.607393264770508,8733.0673828125,32.030216217041016,2.8466062545776367,34.87682342529297,143.36167907714844,5.530965328216553,5.530965328216553,5.530965328216553,0.0
0.17058254778385162,61.959999084472656,1000.0,208.0,0.7123830914497375,0.02172415889799595,5.0,0.9999944567680359,0.9999944567680359,0.9999944567680359,0.010047145187854767,9.100000170292333e-05,0.4945591688156128,1045000.0,-0.052960094064474106,-0.00021598488092422485,-0.057458896189928055,0.006560714915394783,-0.006264192052185535,-0.1476340889930725,3.3408455848693848,-0.014291048049926758,6.1485595703125,8766.2919921875,31.195796966552734,2.0023391246795654,33.19813537597656,150.61085510253906,5.549461841583252,5.549461841583252,5.549461841583252,0.0
0.10390231758356094,57.70000076293945,1000.0,209.0,0.7170624732971191,0.020425960421562195,35.0,1.0008939504623413,1.0008939504623413,1.0008939504623413,0.010407272726297379,9.000000136438757e-05,0.4970270097255707,1050000.0,-0.0953068733215332,-0.0423467792570591,-0.10944157093763351,0.0035481380764395,-0.003012576838955283,-0.08545438945293427,1.1456668376922607,-2.195178747177124,6.5018310546875,8809.7333984375,30.219663619995117,13.191184997558594,43.41084671020508,115.17858123779297,5.5677080154418945,5.5677080154418945,5.5677080154418945,0.0
0.146959587931633,64.95999908447266,1000.0,210.0,0.7149883508682251,0.022273365408182144,9.0,1.0001156330108643,1.0001156330108643,1.0001156330108643,0.010692170821130276,8.900000102585182e-05,0.4960331916809082,1055000.0,-0.08406464755535126,0.011242225766181946,0.1883419007062912,0.003259588498622179,-0.0002885495778173208,-0.07440318912267685,4.449029445648193,3.3033626079559326,12.837735176086426,8842.1826171875,28.94797706604004,3.471402406692505,32.41938018798828,154.22874450683594,5.5860748291015625,5.5860748291015625,5.5860748291015625,0.0
0.017797041684389114,64.9800033569336,1000.0,211.0,0.7171222567558289,0.014251627027988434,40.0,0.9999850392341614,0.9999850392341614,0.9999850392341614,0.008181390352547169,8.800000068731606e-05,0.4970269799232483,1060000.0,-0.05920979008078575,0.024854857474565506,0.043342430144548416,0.003687838092446327,0.0004282495938241482,-0.05321412906050682,0.6882215142250061,-3.7608079314231873,3.2227888107299805,8890.83984375,31.748149871826172,16.87883186340332,48.62697982788086,102.82357025146484,5.604554653167725,5.604554653167725,5.604554653167725,0.0
-0.059915266931056976,63.97999954223633,1000.0,212.0,0.7161315083503723,0.02053205296397209,22.0,0.999925434589386,0.999925434589386,0.999925434589386,0.010991543531417847,8.70000003487803e-05,0.4964370131492615,1065000.0,-0.09510917961597443,-0.035899389535188675,0.10799042880535126,0.002761176321655512,-0.0009266617707908154,-0.06452298909425735,1.5071505308151245,0.8189290165901184,9.33613395690918,8930.48828125,30.148670196533203,9.462006568908691,39.61067581176758,126.22859191894531,5.623092174530029,5.623092174530029,5.623092174530029,0.0
-0.03617985546588898,62.540000915527344,1000.0,213.0,0.7111442685127258,0.020858656615018845,36.0,1.0025231838226318,1.0025231838226318,1.0025231838226318,0.009982708841562271,8.600000001024455e-05,0.49385640025138855,1070000.0,-0.07811704277992249,0.01699213683605194,0.039766885340213776,0.004116377793252468,0.0013552014715969563,-0.07804636657238007,0.9399492144584656,-0.5672013163566589,3.9792816638946533,8977.81640625,32.13352966308594,15.164528846740723,47.298057556152344,105.71258544921875,5.6416168212890625,5.6416168212890625,5.6416168212890625,0.0
-0.2092592567205429,58.959999084472656,1000.0,214.0,0.7007209658622742,0.02097790129482746,40.0,0.998441219329834,0.998441219329834,0.998441219329834,0.010665865615010262,8.499999967170879e-05,0.48888877034187317,1075000.0,-0.07547309994697571,0.0026439428329467773,-0.04795464500784874,0.002137585775926709,-0.001978792017325759,-0.028179483488202095,0.8183054327964783,-0.1216437816619873,10.27506160736084,9026.92578125,31.84844970703125,17.230918884277344,49.079368591308594,101.87580108642578,5.6599626541137695,5.6599626541137695,5.6599626541137695,0.0
-0.3211616575717926,67.44000244140625,1000.0,215.0,0.6917891502380371,0.018782705068588257,40.0,1.0240857601165771,1.0240857601165771,1.0240857601165771,0.013724745251238346,8.399999933317304e-05,0.48446109890937805,1080000.0,-0.10987714678049088,-0.03440404683351517,-0.03374162316322327,0.003702996764332056,0.0015654109884053469,-0.07811735570430756,1.2607855796813965,0.4424801468849182,7.65582275390625,9077.431640625,33.55793762207031,16.912858963012695,50.47079849243164,99.06718444824219,5.678554534912109,5.678554534912109,5.678554534912109,0.0
-0.3464108407497406,69.08000183105469,1000.0,216.0,0.6862084269523621,0.0178725216537714,40.0,1.0015639066696167,1.0015639066696167,1.0015639066696167,0.009384818375110626,8.299999899463728e-05,0.48167580366134644,1085000.0,-0.05925208702683449,0.05062505975365639,-0.037711165845394135,0.004231361672282219,0.0005283649079501629,-0.07087104767560959,0.8012738227844238,-0.45951175689697266,6.202897548675537,9126.4990234375,32.617103576660156,16.42291831970215,49.04001998901367,101.9575424194336,5.697449684143066,5.697449684143066,5.697449684143066,0.0
-0.4475901126861572,58.900001525878906,1000.0,217.0,0.6785054206848145,0.019209356978535652,40.0,0.9998577833175659,0.9998577833175659,0.9998577833175659,0.00919308140873909,8.199999865610152e-05,0.47806286811828613,1090000.0,-0.05858001857995987,0.0006720684468746185,0.02856762893497944,0.003696767147630453,-0.0005345945246517658,-0.10536669939756393,0.5854361057281494,-0.21583771705627441,7.9676361083984375,9173.794921875,30.53013038635254,16.737472534179688,47.26760482788086,105.78069305419922,5.716134548187256,5.716134548187256,5.716134548187256,0.0
-0.5662765502929688,51.81999969482422,1000.0,218.0,0.6757853031158447,0.020138254389166832,27.0,1.0035547018051147,1.0035547018051147,1.0035547018051147,0.009976132772862911,8.099999831756577e-05,0.4769015312194824,1095000.0,-0.07581926882266998,-0.017239250242710114,-0.09375011175870895,0.006301046349108219,0.002604279201477766,0.08258652687072754,0.8438136577606201,0.2583775520324707,6.077218532562256,9219.7099609375,34.58610153198242,11.299092292785645,45.88519287109375,108.96761322021484,5.734292984008789,5.734292984008789,5.734292984008789,0.0
-0.4264078438282013,54.880001068115234,1000.0,219.0,0.6713011264801025,0.020186815410852432,20.0,1.0049810409545898,1.0049810409545898,1.0049810409545898,0.011194944381713867,7.999999797903001e-05,0.4747580587863922,1100000.0,-0.07548266649246216,0.0003366023302078247,-0.06006820127367973,0.004779461305588484,-0.0015215850435197353,-0.10349307954311371,1.1787770986557007,0.33496344089508057,7.181034564971924,9258.1318359375,30.69764518737793,7.69278621673584,38.39043045043945,130.24078369140625,5.752126216888428,5.752126216888428,5.752126216888428,0.0
-0.457366019487381,47.779998779296875,1000.0,220.0,0.6678353548049927,0.0201129037886858,25.0,1.0054562091827393,1.0054562091827393,1.0054562091827393,0.010406200774013996,7.899999764049426e-05,0.4731330871582031,1105000.0,-0.12172982841730118,-0.04624716192483902,0.05179831385612488,0.006115734111517668,0.001336272805929184,-0.08419769257307053,1.3655556440353394,0.18677854537963867,9.105596542358398,9297.8583984375,29.25829315185547,10.438201904296875,39.696495056152344,125.95570373535156,5.7693257331848145,5.7693257331848145,5.7693257331848145,0.0
-0.3984547555446625,46.220001220703125,1000.0,221.0,0.664167046546936,0.019144147634506226,40.0,0.9968195557594299,0.9968195557594299,0.9968195557594299,0.009869537316262722,7.79999973019585e-05,0.47139251232147217,1110000.0,-0.0542086698114872,0.06752115860581398,0.06585178524255753,0.0026102191768586636,-0.003505514934659004,0.06205954775214195,0.906149685382843,-0.45940595865249634,6.5296630859375,9347.2568359375,32.561195373535156,16.804365158081055,49.365562438964844,101.28518676757812,5.785880088806152,5.785880088806152,5.785880088806152,0.0
-0.3519744575023651,39.560001373291016,1000.0,222.0,0.6536886096000671,0.016223134472966194,40.0,1.0010061264038086,1.0010061264038086,1.0010061264038086,0.00941561907529831,7.699999696342275e-05,0.4665866792201996,1115000.0,-0.05785040929913521,-0.0036417394876480103,0.04153890907764435,0.004943682346493006,0.002333463169634342,-0.039061952382326126,0.5739423632621765,-0.3322073221206665,6.671431064605713,9395.658203125,31.99644660949707,16.377182006835938,48.37363052368164,103.36210632324219,5.801529884338379,5.801529884338379,5.801529884338379,0.0
-0.13198164105415344,38.959999084472656,1000.0,223.0,0.6393899321556091,0.019543593749403954,40.0,1.001802921295166,1.001802921295166,1.001802921295166,0.010133673436939716,7.599999662488699e-05,0.4601520895957947,1120000.0,-0.06326698511838913,-0.0054165758192539215,0.10284511744976044,0.018421439453959465,0.01347775710746646,-0.0426425002515316,0.5296252965927124,-0.04431706666946411,8.411314964294434,9445.5361328125,33.16694259643555,16.678495407104492,49.845436096191406,100.3100814819336,5.816335201263428,5.816335201263428,5.816335201263428,0.0
-0.17509174346923828,44.279998779296875,1000.0,224.0,0.6336439847946167,0.021088315173983574,32.0,1.004279375076294,1.004279375076294,1.004279375076294,0.011914553120732307,7.500000356230885e-05,0.45770102739334106,1125000.0,-0.11124704033136368,-0.04798005521297455,0.07044666260480881,0.006202819757163525,-0.01221861969679594,-0.06065048649907112,0.8133836984634399,0.28375840187072754,5.201594829559326,9490.595703125,31.704408645629883,13.325593948364258,45.03000259399414,111.0370864868164,5.830641746520996,5.830641746520996,5.830641746520996,0.0
-0.210551917552948,43.13999938964844,1000.0,225.0,0.6352092623710632,0.021305087953805923,11.0,1.0033133029937744,1.0033133029937744,1.0033133029937744,0.012074886821210384,7.400000322377309e-05,0.45847031474113464,1130000.0,-0.0883764773607254,0.022870562970638275,-0.0023800081107765436,0.004897949751466513,-0.001304870005697012,-0.21148356795310974,2.432982921600342,1.6195992231369019,8.448019027709961,9528.5146484375,33.256370544433594,4.63216495513916,37.88853454589844,131.96603393554688,5.844444274902344,5.844444274902344,5.844444274902344,0.0
-0.10677461326122284,49.84000015258789,1000.0,226.0,0.6318836808204651,0.02022475004196167,34.0,1.0042558908462524,1.0042558908462524,1.0042558908462524,0.01119726337492466,7.300000288523734e-05,0.456796258687973,1135000.0,-0.14104831218719482,-0.05267183482646942,-0.12329655885696411,0.003326780628412962,-0.0015711691230535507,0.0032403357326984406,1.5737078189849854,-0.8592751026153564,5.891678810119629,9574.9169921875,32.36857604980469,14.004243850708008,46.37281799316406,107.82178497314453,5.858124256134033,5.858124256134033,5.858124256134033,0.0
-0.2576894164085388,49.84000015258789,1000.0,227.0,0.626936137676239,0.012320823967456818,40.0,1.000170350074768,1.000170350074768,1.000170350074768,0.008052532561123371,7.200000254670158e-05,0.4545709192752838,1140000.0,-0.03735068440437317,0.10369762778282166,0.008399728685617447,0.0024564950726926327,-0.0008702855557203293,-0.04360345005989075,0.5856778621673584,-0.988029956817627,5.351317405700684,9625.44140625,33.7906494140625,16.69864845275879,50.48929977416992,99.0308837890625,5.8716959953308105,5.8716959953308105,5.8716959953308105,0.0
-0.2735852599143982,45.86000061035156,1000.0,228.0,0.6230248212814331,0.01748076267540455,40.0,1.0007909536361694,1.0007909536361694,1.0007909536361694,0.009785185568034649,7.100000220816582e-05,0.4529084265232086,1145000.0,-0.04650585353374481,-0.009155169129371643,-0.1415691077709198,0.00411856546998024,0.0016620703972876072,0.014190896414220333,0.6220029592514038,0.03632509708404541,5.852027416229248,9676.0830078125,34.033912658691406,16.574031829833984,50.60794448852539,98.79871368408203,5.884975910186768,5.884975910186768,5.884975910186768,0.0
-0.3032360076904297,44.15999984741211,1000.0,229.0,0.6207588911056519,0.017434539273381233,40.0,1.014157772064209,1.014157772064209,1.014157772064209,0.011151794344186783,7.000000186963007e-05,0.45178085565567017,1150000.0,-0.07994424551725388,-0.033438391983509064,-0.031066255643963814,0.002495038090273738,-0.001623527379706502,-0.2462378442287445,0.654013454914093,0.03201049566268921,6.792604923248291,9726.7138671875,33.328433990478516,17.26763153076172,50.596065521240234,98.82191467285156,5.8979105949401855,5.8979105949401855,5.8979105949401855,0.0
-0.36069586873054504,41.81999969482422,1000.0,230.0,0.614881694316864,0.01989881880581379,40.0,1.0055760145187378,1.0055760145187378,1.0055760145187378,0.010790781117975712,6.900000153109431e-05,0.4491707980632782,1155000.0,-0.09049469232559204,-0.010550446808338165,-0.038662947714328766,0.0027983339969068766,0.00030329590663313866,-0.09074501693248749,0.7773352265357971,0.1233217716217041,6.147781848907471,9773.18359375,29.130794525146484,17.306947708129883,46.437740325927734,107.6710433959961,5.910419464111328,5.910419464111328,5.910419464111328,0.0
-0.35856878757476807,46.58000183105469,1000.0,231.0,0.6106977462768555,0.02090032584965229,23.0,0.999018669128418,0.999018669128418,0.999018669128418,0.010397208854556084,6.800000119255856e-05,0.44732779264450073,1160000.0,-0.10874902456998825,-0.01825433224439621,-0.017823079600930214,0.003815225325524807,0.0010168913286179304,-0.06318443268537521,1.273453950881958,0.4961187243461609,7.459629058837891,9817.0771484375,34.34235763549805,9.5159330368042,43.85829162597656,114.00353240966797,5.922782897949219,5.922782897949219,5.922782897949219,0.0
-0.20519958436489105,52.36000061035156,1000.0,232.0,0.6112218499183655,0.020898688584566116,28.0,1.0036958456039429,1.0036958456039429,1.0036958456039429,0.010593568906188011,6.70000008540228e-05,0.44771409034729004,1165000.0,-0.09420645236968994,0.01454257220029831,-0.1324547678232193,0.0049476646818220615,0.0011324393562972546,-0.055273689329624176,1.044223666191101,-0.22923028469085693,10.374380111694336,9862.3076171875,33.373374938964844,11.827083587646484,45.20045852661133,110.61834716796875,5.935306549072266,5.935306549072266,5.935306549072266,0.0
-0.4638527035713196,54.939998626708984,1000.0,233.0,0.6131604909896851,0.01667374186217785,40.0,0.9986956119537354,0.9986956119537354,0.9986956119537354,0.009587482549250126,6.600000051548705e-05,0.4486232399940491,1170000.0,-0.0778544619679451,0.016351990401744843,0.09438183158636093,0.0046665179543197155,-0.00028114672750234604,-0.082980215549469,0.6934673190116882,-0.35075634717941284,5.00169038772583,9910.876953125,32.13002014160156,16.415077209472656,48.54509735107422,102.99701690673828,5.948105812072754,5.948105812072754,5.948105812072754,0.0
-0.4904467761516571,48.91999816894531,1000.0,234.0,0.6121357083320618,0.014444787986576557,40.0,0.9990578293800354,0.9990578293800354,0.9990578293800354,0.008111304603517056,6.500000017695129e-05,0.4480341970920563,1175000.0,-0.04354718327522278,0.03430727869272232,0.00018156801525037736,0.004151350352913141,-0.0005151676014065742,-0.03581566363573074,0.46591421961784363,-0.2275530993938446,4.644661903381348,9962.6435546875,34.79289245605469,16.945201873779297,51.738094329833984,96.64058685302734,5.960855007171631,5.960855007171631,5.960855007171631,0.0
-0.6117511987686157,40.220001220703125,1000.0,235.0,0.6101953387260437,0.017189133912324905,40.0,1.0001024007797241,1.0001024007797241,1.0001024007797241,0.009269029833376408,6.399999983841553e-05,0.44721511006355286,1180000.0,-0.05647994950413704,-0.01293276622891426,-0.05781061202287674,0.0036006346344947815,-0.0005507157184183598,-0.09002143889665604,0.5538322329521179,0.08791801333427429,3.485199213027954,10013.1572265625,33.780303955078125,16.69967269897461,50.47997283935547,99.04917907714844,5.9731245040893555,5.9731245040893555,5.9731245040893555,0.0
-0.6740443706512451,47.18000030517578,1000.0,236.0,0.5993480682373047,0.017646342515945435,40.0,1.0213855504989624,1.0213855504989624,1.0213855504989624,0.012755765579640865,6.299999949987978e-05,0.44252488017082214,1185000.0,-0.12425602227449417,-0.06777607277035713,0.04471207037568092,0.004028873983770609,0.0004282393492758274,-0.08843164891004562,0.7431567907333374,0.18932455778121948,4.169867992401123,10063.6796875,33.45732498168945,17.038679122924805,50.496002197265625,99.01773834228516,5.985313415527344,5.985313415527344,5.985313415527344,0.0
-0.6902680397033691,47.20000076293945,1000.0,237.0,0.5932872295379639,0.012339383363723755,40.0,0.9985818266868591,0.9985818266868591,0.9985818266868591,0.0084611801430583,6.199999916134402e-05,0.4398885667324066,1190000.0,-0.03485371544957161,0.08940230682492256,-0.06852143257856369,0.003501066006720066,-0.0005278079770505428,-0.07261969894170761,0.5670123100280762,-0.17614448070526123,4.486351490020752,10114.88671875,33.686439514160156,17.492860794067383,51.179298400878906,97.69574737548828,5.997433185577393,5.997433185577393,5.997433185577393,0.0
-0.6360446810722351,50.20000076293945,1000.0,238.0,0.5920670032501221,0.01820664294064045,40.0,1.0055854320526123,1.0055854320526123,1.0055854320526123,0.010358466766774654,6.0999998822808266e-05,0.4393647015094757,1195000.0,-0.08865384757518768,-0.053800132125616074,0.11481968313455582,0.0033331653103232384,-0.0001679006963968277,-0.06081663817167282,0.6976920366287231,0.13067972660064697,3.666334867477417,10162.95703125,31.11942481994629,16.915658950805664,48.03508377075195,104.09058380126953,6.009644031524658,6.009644031524658,6.009644031524658,0.0
-0.6787109375,50.0,1000.0,239.0,0.5878848433494568,0.020534886047244072,33.0,1.0034441947937012,1.0034441947937012,1.0034441947937012,0.010423002764582634,5.999999848427251e-05,0.4373703598976135,1200000.0,-0.09876161068677902,-0.010107763111591339,-0.020266221836209297,0.00849442183971405,0.005161256529390812,-0.1879311352968216,0.8181586861610413,0.12046664953231812,5.041384696960449,10207.6201171875,30.44464683532715,14.18344497680664,44.62809371948242,112.03705596923828,6.021929740905762,6.021929740905762,6.021929740905762,0.0
-0.5768413543701172,46.63999938964844,1000.0,240.0,0.5806636214256287,0.017138604074716568,40.0,0.9991479516029358,0.9991479516029358,0.9991479516029358,0.009261948056519032,5.900000178371556e-05,0.4340784549713135,1205000.0,-0.04286431148648262,0.0558972992002964,0.05231252312660217,0.008096912875771523,-0.00039750896394252777,-0.1604905128479004,0.6582341194152832,-0.15992456674575806,2.6348164081573486,10256.7861328125,32.186317443847656,16.945955276489258,49.13227081298828,101.76610565185547,6.034115314483643,6.034115314483643,6.034115314483643,0.0
-0.6057873368263245,50.099998474121094,1000.0,241.0,0.5824933648109436,0.020660266280174255,25.0,1.0018160343170166,1.0018160343170166,1.0018160343170166,0.010513557121157646,5.8000001445179805e-05,0.43481552600860596,1210000.0,-0.10454559326171875,-0.06168128177523613,-0.01949462853372097,0.006609538570046425,-0.0014873743057250977,-0.17405131459236145,1.1993125677108765,0.5410784482955933,4.033627986907959,10302.220703125,35.03749084472656,10.367164611816406,45.40465545654297,110.12086486816406,6.046388149261475,6.046388149261475,6.046388149261475,0.0
-0.7192056179046631,50.79999923706055,1000.0,242.0,0.5802598595619202,0.020294345915317535,40.0,1.0025159120559692,1.0025159120559692,1.0025159120559692,0.010628967545926571,5.700000110664405e-05,0.4338327646255493,1215000.0,-0.11671304702758789,-0.01216745376586914,-0.01678754948079586,0.007385545875877142,0.0007760073058307171,-0.10347384959459305,1.149950385093689,-0.0493621826171875,4.364245414733887,10352.958984375,33.881126403808594,16.822246551513672,50.703372955322266,98.61276245117188,6.058778285980225,6.058778285980225,6.058778285980225,0.0
-0.6420095562934875,51.880001068115234,1000.0,243.0,0.573652982711792,0.017685480415821075,40.0,1.0021742582321167,1.0021742582321167,1.0021742582321167,0.010099709965288639,5.6000000768108293e-05,0.43091803789138794,1220000.0,-0.08611917495727539,0.0305938720703125,0.03566644340753555,0.004185051191598177,-0.003200494684278965,-0.10584603250026703,1.032984733581543,-0.116965651512146,7.8962178230285645,10402.6298828125,33.1968994140625,16.443912506103516,49.640811920166016,100.72357177734375,6.07133150100708,6.07133150100708,6.07133150100708,0.0
-0.338471919298172,59.7400016784668,1000.0,244.0,0.5694260597229004,0.020996179431676865,2.0,1.00101900100708,1.00101900100708,1.00101900100708,0.008502096869051456,5.500000042957254e-05,0.4290834069252014,1225000.0,-0.008698566816747189,0.0774206081405282,-0.014339170418679714,0.026103425770998,0.021918374579399824,-0.12436805665493011,6.085513114929199,5.052528381347656,9.044615745544434,10437.150390625,33.494720458984375,0.9886059761047363,34.48332595825195,144.99761962890625,6.084435939788818,6.084435939788818,6.084435939788818,0.0
-0.15466269850730896,60.560001373291016,1000.0,245.0,0.5677449107170105,0.020250385627150536,40.0,1.0031198263168335,1.0031198263168335,1.0031198263168335,0.00983117613941431,5.400000009103678e-05,0.4283985197544098,1230000.0,-0.09260555356740952,-0.08390698675066233,-0.053065985441207886,0.008638983592391014,-0.017464442178606987,0.06320440769195557,0.9507070779800415,-5.134806036949158,6.734467029571533,10484.8330078125,32.697818756103516,14.954062461853027,47.651878356933594,104.92765808105469,6.098082065582275,6.098082065582275,6.098082065582275,0.0
0.04019627720117569,54.2599983215332,1000.0,246.0,0.5629211664199829,0.020053865388035774,38.0,1.0052932500839233,1.0052932500839233,1.0052932500839233,0.010524682700634003,5.2999999752501026e-05,0.4264671206474304,1235000.0,-0.14247658848762512,-0.04987103492021561,0.02738773822784424,0.01028744038194418,0.0016484567895531654,-0.07525353878736496,1.173279881477356,0.22257280349731445,8.550605773925781,10534.462890625,33.95811462402344,15.640725135803223,49.598838806152344,100.80880737304688,6.111896991729736,6.111896991729736,6.111896991729736,0.0
0.19030018150806427,61.34000015258789,1000.0,247.0,0.5571984052658081,0.020579349249601364,34.0,0.9997386932373047,0.9997386932373047,0.9997386932373047,0.00984357949346304,5.199999941396527e-05,0.4240397810935974,1240000.0,-0.12000247836112976,0.02247411012649536,0.18662862479686737,0.007803674787282944,-0.002483765594661236,-0.11411860585212708,1.1376757621765137,-0.035604119300842285,4.643065929412842,10583.2490234375,34.684852600097656,14.065789222717285,48.750640869140625,102.56275177001953,6.126229763031006,6.126229763031006,6.126229763031006,0.0
0.04423077404499054,58.060001373291016,1000.0,248.0,0.5511482357978821,0.01012194249778986,40.0,1.0002268552780151,1.0002268552780151,1.0002268552780151,0.008075534366071224,5.0999999075429514e-05,0.42143505811691284,1245000.0,-0.03206736221909523,0.08793511614203453,0.058681827038526535,0.004709324799478054,-0.0030943499878048897,-0.0752154067158699,0.6206367015838623,-0.5170390605926514,4.524246692657471,10636.0576171875,36.15147399902344,16.627803802490234,52.77927780151367,94.7341537475586,6.14086389541626,6.14086389541626,6.14086389541626,0.0
0.14340248703956604,55.939998626708984,1000.0,249.0,0.5440976023674011,0.01984226144850254,40.0,1.004173994064331,1.004173994064331,1.004173994064331,0.010001406073570251,4.999999873689376e-05,0.41853663325309753,1250000.0,-0.09984402358531952,-0.06777666136622429,0.04026924446225166,0.010890211910009384,0.00618088711053133,-0.031122254207730293,0.7313660383224487,0.11072933673858643,9.152457237243652,10688.4873046875,36.05434036254883,16.344667434692383,52.399009704589844,95.4216537475586,6.155663967132568,6.155663967132568,6.155663967132568,0.0
-0.0006810951163060963,56.880001068115234,1000.0,250.0,0.5332353115081787,0.02021542750298977,38.0,1.0002679824829102,1.0002679824829102,1.0002679824829102,0.0087240319699049,4.8999998398358e-05,0.4139489531517029,1255000.0,-0.07188718020915985,0.027956843376159668,0.09582468122243881,0.005733379162847996,-0.005156832747161388,-0.21632522344589233,0.5651382207870483,-0.1662278175354004,5.963094711303711,10737.8818359375,33.424285888671875,15.93542194366455,49.359710693359375,101.29719543457031,6.170664310455322,6.170664310455322,6.170664310455322,0.0
0.0461975522339344,51.65999984741211,1000.0,251.0,0.526495635509491,0.020450174808502197,14.0,1.000610589981079,1.000610589981079,1.000610589981079,0.007887756451964378,4.8000001697801054e-05,0.4110754430294037,1260000.0,-0.04950544610619545,0.0223817341029644,-0.006905948277562857,0.003689136356115341,-0.0020442428067326546,-0.18759490549564362,1.0342917442321777,0.4691535234451294,7.538067817687988,10778.1923828125,34.605491638183594,5.6689453125,40.274436950683594,124.14822387695312,6.1855788230896,6.1855788230896,6.1855788230896,0.0
0.14766372740268707,44.91999816894531,1000.0,252.0,0.524878978729248,0.016739245504140854,40.0,0.999876856803894,0.999876856803894,0.999876856803894,0.009503163397312164,4.70000013592653e-05,0.4103614091873169,1265000.0,-0.06750725954771042,-0.01800181344151497,-0.08542817831039429,0.008467575535178185,0.004778439179062843,-0.14392490684986115,0.8999810218811035,-0.13431072235107422,7.398975849151611,10831.111328125,36.1588249206543,16.72975730895996,52.88858413696289,94.53836059570312,6.200068950653076,6.200068950653076,6.200068950653076,0.0
0.15837596356868744,43.41999816894531,1000.0,253.0,0.518395185470581,0.018902279436588287,40.0,1.0031132698059082,1.0031132698059082,1.0031132698059082,0.010190802626311779,4.600000102072954e-05,0.4076332151889801,1270000.0,-0.07544878125190735,-0.00794152170419693,-0.05739907920360565,0.009495308622717857,0.0010277330875396729,-0.22749264538288116,0.6585099697113037,-0.2414710521697998,5.276968955993652,10884.2919921875,36.49501419067383,16.655622482299805,53.150638580322266,94.07225036621094,6.214100360870361,6.214100360870361,6.214100360870361,0.0
-0.08132275938987732,39.13999938964844,1000.0,254.0,0.5124432444572449,0.017630217596888542,40.0,1.0051575899124146,1.0051575899124146,1.0051575899124146,0.009628736414015293,4.5000000682193786e-05,0.4051071107387543,1275000.0,-0.07659649848937988,-0.0011477172374725342,0.015320755541324615,0.004878295119851828,-0.00461701350286603,-0.08206472545862198,0.5368142127990723,-0.12169575691223145,5.862888336181641,10936.5595703125,35.76714324951172,16.470458984375,52.23760223388672,95.71649169921875,6.22749662399292,6.22749662399292,6.22749662399292,0.0
-0.009590644389390945,44.34000015258789,1000.0,255.0,0.5063868165016174,0.020119503140449524,37.0,1.0112978219985962,1.0112978219985962,1.0112978219985962,0.011627179570496082,4.400000034365803e-05,0.40266522765159607,1280000.0,-0.13276521861553192,-0.05616872012615204,-0.10902795940637589,0.018392756581306458,0.01351446146145463,-0.17012540996074677,0.9605680108070374,0.4237537980079651,6.546606063842773,10988.29296875,36.25967025756836,15.443754196166992,51.70342254638672,96.70539093017578,6.240593433380127,6.240593433380127,6.240593433380127,0.0
-0.10123687982559204,39.220001220703125,1000.0,256.0,0.4984431564807892,0.013023706153035164,40.0,1.0073227882385254,1.0073227882385254,1.0073227882385254,0.009031008929014206,4.3000000005122274e-05,0.399555504322052,1285000.0,-0.057660266757011414,0.07510495185852051,-0.1369408220052719,0.01086350902915001,-0.007529247552156448,-0.034297745674848557,0.5865004062652588,-0.37406760454177856,5.012158393859863,11040.46875,35.599761962890625,16.546066284179688,52.14582824707031,95.88494873046875,6.2531538009643555,6.2531538009643555,6.2531538009643555,0.0
-0.15218082070350647,35.41999816894531,1000.0,257.0,0.49254336953163147,0.015604497864842415,40.0,0.9999653697013855,0.9999653697013855,0.9999653697013855,0.009411843493580818,4.199999966658652e-05,0.3971847891807556,1290000.0,-0.053133174777030945,0.004527091979980469,-0.08615975081920624,0.009109936654567719,-0.0017535723745822906,-0.06120162457227707,0.7073516845703125,0.12085127830505371,4.333115577697754,11092.3076171875,35.12654495239258,16.682331085205078,51.808876037597656,96.50856018066406,6.265031814575195,6.265031814575195,6.265031814575195,0.0
-0.10116545855998993,36.7400016784668,1000.0,258.0,0.4913000762462616,0.015830248594284058,40.0,0.9991130232810974,0.9991130232810974,0.9991130232810974,0.009900286793708801,4.099999932805076e-05,0.3966544270515442,1295000.0,-0.05852903053164482,-0.005395855754613876,0.04483937472105026,0.005781652871519327,-0.0033282837830483913,-0.05756301432847977,0.6674227118492126,-0.039928972721099854,4.407397747039795,11145.30078125,36.28327941894531,16.679452896118164,52.962730407714844,94.406005859375,6.276365280151367,6.276365280151367,6.276365280151367,0.0
-0.17519712448120117,36.459999084472656,1000.0,259.0,0.4883905351161957,0.014265823177993298,40.0,1.0021693706512451,1.0021693706512451,1.0021693706512451,0.00926978513598442,3.9999998989515007e-05,0.3955352306365967,1300000.0,-0.05011703819036484,0.008411992341279984,0.0005559066776186228,0.007027833256870508,0.001246180385351181,-0.09039932489395142,0.6536831855773926,-0.013739526271820068,3.9742887020111084,11196.4501953125,34.429908752441406,16.690189361572266,51.12009811401367,97.80889129638672,6.287193775177002,6.287193775177002,6.287193775177002,0.0
-0.0767568051815033,35.599998474121094,1000.0,260.0,0.48116034269332886,0.016148827970027924,40.0,0.9999397993087769,0.9999397993087769,0.9999397993087769,0.00896111037582159,3.899999865097925e-05,0.3925893008708954,1305000.0,-0.05408667027950287,-0.003969632089138031,-0.08104926347732544,0.009308645501732826,0.002280812244862318,-0.05109260231256485,0.7627313137054443,0.10904812812805176,3.7523465156555176,11246.8251953125,33.41754913330078,16.9251766204834,50.34272766113281,99.3192138671875,6.297523021697998,6.297523021697998,6.297523021697998,0.0
-0.09577464312314987,34.86000061035156,1000.0,261.0,0.4790915250778198,0.01810562238097191,40.0,0.9973219037055969,0.9973219037055969,0.9973219037055969,0.010075950063765049,3.7999998312443495e-05,0.39177823066711426,1310000.0,-0.08013337850570679,-0.02604670822620392,-0.004441522527486086,0.004900221712887287,-0.004408423788845539,0.04827788844704628,1.1034151315689087,0.34068381786346436,4.289542198181152,11297.146484375,33.51740264892578,16.768600463867188,50.28600311279297,99.43124389648438,6.307363510131836,6.307363510131836,6.307363510131836,0.0
-0.082957923412323,49.0,1000.0,262.0,0.4734346270561218,0.020299887284636497,35.0,1.0067919492721558,1.0067919492721558,1.0067919492721558,0.011103997938334942,3.7000001611886546e-05,0.38970595598220825,1315000.0,-0.16494327783584595,-0.08480989933013916,-0.011131584644317627,0.009777582250535488,0.004877360537648201,0.004834798630326986,1.4008768796920776,0.29746174812316895,7.136895179748535,11340.8935546875,30.096635818481445,13.620903968811035,43.7175407409668,114.37057495117188,6.3175153732299805,6.3175153732299805,6.3175153732299805,0.0
-0.1432616412639618,51.08000183105469,1000.0,263.0,0.4683243930339813,0.01339977141469717,40.0,1.0036370754241943,1.0036370754241943,1.0036370754241943,0.00823910254985094,3.600000127335079e-05,0.38777172565460205,1320000.0,-0.0845060795545578,0.08043719828128815,-0.08860891312360764,0.003045386169105768,-0.00673219608142972,0.01898832805454731,0.9320796728134155,-0.4687972068786621,6.737504005432129,11387.4970703125,30.03644561767578,16.541242599487305,46.57768630981445,107.3475341796875,6.328061103820801,6.328061103820801,6.328061103820801,0.0
-0.15654109418392181,46.880001068115234,1000.0,264.0,0.46493786573410034,0.011581812985241413,40.0,1.0016655921936035,1.0016655921936035,1.0016655921936035,0.008188558742403984,3.5000000934815034e-05,0.38646724820137024,1325000.0,-0.05161052569746971,0.03289555385708809,0.06988447904586792,0.0032725853379815817,0.00022719916887581348,-0.050421036779880524,0.6231948733329773,-0.30888479948043823,5.750476360321045,11435.1259765625,30.204195022583008,17.395431518554688,47.59962463378906,105.04283905029297,6.338740348815918,6.338740348815918,6.338740348815918,0.0
-0.34115052223205566,43.2599983215332,1000.0,265.0,0.4612230658531189,0.013070863671600819,40.0,1.0004730224609375,1.0004730224609375,1.0004730224609375,0.009072920307517052,3.400000059627928e-05,0.3850635886192322,1330000.0,-0.07896777242422104,-0.027357246726751328,-0.05209192633628845,0.002905510598793626,-0.00036707473918795586,0.06737101078033447,0.7753735184669495,0.15217864513397217,7.038020133972168,11482.7646484375,30.377851486206055,17.22941017150879,47.607261657714844,105.02599334716797,6.349349498748779,6.349349498748779,6.349349498748779,0.0
-0.4674772322177887,40.63999938964844,1000.0,266.0,0.4578768014907837,0.013762947171926498,40.0,1.0006250143051147,1.0006250143051147,1.0006250143051147,0.008578945882618427,3.300000025774352e-05,0.38372910022735596,1335000.0,-0.04833599925041199,0.03063177317380905,0.09513963013887405,0.0036361380480229855,0.0007306274492293596,-0.13571280241012573,0.7566827535629272,-0.018690764904022217,4.601878643035889,11530.0576171875,30.239622116088867,17.021617889404297,47.26123809814453,105.79493713378906,6.359756946563721,6.359756946563721,6.359756946563721,0.0
-0.4892064034938812,49.79999923706055,1000.0,267.0,0.45487868785858154,0.015445309691131115,40.0,1.015371561050415,1.015371561050415,1.015371561050415,0.010259952396154404,3.199999991920777e-05,0.3824530839920044,1340000.0,-0.10236770659685135,-0.05403170734643936,-0.0061790416948497295,0.0042847259901463985,0.0006485879421234131,-0.10646538436412811,1.0505459308624268,0.2938631772994995,4.402327537536621,11579.423828125,32.04813003540039,17.287330627441406,49.3354606628418,101.34698486328125,6.370474815368652,6.370474815368652,6.370474815368652,0.0
-0.44152191281318665,55.79999923706055,1000.0,268.0,0.45342469215393066,0.012001545168459415,40.0,1.0052818059921265,1.0052818059921265,1.0052818059921265,0.008503100834786892,3.099999958067201e-05,0.38185441493988037,1345000.0,-0.07899515330791473,0.023372553288936615,-0.005013234447687864,0.002930399961769581,-0.0013543260283768177,-0.08253058791160583,0.7862563133239746,-0.26428961753845215,7.807158470153809,11631.00390625,34.066566467285156,17.484235763549805,51.55080032348633,96.99170684814453,6.381796360015869,6.381796360015869,6.381796360015869,0.0
-0.37308061122894287,69.66000366210938,1000.0,269.0,0.45309609174728394,0.01495148055255413,40.0,1.009320855140686,1.009320855140686,1.009320855140686,0.010133548639714718,2.9999999242136255e-05,0.3818162679672241,1350000.0,-0.1508868783712387,-0.07189172506332397,-0.01601490192115307,0.0032843139488250017,0.0003539139870554209,-0.10743541270494461,1.5115123987197876,0.725256085395813,7.307070255279541,11683.041015625,35.350921630859375,16.660320281982422,52.0112419128418,96.13306427001953,6.394406318664551,6.394406318664551,6.394406318664551,0.0
-0.3868634104728699,75.36000061035156,1000.0,270.0,0.45317208766937256,0.011068039573729038,40.0,1.0027960538864136,1.0027960538864136,1.0027960538864136,0.008317727595567703,2.9000000722589903e-05,0.38191238045692444,1355000.0,-0.11155427992343903,0.03933259844779968,0.04762670025229454,0.0024673601146787405,-0.0008169538341462612,-0.1189327985048294,1.0543804168701172,-0.4571319818496704,5.2381439208984375,11735.8671875,36.063720703125,16.732641220092773,52.796363830566406,94.7034912109375,6.408483982086182,6.408483982086182,6.408483982086182,0.0
-0.3655315637588501,77.18000030517578,1000.0,271.0,0.45324593782424927,0.011544567532837391,40.0,1.001042366027832,1.001042366027832,1.001042366027832,0.008024764247238636,2.8000000384054147e-05,0.3820018768310547,1360000.0,-0.06897943466901779,0.042574845254421234,-0.08601689338684082,0.009136158041656017,0.006668797926977277,-0.09946530312299728,0.6636500358581543,-0.3907303810119629,4.584808826446533,11788.95703125,36.620628356933594,16.438640594482422,53.059268951416016,94.23424530029297,6.423982620239258,6.423982620239258,6.423982620239258,0.0
-0.38331836462020874,68.27999877929688,1000.0,272.0,0.45339253544807434,0.013293998315930367,40.0,1.000658392906189,1.000658392906189,1.000658392906189,0.008209770545363426,2.700000004551839e-05,0.3821539580821991,1365000.0,-0.09160137921571732,-0.022621944546699524,0.0065100123174488544,0.007611637935042381,-0.001524520106613636,0.004522186238318682,0.9863042235374451,0.32265418767929077,5.973997592926025,11841.857421875,36.15833282470703,16.70840072631836,52.866729736328125,94.57743835449219,6.44028902053833,6.44028902053833,6.44028902053833,0.0
-0.2428624927997589,69.91999816894531,1000.0,273.0,0.4506717026233673,0.01477900706231594,40.0,1.0026758909225464,1.0026758909225464,1.0026758909225464,0.008843174204230309,2.5999999706982635e-05,0.38112643361091614,1370000.0,-0.11940693110227585,-0.027805551886558533,-0.1069679856300354,0.00909696239978075,0.001485324464738369,-0.0683642253279686,1.1554112434387207,0.16910701990127563,8.792067527770996,11894.341796875,35.77457046508789,16.675682067871094,52.450252532958984,95.32842254638672,6.457413196563721,6.457413196563721,6.457413196563721,0.0
-0.3812792897224426,70.77999877929688,1000.0,274.0,0.44423648715019226,0.010149337351322174,40.0,0.9990798830986023,0.9990798830986023,0.9990798830986023,0.007232980336993933,2.499999936844688e-05,0.37866443395614624,1375000.0,-0.05062442645430565,0.0687825046479702,0.0674610361456871,0.0039006187580525875,-0.005196343641728163,0.09137710183858871,0.48639705777168274,-0.669014185667038,4.566821098327637,11946.1513671875,35.27776336669922,16.501649856567383,51.779415130615234,96.56346893310547,6.475322723388672,6.475322723388672,6.475322723388672,0.0
-0.396560937166214,66.18000030517578,1000.0,275.0,0.4404085576534271,0.008270315825939178,40.0,0.9978719353675842,0.9978719353675842,0.9978719353675842,0.006721172947436571,2.4000000848900527e-05,0.37724772095680237,1380000.0,-0.025950882583856583,0.024673543870449066,-0.1607728898525238,0.002961081452667713,-0.0009395373053848743,0.006540777627378702,0.4592367112636566,-0.027160346508026123,3.7472476959228516,11997.865234375,35.03203582763672,16.651498794555664,51.683536529541016,96.74260711669922,6.493696212768555,6.493696212768555,6.493696212768555,0.0
-0.2653895914554596,69.4800033569336,1000.0,276.0,0.44071537256240845,0.013611546717584133,40.0,1.003554344177246,1.003554344177246,1.003554344177246,0.01039326936006546,2.300000051036477e-05,0.3773360848426819,1385000.0,-0.0829721987247467,-0.05702131614089012,0.07363104075193405,0.00410987064242363,0.0011487891897559166,-0.07636542618274689,0.8759281635284424,0.41669145226478577,7.723818778991699,12051.2880859375,36.47549057006836,16.91420555114746,53.38969802856445,93.6510238647461,6.512667179107666,6.512667179107666,6.512667179107666,0.0
-0.12584714591503143,61.63999938964844,1000.0,277.0,0.4436858296394348,0.012788469903171062,40.0,1.002414584159851,1.002414584159851,1.002414584159851,0.008890782482922077,2.2000000171829015e-05,0.37843936681747437,1390000.0,-0.09416970610618591,-0.011197507381439209,-0.10858912765979767,0.0071775708347558975,0.0030677001923322678,-0.1686365306377411,0.8865985870361328,0.01067042350769043,6.340338706970215,12104.66015625,36.890708923339844,16.45089340209961,53.34160232543945,93.73546600341797,6.5317583084106445,6.5317583084106445,6.5317583084106445,0.0
-0.1754433661699295,55.900001525878906,1000.0,278.0,0.44455379247665405,0.009592220187187195,40.0,1.0004913806915283,1.0004913806915283,1.0004913806915283,0.007448832504451275,2.099999983329326e-05,0.3787631094455719,1395000.0,-0.04870065301656723,0.04546905308961868,-0.16929680109024048,0.004550914280116558,-0.0026266565546393394,0.10428709536790848,0.5333930253982544,-0.3532055616378784,7.06887674331665,12156.9609375,35.720767974853516,16.550668716430664,52.27143859863281,95.65453338623047,6.550651550292969,6.550651550292969,6.550651550292969,0.0
-0.3096250295639038,39.619998931884766,1000.0,279.0,0.4440686106681824,0.010124020278453827,40.0,1.000024437904358,1.000024437904358,1.000024437904358,0.007670367136597633,1.9999999494757503e-05,0.37855064868927,1400000.0,-0.033943481743335724,0.014757171273231506,-0.07475557178258896,0.005297809839248657,0.0007468955591320992,-0.07369548827409744,0.44880154728889465,-0.08459147810935974,4.8381667137146,12208.6708984375,35.22714614868164,16.451583862304688,51.67873001098633,96.75160217285156,6.56848669052124,6.56848669052124,6.56848669052124,0.0
-0.2552182078361511,37.2400016784668,1000.0,280.0,0.4441804587841034,0.013060333207249641,40.0,1.0004839897155762,1.0004839897155762,1.0004839897155762,0.00849997904151678,1.8999999156221747e-05,0.37861937284469604,1405000.0,-0.08150807023048401,-0.047564588487148285,-0.020452363416552544,0.004263886250555515,-0.001033923588693142,-0.10736838728189468,0.5752134919166565,0.12641194462776184,7.01008415222168,12262.1142578125,36.689430236816406,16.719327926635742,53.40876007080078,93.61760711669922,6.585239887237549,6.585239887237549,6.585239887237549,0.0
-0.2775813043117523,32.400001525878906,1000.0,281.0,0.44289830327033997,0.009830509312450886,40.0,0.9997817277908325,0.9997817277908325,0.9997817277908325,0.007511508651077747,1.8000000636675395e-05,0.37812161445617676,1410000.0,-0.03034067712724209,0.05116739310324192,0.17253856360912323,0.0031671342439949512,-0.001096752006560564,-0.04534035176038742,0.42653709650039673,-0.14867639541625977,4.979867935180664,12315.705078125,36.872066497802734,16.688323974609375,53.56039047241211,93.35256958007812,6.6007537841796875,6.6007537841796875,6.6007537841796875,0.0
-0.5677202343940735,26.81999969482422,1000.0,282.0,0.44051456451416016,0.00943334773182869,40.0,1.0016303062438965,1.0016303062438965,1.0016303062438965,0.007434073369950056,1.700000029813964e-05,0.3771953284740448,1415000.0,-0.024498844519257545,0.005841832607984543,0.017403898760676384,0.0033994608093053102,0.000232326565310359,-0.10658355802297592,0.4399965703487396,0.013459473848342896,4.332737922668457,12367.2109375,34.79917526245117,16.681991577148438,51.48116683959961,97.12289428710938,6.61484432220459,6.61484432220459,6.61484432220459,0.0
-0.6575431823730469,24.399999618530273,1000.0,283.0,0.4401889145374298,0.0122103625908494,40.0,1.0030957460403442,1.0030957460403442,1.0030957460403442,0.00847227405756712,1.5999999959603883e-05,0.3770432770252228,1420000.0,-0.08010733872652054,-0.05560849420726299,0.015424374490976334,0.004313884302973747,0.000914423493668437,-0.13524748384952545,0.7164366245269775,0.2764400541782379,5.127346038818359,12413.5751953125,31.424829483032227,14.90941047668457,46.3342399597168,107.91155242919922,6.627518653869629,6.627518653869629,6.627518653869629,0.0
-0.35051390528678894,31.799999237060547,1000.0,284.0,0.4415646493434906,0.015490524470806122,40.0,0.999462366104126,0.999462366104126,0.999462366104126,0.008587099611759186,1.4999999621068127e-05,0.37753990292549133,1425000.0,-0.10862337797880173,-0.02851603925228119,0.08287493884563446,0.01234375685453415,0.008029872551560402,0.09391099214553833,0.731076180934906,0.014639556407928467,6.349562644958496,12452.2998046875,23.772459030151367,14.919198036193848,38.69165802001953,129.22682189941406,6.6393232345581055,6.6393232345581055,6.6393232345581055,0.0
-0.2929174304008484,39.70000076293945,1000.0,285.0,0.4418945610523224,0.009886344894766808,40.0,1.0013823509216309,1.0013823509216309,1.0013823509216309,0.007728658616542816,1.4000000192027073e-05,0.37768495082855225,1430000.0,-0.07114642858505249,0.03747694939374924,-0.03190665319561958,0.0073186131194233894,-0.00502514373511076,-0.16456478834152222,0.9989128112792969,0.26783663034439087,7.413087368011475,12491.2587890625,24.088706970214844,14.843284606933594,38.93199157714844,128.42909240722656,6.650780200958252,6.650780200958252,6.650780200958252,0.0
-0.29052889347076416,38.560001373291016,1000.0,286.0,0.4412967562675476,0.009389141574501991,40.0,0.9987937808036804,0.9987937808036804,0.9987937808036804,0.0075136772356927395,1.2999999853491317e-05,0.3775438666343689,1435000.0,-0.05379102751612663,0.017355401068925858,-0.031554605811834335,0.00919882021844387,0.0018802070990204811,-0.027893414720892906,0.5992681980133057,-0.3996446132659912,6.264083385467529,12529.7314453125,23.55103302001953,14.891913414001465,38.44294357299805,130.06288146972656,6.661861896514893,6.661861896514893,6.661861896514893,0.0
-0.3414331376552582,36.52000045776367,1000.0,287.0,0.4396616816520691,0.008417303673923016,40.0,1.0035477876663208,1.0035477876663208,1.0035477876663208,0.007644725497812033,1.2000000424450263e-05,0.3769761025905609,1440000.0,-0.05688035488128662,-0.0030893273651599884,0.05642688274383545,0.008167863823473454,-0.001030956394970417,-0.08743645995855331,0.7578468918800354,0.15857869386672974,7.023032188415527,12568.2685546875,23.81815528869629,14.688131332397461,38.50628662109375,129.8489227294922,6.672493934631348,6.672493934631348,6.672493934631348,0.0
-0.24147935211658478,44.540000915527344,1000.0,288.0,0.4395100474357605,0.0114474231377244,40.0,1.0011191368103027,1.0011191368103027,1.0011191368103027,0.007848117500543594,1.1000000085914508e-05,0.3769923150539398,1445000.0,-0.12117161601781845,-0.06429126113653183,-0.09509586542844772,0.0088986586779356,0.0007307948544621468,-0.1975937783718109,0.9863047003746033,0.22845780849456787,8.396841049194336,12607.6572265625,24.435985565185547,14.92574691772461,39.361732482910156,127.02693176269531,6.683165550231934,6.683165550231934,6.683165550231934,0.0
-0.28137511014938354,44.68000030517578,1000.0,289.0,0.4390753209590912,0.0071962676011025906,40.0,0.9963514804840088,0.9963514804840088,0.9963514804840088,0.006082987878471613,9.999999747378752e-06,0.3768915832042694,1450000.0,-0.02782079391181469,0.09335082210600376,0.12334063649177551,0.005467923823744059,-0.0034307348541915417,-0.02811899036169052,0.5455719232559204,-0.44073277711868286,4.798913955688477,12647.8955078125,24.464160919189453,15.749917030334473,40.214080810546875,124.33456420898438,6.693882942199707,6.693882942199707,6.693882942199707,0.0
-0.4138203561306,47.900001525878906,1000.0,290.0,0.43903136253356934,0.008358730003237724,40.0,1.0016642808914185,1.0016642808914185,1.0016642808914185,0.007118945475667715,9.000000318337698e-06,0.37690338492393494,1455000.0,-0.07692741602659225,-0.049106622114777565,-0.1523670107126236,0.0054125976748764515,-5.532614886760712e-05,-0.1393563151359558,1.141534686088562,0.5959627628326416,6.581777572631836,12686.71484375,25.080867767333984,13.715757369995117,38.79662322998047,128.877197265625,6.704822540283203,6.704822540283203,6.704822540283203,0.0
-0.4487014710903168,52.220001220703125,1000.0,291.0,0.4394446313381195,0.0080690523609519,40.0,1.0042940378189087,1.0042940378189087,1.0042940378189087,0.006904715672135353,7.999999979801942e-06,0.377073734998703,1460000.0,-0.055316418409347534,0.02161099761724472,0.024417418986558914,0.0030085595790296793,-0.002404038095846772,0.03761207312345505,0.8438944816589355,-0.29764020442962646,5.407054424285889,12725.9921875,24.323131561279297,14.92425537109375,39.24738693237305,127.39701843261719,6.7162041664123535,6.7162041664123535,6.7162041664123535,0.0
-0.2632490396499634,59.02000045776367,1000.0,292.0,0.4390919506549835,0.006467715371400118,40.0,1.0053362846374512,1.0053362846374512,1.0053362846374512,0.006771492306143045,7.000000096013537e-06,0.37696564197540283,1465000.0,-0.05757599696516991,-0.0022595785558223724,-0.00877370499074459,0.0041592055931687355,0.0011506460141390562,-0.10473264008760452,0.8086240291595459,-0.03527045249938965,6.90069055557251,12765.8251953125,25.060441970825195,14.747517585754395,39.807960510253906,125.60301971435547,6.728364944458008,6.728364944458008,6.728364944458008,0.0
-0.22646605968475342,62.380001068115234,1000.0,293.0,0.4388318955898285,0.006768145132809877,40.0,1.0032583475112915,1.0032583475112915,1.0032583475112915,0.006858969107270241,6.000000212225132e-06,0.3768896162509918,1470000.0,-0.057398006319999695,0.0001779906451702118,0.09488481283187866,0.003948794212192297,-0.00021041138097643852,-0.012760384008288383,1.054962396621704,0.2463383674621582,6.136767864227295,12805.150390625,24.35606575012207,14.935806274414062,39.291873931884766,127.25277709960938,6.741416931152344,6.741416931152344,6.741416931152344,0.0
-0.260371595621109,60.7400016784668,1000.0,294.0,0.4390128254890442,0.005393613129854202,40.0,1.0045065879821777,1.0045065879821777,1.0045065879821777,0.005656763445585966,4.999999873689376e-06,0.3769776523113251,1475000.0,-0.03949702903628349,0.017900977283716202,-0.03256111219525337,0.006026201881468296,0.002077407669275999,-0.03375396132469177,1.142839789390564,0.08787739276885986,6.331471920013428,12844.3369140625,23.82060432434082,14.964555740356445,38.785160064697266,128.915283203125,6.755183696746826,6.755183696746826,6.755183696746826,0.0
-0.33403563499450684,54.18000030517578,1000.0,295.0,0.43891048431396484,0.005593954119831324,40.0,1.000471830368042,1.000471830368042,1.000471830368042,0.004996882285922766,3.999999989900971e-06,0.37694302201271057,1480000.0,-0.028259510174393654,0.01123751886188984,-0.01812192052602768,0.004240543581545353,-0.0017856582999229431,-0.06715571880340576,0.6345025897026062,-0.5083371996879578,5.989516735076904,12882.9052734375,23.9079532623291,14.630712509155273,38.538665771484375,129.7398223876953,6.76923131942749,6.76923131942749,6.76923131942749,0.0
-0.3749365210533142,57.7400016784668,1000.0,296.0,0.4386175274848938,0.006022615358233452,40.0,0.998039186000824,0.998039186000824,0.998039186000824,0.005554531700909138,3.000000106112566e-06,0.3768352270126343,1485000.0,-0.0397024005651474,-0.011442890390753746,-0.028728099539875984,0.006635737605392933,0.00239519402384758,-0.05406154319643974,0.7687661647796631,0.13426357507705688,7.604236125946045,12922.310546875,24.42395782470703,14.956777572631836,39.380733489990234,126.96563720703125,6.783733367919922,6.783733367919922,6.783733367919922,0.0
-0.47664207220077515,59.060001373291016,1000.0,297.0,0.43824833631515503,0.005148410797119141,40.0,1.000920057296753,1.000920057296753,1.000920057296753,0.005138379987329245,1.9999999949504854e-06,0.37669703364372253,1490000.0,-0.03376058116555214,0.005941819399595261,-0.0225988756865263,0.004835350904613733,-0.0018003867007791996,-0.20423974096775055,0.7905776500701904,0.021811485290527344,6.284694671630859,12961.033203125,23.722003936767578,14.974642753601074,38.69664764404297,129.2101593017578,6.7987213134765625,6.7987213134765625,6.7987213134765625,0.0
-0.5118748545646667,50.7400016784668,1000.0,298.0,0.4382307827472687,0.004071641713380814,40.0,1.001462459564209,1.001462459564209,1.001462459564209,0.00431637279689312,9.999999974752427e-07,0.3766877353191376,1495000.0,-0.020201988518238068,0.013558592647314072,-0.07583063095808029,0.003503127722069621,-0.0013322231825441122,-0.2561543881893158,0.6244395971298218,-0.16613805294036865,6.617283821105957,12999.7265625,23.863292694091797,14.800199508666992,38.663490295410156,129.3209686279297,6.813684463500977,6.813684463500977,6.813684463500977,0.0
-0.5069883465766907,51.779998779296875,1000.0,299.0,0.43821609020233154,0.002892792923375964,40.0,1.0010178089141846,1.0010178089141846,1.0010178089141846,0.003433731384575367,0.0,0.37667304277420044,1500000.0,-0.01216846238821745,0.008033526130020618,0.10783185064792633,0.003067394718527794,-0.0004357330035418272,-0.19132418930530548,0.5105034708976746,-0.11393612623214722,4.83825159072876,13038.85546875,24.056068420410156,15.047898292541504,39.103965759277344,127.86426544189453,6.828685283660889,6.828685283660889,6.828685283660889,0.0
