Metrics/EpRet,Metrics/EpCost,Metrics/EpLen,Train/Epoch,Train/Entropy,Train/KL,Train/StopIter,Train/PolicyRatio,Train/PolicyRatio/Min,Train/PolicyRatio/Max,Train/PolicyRatio/Std,Train/LR,Train/PolicyStd,TotalEnvSteps,Loss/Loss_pi,Loss/Loss_pi/Delta,Value/Adv,Loss/Loss_reward_critic,Loss/Loss_reward_critic/Delta,Value/reward,Loss/Loss_cost_critic,Loss/Loss_cost_critic/Delta,Value/cost,Time/Total,Time/Rollout,Time/Update,Time/Epoch,Time/FPS,Metrics/LagrangeMultiplier,Metrics/LagrangeMultiplier/Min,Metrics/LagrangeMultiplier/Max,Metrics/LagrangeMultiplier/Std
-0.5154434442520142,239.39999389648438,1000.0,0.0,1.419222354888916,0.01607448421418667,40.0,0.9990973472595215,0.9990973472595215,0.9990973472595215,0.009764979593455791,0.000299000006634742,1.000288724899292,5000.0,-0.05165453255176544,-0.05165453255176544,-0.0035399829503148794,0.015528920106589794,0.015528920106589794,-0.057654835283756256,15.13723373413086,15.13723373413086,-0.11060255020856857,61.83533477783203,38.92450714111328,22.910825729370117,61.83533477783203,80.85991668701172,0.010999999940395355,0.010999999940395355,0.010999999940395355,0.0
-0.3470620810985565,254.89999389648438,1000.0,1.0,1.4017245769500732,0.017553677782416344,40.0,0.9983882904052734,0.9983882904052734,0.9983882904052734,0.00996644701808691,0.00029799999902024865,0.9829654097557068,10000.0,-0.05295129865407944,-0.0012967661023139954,-0.08563072234392166,0.0034163498785346746,-0.01211257022805512,-0.04688951000571251,12.677928924560547,-2.4593048095703125,3.3555617332458496,127.0064468383789,40.28498077392578,24.842905044555664,65.12788391113281,76.77203369140625,0.021012499928474426,0.021012499928474426,0.021012499928474426,0.0
0.14484836161136627,246.6666717529297,1000.0,2.0,1.3907215595245361,0.016337653622031212,40.0,0.9959753155708313,0.9959753155708313,0.9959753155708313,0.009806479327380657,0.0002969999914057553,0.9721807241439819,15000.0,-0.048906974494457245,0.004044324159622192,-4.593063749780413e-06,0.006778374779969454,0.003362024901434779,-0.009814267978072166,5.804645538330078,-6.873283386230469,-0.40834712982177734,192.711181640625,43.0018310546875,22.658977508544922,65.66080474853516,76.14892578125,0.03101930394768715,0.03101930394768715,0.03101930394768715,0.0
0.062083899974823,250.75,1000.0,3.0,1.3899013996124268,0.01627379283308983,40.0,0.997214674949646,0.997214674949646,0.997214674949646,0.009866410866379738,0.00029600001289509237,0.9713834524154663,20000.0,-0.05477219074964523,-0.005865216255187988,-0.06056453287601471,0.003687565680593252,-0.0030908090993762016,-0.1053847149014473,8.65597152709961,2.8513259887695312,13.224193572998047,259.3700256347656,43.89784240722656,22.721088409423828,66.61893463134766,75.05374145507812,0.04103093221783638,0.04103093221783638,0.04103093221783638,0.0
0.16235138475894928,245.75999450683594,1000.0,4.0,1.3761487007141113,0.017551813274621964,40.0,0.9975446462631226,0.9975446462631226,0.9975446462631226,0.009754913859069347,0.000295000005280599,0.9581243991851807,25000.0,-0.056328676640987396,-0.001556485891342163,-0.045489292591810226,0.002763223135843873,-0.0009243425447493792,-0.009925691410899162,4.293366432189941,-4.362605094909668,11.107348442077637,325.0157470703125,42.569786071777344,23.030841827392578,65.60062408447266,76.21878814697266,0.051034897565841675,0.051034897565841675,0.051034897565841675,0.0
0.4622343182563782,227.39999389648438,1000.0,5.0,1.3639628887176514,0.021149395033717155,26.0,0.9939621090888977,0.9939621090888977,0.9939621090888977,0.011443564668297768,0.00029399999766610563,0.9465240836143494,30000.0,-0.0522068589925766,0.004121817648410797,-0.010192575864493847,0.004057661164551973,0.0012944380287081003,0.07997360080480576,5.256985187530518,0.9636187553405762,-0.8836893439292908,380.7148132324219,40.5765266418457,15.076152801513672,55.652679443359375,89.84293365478516,0.060985565185546875,0.060985565185546875,0.060985565185546875,0.0
0.7079760432243347,229.25714111328125,1000.0,6.0,1.3468266725540161,0.018078099936246872,40.0,0.9982832074165344,0.9982832074165344,0.9982832074165344,0.010472792200744152,0.00029299999005161226,0.9304676651954651,35000.0,-0.05564297363162041,-0.003436114639043808,0.16290390491485596,0.009552842006087303,0.00549518084153533,0.08463066071271896,4.005431652069092,-1.2515535354614258,8.942673683166504,444.66455078125,40.92656326293945,22.97834014892578,63.904903411865234,78.24125671386719,0.07090578973293304,0.07090578973293304,0.07090578973293304,0.0
1.2111629247665405,216.9250030517578,1000.0,7.0,1.332850694656372,0.021067965775728226,38.0,0.9921700954437256,0.9921700954437256,0.9921700954437256,0.010124615393579006,0.00029200001154094934,0.9176154732704163,40000.0,-0.055011600255966187,0.0006313733756542206,-0.11813008040189743,0.014362681657075882,0.004809839650988579,0.26394960284233093,2.7209677696228027,-1.284463882446289,13.134902000427246,507.75860595703125,40.85554885864258,22.198566436767578,63.054115295410156,79.29696655273438,0.080766461789608,0.080766461789608,0.080766461789608,0.0
1.5285725593566895,221.04444885253906,1000.0,8.0,1.312258243560791,0.02151985839009285,39.0,0.9922125935554504,0.9922125935554504,0.9922125935554504,0.010329124517738819,0.000291000003926456,0.8990966081619263,45000.0,-0.058885328471660614,-0.0038737282156944275,0.3131125867366791,0.012375380843877792,-0.0019873008131980896,0.00092945626238361,3.6869964599609375,0.9660286903381348,12.532978057861328,571.2349243164062,40.459739685058594,22.97455596923828,63.434295654296875,78.82171630859375,0.09059683978557587,0.09059683978557587,0.09059683978557587,0.0
1.8968664407730103,220.05999755859375,1000.0,9.0,1.2896157503128052,0.021991455927491188,31.0,0.997912585735321,0.997912585735321,0.997912585735321,0.011028104461729527,0.0002899999963119626,0.8789125680923462,50000.0,-0.05910083279013634,-0.00021550431847572327,-0.17020730674266815,0.012628777883946896,0.00025339704006910324,0.3636215329170227,3.5821032524108887,-0.10489320755004883,14.065556526184082,633.9292602539062,44.60426712036133,18.051742553710938,62.656009674072266,79.8008041381836,0.10040176659822464,0.10040176659822464,0.10040176659822464,0.0
2.682159662246704,211.72000122070312,1000.0,10.0,1.2745792865753174,0.021804867312312126,32.0,0.9975773096084595,0.9975773096084595,0.9975773096084595,0.010590401478111744,0.00028899998869746923,0.8656913638114929,55000.0,-0.0555322989821434,0.003568533807992935,0.03184806928038597,0.030885791406035423,0.018257013522088528,0.5310376882553101,2.76649808883667,-0.8156051635742188,10.336623191833496,697.6008911132812,45.16699981689453,18.461395263671875,63.628395080566406,78.58126831054688,0.11015985161066055,0.11015985161066055,0.11015985161066055,0.0
3.1028857231140137,208.86000061035156,1000.0,11.0,1.2691285610198975,0.02005976065993309,24.0,0.9928368330001831,0.9928368330001831,0.9928368330001831,0.011538364924490452,0.0002880000101868063,0.8609068393707275,60000.0,-0.060927338898181915,-0.005395039916038513,0.0037014151457697153,0.01763092912733555,-0.013254862278699875,0.5980879068374634,4.1909661293029785,1.4244680404663086,9.039268493652344,765.986328125,53.2073974609375,15.13306999206543,68.34046936035156,73.16309356689453,0.11987148970365524,0.11987148970365524,0.11987148970365524,0.0
3.5970354080200195,205.22000122070312,1000.0,12.0,1.2524957656860352,0.020382385700941086,23.0,0.9985505938529968,0.9985505938529968,0.9985505938529968,0.01127787958830595,0.00028700000257231295,0.8467071056365967,65000.0,-0.06106435880064964,-0.00013701990246772766,-0.10041552037000656,0.02437714673578739,0.006746217608451843,0.3010290563106537,4.627282619476318,0.43631649017333984,12.921281814575195,829.87353515625,51.014434814453125,12.832823753356934,63.847259521484375,78.31189727783203,0.12953345477581024,0.12953345477581024,0.12953345477581024,0.0
4.13679838180542,195.1199951171875,1000.0,13.0,1.2351311445236206,0.020252564921975136,22.0,0.9988242387771606,0.9988242387771606,0.9988242387771606,0.009744541719555855,0.0002859999949578196,0.832151472568512,70000.0,-0.05660954490303993,0.004454813897609711,0.010287173092365265,0.023232636973261833,-0.0011445097625255585,0.4413701295852661,3.312124252319336,-1.3151583671569824,14.200949668884277,892.4542236328125,49.49763870239258,13.04476547241211,62.54240417480469,79.94575500488281,0.13911770284175873,0.13911770284175873,0.13911770284175873,0.0
4.584306240081787,208.02000427246094,1000.0,14.0,1.2219109535217285,0.02089197002351284,19.0,1.001085877418518,1.001085877418518,1.001085877418518,0.010542768985033035,0.0002849999873433262,0.821196436882019,75000.0,-0.061058446764945984,-0.004448901861906052,-0.029836341738700867,0.017487356439232826,-0.005745280534029007,0.4497833847999573,6.900515079498291,3.588390827178955,13.590137481689453,956.2406616210938,52.19217300415039,11.54432201385498,63.73649597167969,78.44799041748047,0.14868716895580292,0.14868716895580292,0.14868716895580292,0.0
4.9204912185668945,210.9199981689453,1000.0,15.0,1.2146637439727783,0.020891251042485237,18.0,1.0006705522537231,1.0006705522537231,1.0006705522537231,0.010192953050136566,0.0002840000088326633,0.8152768611907959,80000.0,-0.06112470477819443,-6.62580132484436e-05,0.012678402476012707,0.013034970499575138,-0.004452385939657688,0.48572972416877747,5.299199104309082,-1.601315975189209,18.81899070739746,1010.2271728515625,44.21380615234375,9.729362487792969,53.943172454833984,92.69013977050781,0.15825630724430084,0.15825630724430084,0.15825630724430084,0.0
5.361910820007324,202.16000366210938,1000.0,16.0,1.2109520435333252,0.021839981898665428,2.0,0.9994668960571289,0.9994668960571289,0.9994668960571289,0.009557805955410004,0.00028300000121816993,0.8122595548629761,85000.0,-0.02849748730659485,0.03262721747159958,-0.016496911644935608,0.03027767315506935,0.017242702655494213,0.5995456576347351,16.859243392944336,11.560044288635254,13.48255443572998,1063.3363037109375,52.09456253051758,0.9775221347808838,53.07208251953125,94.21148681640625,0.16779382526874542,0.16779382526874542,0.16779382526874542,0.0
5.6371378898620605,200.52000427246094,1000.0,17.0,1.20614755153656,0.020024746656417847,24.0,0.9995912909507751,0.9995912909507751,0.9995912909507751,0.010885396040976048,0.00028199999360367656,0.8083639740943909,90000.0,-0.06266679614782333,-0.034169308841228485,-0.154745414853096,0.024010825902223587,-0.006266847252845764,0.6607296466827393,3.677177906036377,-13.182065486907959,16.05630874633789,1119.02880859375,43.374507904052734,12.27293872833252,55.64744567871094,89.85137939453125,0.17729951441287994,0.17729951441287994,0.17729951441287994,0.0
5.976507186889648,207.36000061035156,1000.0,18.0,1.188630223274231,0.020411374047398567,22.0,0.9984299540519714,0.9984299540519714,0.9984299540519714,0.010555204004049301,0.0002809999859891832,0.7943840622901917,95000.0,-0.06899731606245041,-0.006330519914627075,-0.041545361280441284,0.02669256366789341,0.0026817377656698227,0.7523558735847473,5.260565757751465,1.583387851715088,16.64805793762207,1178.854248046875,48.051658630371094,11.738630294799805,59.79029083251953,83.62561798095703,0.1868058145046234,0.1868058145046234,0.1868058145046234,0.0
6.047358989715576,209.4600067138672,1000.0,19.0,1.1690963506698608,0.020346058532595634,29.0,0.9989500641822815,0.9989500641822815,0.9989500641822815,0.010538741946220398,0.0002800000074785203,0.7790289521217346,100000.0,-0.07160604000091553,-0.0026087239384651184,0.11732608079910278,0.01786930486559868,-0.008823258802294731,0.7329477667808533,4.359807014465332,-0.9007587432861328,17.74155616760254,1237.3997802734375,42.806453704833984,15.704076766967773,58.51053237915039,85.45469665527344,0.1963220238685608,0.1963220238685608,0.1963220238685608,0.0
5.913662910461426,211.39999389648438,1000.0,20.0,1.1539925336837769,0.020419402047991753,24.0,0.999182403087616,0.999182403087616,0.999182403087616,0.010346561670303345,0.0002789999998640269,0.7673134207725525,105000.0,-0.06450331956148148,0.0071027204394340515,0.1464306116104126,0.018652698025107384,0.0007833931595087051,0.6471416354179382,3.1920225620269775,-1.1677844524383545,20.305166244506836,1294.4385986328125,44.19357681274414,12.800224304199219,56.99380111694336,87.72883605957031,0.20585542917251587,0.20585542917251587,0.20585542917251587,0.0
6.1588873863220215,204.5399932861328,1000.0,21.0,1.143627643585205,0.020939713343977928,24.0,1.0016709566116333,1.0016709566116333,1.0016709566116333,0.010281641036272049,0.00027799999224953353,0.7593934535980225,110000.0,-0.06726999580860138,-0.0027666762471199036,-0.01094974484294653,0.015371695160865784,-0.0032810028642416,0.72305828332901,3.3190062046051025,0.126983642578125,18.3671817779541,1348.6500244140625,41.028926849365234,13.144433975219727,54.17335891723633,92.2962875366211,0.21537818014621735,0.21537818014621735,0.21537818014621735,0.0
6.34306526184082,194.44000244140625,1000.0,22.0,1.139169454574585,0.020521650090813637,19.0,0.992149829864502,0.992149829864502,0.992149829864502,0.012284419499337673,0.0002770000137388706,0.7560523748397827,115000.0,-0.058544740080833435,0.008725255727767944,-0.07051146775484085,0.01984541490674019,0.004473719745874405,0.8681096434593201,3.2097411155700684,-0.10926508903503418,17.233823776245117,1398.700439453125,40.205841064453125,9.804831504821777,50.01067352294922,99.9786605834961,0.22485199570655823,0.22485199570655823,0.22485199570655823,0.0
6.7528839111328125,201.74000549316406,1000.0,23.0,1.1357332468032837,0.023736203089356422,15.0,1.0006060600280762,1.0006060600280762,1.0006060600280762,0.010915376245975494,0.00027600000612437725,0.7534761428833008,120000.0,-0.0589846670627594,-0.00043992698192596436,0.02772267907857895,0.048011429607868195,0.028166014701128006,0.8794656991958618,5.4057087898254395,2.195967674255371,18.71192741394043,1450.2564697265625,43.15932083129883,8.35666275024414,51.51598358154297,97.05725860595703,0.2343144565820694,0.2343144565820694,0.2343144565820694,0.0
7.134339809417725,183.0800018310547,1000.0,24.0,1.1214946508407593,0.02178477868437767,29.0,1.0057032108306885,1.0057032108306885,1.0057032108306885,0.011188594624400139,0.0002749999985098839,0.742842972278595,125000.0,-0.06315695494413376,-0.004172287881374359,0.01905762404203415,0.02634422667324543,-0.021667202934622765,0.8326823115348816,2.317101240158081,-3.0886075496673584,14.292028427124023,1503.7274169921875,37.94978332519531,15.48410415649414,53.43388748168945,93.57357788085938,0.2436894327402115,0.2436894327402115,0.2436894327402115,0.0
7.425696849822998,185.36000061035156,1000.0,25.0,1.1031084060668945,0.020711712539196014,16.0,0.9995630979537964,0.9995630979537964,0.9995630979537964,0.009520446881651878,0.0002739999908953905,0.729289710521698,130000.0,-0.06715099513530731,-0.0039940401911735535,0.1626461297273636,0.03359699621796608,0.00725276954472065,0.7030878663063049,4.018010139465332,1.700908899307251,16.725494384765625,1549.3314208984375,36.8325080871582,8.731489181518555,45.563995361328125,109.73576354980469,0.25299888849258423,0.25299888849258423,0.25299888849258423,0.0
7.566532135009766,191.5,1000.0,26.0,1.0879102945327759,0.02159256488084793,22.0,1.0036399364471436,1.0036399364471436,1.0036399364471436,0.011133283376693726,0.0002730000123847276,0.7182964086532593,135000.0,-0.06770312041044235,-0.0005521252751350403,0.11368387937545776,0.03923363983631134,0.005636643618345261,1.1712746620178223,3.7545993328094482,-0.2634108066558838,18.507108688354492,1598.150390625,37.175682067871094,11.603245735168457,48.778926849365234,102.50328063964844,0.26227909326553345,0.26227909326553345,0.26227909326553345,0.0
7.604912757873535,193.9199981689453,1000.0,27.0,1.0772316455841064,0.02020232006907463,19.0,0.9981462955474854,0.9981462955474854,0.9981462955474854,0.011589373461902142,0.00027200000477023423,0.71065753698349,140000.0,-0.06381020694971085,0.0038929134607315063,0.11118625104427338,0.02327941171824932,-0.01595422811806202,0.9936384558677673,2.7036473751068115,-1.0509519577026367,17.666507720947266,1648.7362060546875,40.95550537109375,9.590276718139648,50.545780181884766,98.92022705078125,0.2715456783771515,0.2715456783771515,0.2715456783771515,0.0
7.713741302490234,179.6199951171875,1000.0,28.0,1.073612093925476,0.021135400980710983,5.0,0.9998438954353333,0.9998438954353333,0.9998438954353333,0.008832919411361217,0.00027099999715574086,0.7080976963043213,145000.0,-0.03762774541974068,0.02618246152997017,0.08162182569503784,0.07176344096660614,0.04848402924835682,0.8313551545143127,5.737193584442139,3.033546209335327,16.520727157592773,1696.6390380859375,45.54533767700195,2.3175201416015625,47.862857818603516,104.46513366699219,0.2807377874851227,0.2807377874851227,0.2807377874851227,0.0
7.928272247314453,178.8000030517578,1000.0,29.0,1.0727386474609375,0.020347390323877335,12.0,0.9998234510421753,0.9998234510421753,0.9998234510421753,0.010267951525747776,0.0002699999895412475,0.7074529528617859,150000.0,-0.056218795478343964,-0.018591050058603287,-0.054757341742515564,0.03117445670068264,-0.0405889842659235,0.9452067613601685,5.92582893371582,0.18863534927368164,15.975154876708984,1747.0157470703125,43.95410919189453,6.387505054473877,50.34161376953125,99.3214111328125,0.289861798286438,0.289861798286438,0.289861798286438,0.0
8.257208824157715,188.63999938964844,1000.0,30.0,1.0691440105438232,0.020441751927137375,21.0,1.0019054412841797,1.0019054412841797,1.0019054412841797,0.011090955697000027,0.0002690000110305846,0.7048609852790833,155000.0,-0.07420604676008224,-0.01798725128173828,-0.12040334939956665,0.02660735882818699,-0.004567097872495651,1.0423060655593872,4.177888870239258,-1.7479400634765625,16.5682373046875,1800.630615234375,42.623104095458984,10.946525573730469,53.56962966918945,93.33646392822266,0.2989725172519684,0.2989725172519684,0.2989725172519684,0.0
8.306591033935547,185.82000732421875,1000.0,31.0,1.061000108718872,0.021090883761644363,15.0,1.0032209157943726,1.0032209157943726,1.0032209157943726,0.010552259162068367,0.0002680000034160912,0.6991198658943176,160000.0,-0.061901435256004333,0.012304611504077911,0.08869960904121399,0.020777344703674316,-0.005830014124512672,1.1285690069198608,3.8029565811157227,-0.37493228912353516,17.673643112182617,1852.5965576171875,44.076595306396484,7.85139274597168,51.92798614501953,96.28719329833984,0.3080601394176483,0.3080601394176483,0.3080601394176483,0.0
8.495038032531738,191.9600067138672,1000.0,32.0,1.0570669174194336,0.020064469426870346,10.0,1.0048589706420898,1.0048589706420898,1.0048589706420898,0.009688569232821465,0.00026699999580159783,0.6963767409324646,165000.0,-0.04543796926736832,0.016463465988636017,0.030108051374554634,0.04253726080060005,0.021759916096925735,1.1568207740783691,5.114495754241943,1.3115391731262207,16.69151496887207,1899.2467041015625,41.42681121826172,5.188255310058594,46.61506652832031,107.2614517211914,0.31715741753578186,0.31715741753578186,0.31715741753578186,0.0
8.56921100616455,190.9600067138672,1000.0,33.0,1.052164077758789,0.020162910223007202,11.0,0.9966550469398499,0.9966550469398499,0.9966550469398499,0.01041344553232193,0.00026599998818710446,0.6929765343666077,170000.0,-0.05905432999134064,-0.01361636072397232,-0.016740139573812485,0.041449736803770065,-0.0010875239968299866,0.8520784974098206,6.67762565612793,1.5631299018859863,15.694022178649902,1949.15966796875,44.42583465576172,5.447076797485352,49.8729133605957,100.25482177734375,0.32626020908355713,0.32626020908355713,0.32626020908355713,0.0
8.329228401184082,196.3000030517578,1000.0,34.0,1.0454541444778442,0.021068880334496498,12.0,0.9995466470718384,0.9995466470718384,0.9995466470718384,0.011534533463418484,0.00026500000967644155,0.6883336305618286,175000.0,-0.058236174285411835,0.0008181557059288025,-0.10614679753780365,0.022802775725722313,-0.018646961078047752,1.1137913465499878,5.719119071960449,-0.9585065841674805,17.272905349731445,1999.111572265625,43.32867431640625,6.583225250244141,49.91189956665039,100.176513671875,0.3353942334651947,0.3353942334651947,0.3353942334651947,0.0
8.680492401123047,193.47999572753906,1000.0,35.0,1.0465199947357178,0.020581070333719254,16.0,0.9993463754653931,0.9993463754653931,0.9993463754653931,0.010488552041351795,0.0002640000020619482,0.6891291737556458,180000.0,-0.05996011942625046,-0.001723945140838623,-0.05437183007597923,0.0709586888551712,0.04815591312944889,1.1129969358444214,3.6795241832733154,-2.039594888687134,17.150571823120117,2047.608642578125,39.260196685791016,9.201767921447754,48.46196365356445,103.17369079589844,0.34454426169395447,0.34454426169395447,0.34454426169395447,0.0
8.534463882446289,198.5399932861328,1000.0,36.0,1.0410263538360596,0.021365655586123466,13.0,1.0035057067871094,1.0035057067871094,1.0035057067871094,0.011655551381409168,0.0002629999944474548,0.6853484511375427,185000.0,-0.0708315297961235,-0.010871410369873047,0.11813480406999588,0.023061078041791916,-0.04789761081337929,0.9337621331214905,6.711928367614746,3.0324041843414307,14.417990684509277,2093.687255859375,38.32338333129883,7.715238571166992,46.03862380981445,108.60446166992188,0.35373353958129883,0.35373353958129883,0.35373353958129883,0.0
8.820755004882812,203.8000030517578,1000.0,37.0,1.029302716255188,0.02070687711238861,15.0,1.0120737552642822,1.0120737552642822,1.0120737552642822,0.011134238913655281,0.00026199998683296144,0.6773368120193481,190000.0,-0.05613768845796585,0.014693841338157654,0.03347492218017578,0.04749386012554169,0.02443278208374977,1.1038367748260498,3.4031801223754883,-3.308748245239258,15.19046688079834,2151.661865234375,49.003780364990234,8.932108879089355,57.935890197753906,86.30229187011719,0.3629833161830902,0.3629833161830902,0.3629833161830902,0.0
8.566320419311523,201.17999267578125,1000.0,38.0,1.024705410003662,0.020076321437954903,21.0,0.9999943375587463,0.9999943375587463,0.9999943375587463,0.010833456180989742,0.0002610000083222985,0.6742125153541565,195000.0,-0.06595685333013535,-0.009819164872169495,0.0713069885969162,0.0179974976927042,-0.029496362432837486,0.8632876873016357,2.539747476577759,-0.8634326457977295,14.063148498535156,2212.807861328125,48.96894073486328,12.131866455078125,61.100807189941406,81.83197784423828,0.37227559089660645,0.37227559089660645,0.37227559089660645,0.0
9.140708923339844,203.83999633789062,1000.0,39.0,1.0197365283966064,0.023009661585092545,2.0,1.0021607875823975,1.0021607875823975,1.0021607875823975,0.01218282338231802,0.00026000000070780516,0.6708695292472839,200000.0,-0.014877388253808022,0.051079465076327324,-0.023487592115998268,0.07693274319171906,0.058935245499014854,1.0752946138381958,18.758831024169922,16.219083547592163,14.188076972961426,2262.6162109375,48.76463317871094,1.0048573017120361,49.76948928833008,100.4631576538086,0.38161903619766235,0.38161903619766235,0.38161903619766235,0.0
8.725358009338379,202.0399932861328,1000.0,40.0,1.0146857500076294,0.02115546353161335,18.0,1.002173662185669,1.002173662185669,1.002173662185669,0.010176033712923527,0.0002589999930933118,0.667559802532196,205000.0,-0.06724414229393005,-0.05236675404012203,0.09956005215644836,0.016181867569684982,-0.06075087562203407,1.0602349042892456,3.7993273735046387,-14.959503650665283,14.482245445251465,2322.522216796875,49.900840759277344,9.965291976928711,59.86613082885742,83.5196762084961,0.3910003900527954,0.3910003900527954,0.3910003900527954,0.0
9.34162712097168,205.33999633789062,1000.0,41.0,1.0070565938949585,0.020270761102437973,11.0,1.0011435747146606,1.0011435747146606,1.0011435747146606,0.01019045989960432,0.0002579999854788184,0.6625751256942749,210000.0,-0.06297804415225983,0.004266098141670227,-0.0889657512307167,0.039688024669885635,0.023506157100200653,1.1238410472869873,6.822847843170166,3.0235204696655273,15.774274826049805,2375.865478515625,47.22138595581055,6.085264682769775,53.30664825439453,93.79692840576172,0.400431752204895,0.400431752204895,0.400431752204895,0.0
9.130369186401367,217.60000610351562,1000.0,42.0,1.0028706789016724,0.02093791589140892,17.0,1.0015050172805786,1.0015050172805786,1.0015050172805786,0.010976684279739857,0.0002570000069681555,0.6598093509674072,215000.0,-0.08271533995866776,-0.01973729580640793,-0.09080033749341965,0.03584979102015495,-0.0038382336497306824,0.9777352809906006,4.977083683013916,-1.84576416015625,14.35076904296875,2434.537109375,49.12113571166992,9.511274337768555,58.632408142089844,85.27706909179688,0.4099652171134949,0.4099652171134949,0.4099652171134949,0.0
9.144041061401367,221.24000549316406,1000.0,43.0,0.9961144328117371,0.020351866260170937,13.0,1.001877784729004,1.001877784729004,1.001877784729004,0.011029509827494621,0.00025599999935366213,0.6554245352745056,220000.0,-0.0758010670542717,0.006914272904396057,-0.19920378923416138,0.050319574773311615,0.014469783753156662,1.1912765502929688,5.801589012145996,0.8245053291320801,15.241823196411133,2488.70361328125,46.82645797729492,7.3018598556518555,54.128318786621094,92.37309265136719,0.4196060597896576,0.4196060597896576,0.4196060597896576,0.0
9.706772804260254,228.75999450683594,1000.0,44.0,0.9916129112243652,0.02060885541141033,4.0,0.9986227750778198,0.9986227750778198,0.9986227750778198,0.00832941010594368,0.00025499999173916876,0.6524778604507446,225000.0,-0.03930274769663811,0.03649831935763359,-0.07342977076768875,0.0672978088259697,0.01697823405265808,1.389416217803955,14.709582328796387,8.90799331665039,15.466695785522461,2539.637451171875,48.571773529052734,2.3215205669403076,50.89329528808594,98.2447738647461,0.4293760657310486,0.4293760657310486,0.4293760657310486,0.0
9.518038749694824,230.33999633789062,1000.0,45.0,0.9973422884941101,0.020872287452220917,20.0,0.9998754858970642,0.9998754858970642,0.9998754858970642,0.011006000451743603,0.00025400001322850585,0.6561492085456848,230000.0,-0.07693389058113098,-0.037631142884492874,0.0260256789624691,0.033832449465990067,-0.03346535935997963,1.063933253288269,3.8643851280212402,-10.845197200775146,17.146984100341797,2592.95849609375,41.74829864501953,11.527870178222656,53.27616882324219,93.85059356689453,0.43926703929901123,0.43926703929901123,0.43926703929901123,0.0
9.838042259216309,225.77999877929688,1000.0,46.0,0.9977796077728271,0.0208732932806015,12.0,0.9969903826713562,0.9969903826713562,0.9969903826713562,0.010981833562254906,0.0002530000056140125,0.6564387083053589,235000.0,-0.0738852322101593,0.0030486583709716797,-0.11928603053092957,0.025621937587857246,-0.00821051187813282,1.2206679582595825,8.221142768859863,4.356757640838623,17.453746795654297,2642.31494140625,42.38147735595703,6.931692600250244,49.31317138671875,101.39279174804688,0.44924384355545044,0.44924384355545044,0.44924384355545044,0.0
9.670230865478516,240.74000549316406,1000.0,47.0,0.9965878129005432,0.020365437492728233,12.0,1.0002391338348389,1.0002391338348389,1.0002391338348389,0.011209746822714806,0.0002519999979995191,0.6556047797203064,240000.0,-0.0764448344707489,-0.0025596022605895996,0.046553220599889755,0.028491416946053505,0.0028694793581962585,1.1080763339996338,7.935179233551025,-0.2859635353088379,20.302637100219727,2695.036865234375,45.83604049682617,6.844575881958008,52.68061828613281,94.91156768798828,0.4593631327152252,0.4593631327152252,0.4593631327152252,0.0
10.088066101074219,248.6999969482422,1000.0,48.0,0.9928531050682068,0.020510053262114525,19.0,1.0029810667037964,1.0029810667037964,1.0029810667037964,0.010962672531604767,0.00025099999038502574,0.6531013250350952,245000.0,-0.0909663587808609,-0.014521524310112,-0.011138389818370342,0.027125956490635872,-0.001365460455417633,1.0691678524017334,6.956818103790283,-0.9783611297607422,18.076642990112305,2754.740966796875,49.248130798339844,10.417709350585938,59.66584014892578,83.80004119873047,0.4696418344974518,0.4696418344974518,0.4696418344974518,0.0
9.693453788757324,244.6199951171875,1000.0,49.0,0.9862568974494934,0.020016875118017197,21.0,1.000347375869751,1.000347375869751,1.000347375869751,0.011190617457032204,0.0002500000118743628,0.648827314376831,250000.0,-0.09024068713188171,0.000725671648979187,0.009932305663824081,0.03038056753575802,0.0032546110451221466,1.0491228103637695,4.40930700302124,-2.547511100769043,19.519411087036133,2812.5966796875,46.18976593017578,11.624350547790527,57.81411361694336,86.48406982421875,0.4800417125225067,0.4800417125225067,0.4800417125225067,0.0
10.186017036437988,244.25999450683594,1000.0,50.0,0.9676876068115234,0.020237015560269356,19.0,1.0048531293869019,1.0048531293869019,1.0048531293869019,0.010791361331939697,0.00024900000425986946,0.6369038820266724,255000.0,-0.0809355154633522,0.00930517166852951,-0.052641209214925766,0.04211323708295822,0.011732669547200203,1.1410870552062988,4.32056999206543,-0.08873701095581055,20.52566909790039,2870.2392578125,46.64801788330078,10.949524879455566,57.59754180908203,86.80925750732422,0.49054548144340515,0.49054548144340515,0.49054548144340515,0.0
9.749100685119629,253.39999389648438,1000.0,51.0,0.9594987034797668,0.021779727190732956,3.0,1.0010803937911987,1.0010803937911987,1.0010803937911987,0.009736265055835247,0.0002479999966453761,0.6317111849784851,260000.0,-0.029548533260822296,0.05138698220252991,0.10211549699306488,0.062353745102882385,0.020240508019924164,1.2403180599212646,14.463502883911133,10.142932891845703,19.586524963378906,2919.660400390625,47.7995719909668,1.5766630172729492,49.37623596191406,101.26329040527344,0.5011789798736572,0.5011789798736572,0.5011789798736572,0.0
10.16479206085205,245.0800018310547,1000.0,52.0,0.9626938104629517,0.02234005741775036,18.0,0.99934321641922,0.99934321641922,0.99934321641922,0.011562776751816273,0.0002469999890308827,0.6336804032325745,265000.0,-0.08492151647806168,-0.05537298321723938,0.1915954351425171,0.0330130010843277,-0.029340744018554688,1.3385519981384277,4.843544960021973,-9.61995792388916,19.399261474609375,2980.07958984375,50.63116455078125,9.749557495117188,60.38072204589844,82.8078842163086,0.511888861656189,0.511888861656189,0.511888861656189,0.0
10.278447151184082,247.13999938964844,1000.0,53.0,0.9567817449569702,0.02245308831334114,3.0,1.000095009803772,1.000095009803772,1.000095009803772,0.01090843416750431,0.0002460000105202198,0.6299381256103516,270000.0,-0.03440360352396965,0.050517912954092026,-0.008202054537832737,0.08320482820272446,0.05019182711839676,1.3534228801727295,18.624122619628906,13.780577659606934,19.509334564208984,3026.83251953125,45.09844207763672,1.6162188053131104,46.71466064453125,107.03277587890625,0.522673487663269,0.522673487663269,0.522673487663269,0.0
10.178672790527344,240.8000030517578,1000.0,54.0,0.9507786631584167,0.02016485296189785,14.0,1.0012388229370117,1.0012388229370117,1.0012388229370117,0.011981574818491936,0.00024500000290572643,0.6261576414108276,275000.0,-0.0820443257689476,-0.04764072224497795,0.13435590267181396,0.03912912681698799,-0.044075701385736465,1.228332281112671,6.448067665100098,-12.176054954528809,19.55558967590332,3079.65185546875,44.518192291259766,8.2596435546875,52.777835845947266,94.73673248291016,0.5334945917129517,0.5334945917129517,0.5334945917129517,0.0
10.459638595581055,239.83999633789062,1000.0,55.0,0.9508119225502014,0.020051443949341774,11.0,1.0002161264419556,1.0002161264419556,1.0002161264419556,0.010001691058278084,0.00024399999529123306,0.6261758208274841,280000.0,-0.06599437445402145,0.016049951314926147,0.02669910527765751,0.06985710561275482,0.03072797879576683,1.2667597532272339,5.228691101074219,-1.219376564025879,19.379465103149414,3127.85546875,42.467124938964844,5.696557521820068,48.16368103027344,103.81266021728516,0.5443421006202698,0.5443421006202698,0.5443421006202698,0.0
10.730844497680664,240.9600067138672,1000.0,56.0,0.949908435344696,0.02217218652367592,13.0,0.9996873140335083,0.9996873140335083,0.9996873140335083,0.011423316784203053,0.00024300000222865492,0.6256108283996582,285000.0,-0.0812109187245369,-0.015216544270515442,-0.004391123075038195,0.054179444909095764,-0.015677660703659058,1.2588995695114136,6.190036773681641,0.9613456726074219,19.770383834838867,3181.388427734375,46.4478759765625,7.045083045959473,53.492958068847656,93.47024536132812,0.555216372013092,0.555216372013092,0.555216372013092,0.0
10.6888427734375,234.94000244140625,1000.0,57.0,0.9421924352645874,0.02063373476266861,10.0,1.002699375152588,1.002699375152588,1.002699375152588,0.011927380226552486,0.00024199999461416155,0.6208058595657349,290000.0,-0.06918397545814514,0.012026943266391754,0.07984737306833267,0.03853340819478035,-0.015646036714315414,1.3068015575408936,8.948652267456055,2.758615493774414,19.125411987304688,3236.27392578125,49.19230651855469,5.6549835205078125,54.8472900390625,91.16220092773438,0.5660859942436218,0.5660859942436218,0.5660859942436218,0.0
10.491630554199219,234.32000732421875,1000.0,58.0,0.9382207989692688,0.020993506535887718,9.0,0.9988094568252563,0.9988094568252563,0.9988094568252563,0.011160587891936302,0.0002410000015515834,0.6183484196662903,295000.0,-0.06565932184457779,0.0035246536135673523,-0.018411319702863693,0.04302513226866722,0.004491724073886871,1.103376030921936,6.742610454559326,-2.2060418128967285,20.959407806396484,3295.47119140625,54.252784729003906,4.904723167419434,59.15750503540039,84.52012634277344,0.5769472718238831,0.5769472718238831,0.5769472718238831,0.0
10.621931076049805,230.3000030517578,1000.0,59.0,0.9390310645103455,0.020056569948792458,18.0,1.0052227973937988,1.0052227973937988,1.0052227973937988,0.011269559152424335,0.00023999999393709004,0.6188569664955139,300000.0,-0.08900843560695648,-0.023349113762378693,0.17732946574687958,0.035260140895843506,-0.007764991372823715,1.2631055116653442,3.83304500579834,-2.9095654487609863,19.893539428710938,3357.195556640625,51.56936264038086,10.114824295043945,61.68418884277344,81.05805206298828,0.5877817273139954,0.5877817273139954,0.5877817273139954,0.0
10.589818954467773,236.9199981689453,1000.0,60.0,0.9319347143173218,0.021714583039283752,15.0,1.0044621229171753,1.0044621229171753,1.0044621229171753,0.011294891126453876,0.0002390000008745119,0.6145040392875671,305000.0,-0.09293077886104584,-0.0039223432540893555,-0.029237519949674606,0.0510055273771286,0.015745386481285095,0.9974220991134644,5.815854549407959,1.9828095436096191,20.891149520874023,3413.673095703125,47.8643684387207,8.561580657958984,56.42594909667969,88.6117172241211,0.5986210703849792,0.5986210703849792,0.5986210703849792,0.0
10.988027572631836,231.32000732421875,1000.0,61.0,0.931045413017273,0.022236904129385948,17.0,0.9976771473884583,0.9976771473884583,0.9976771473884583,0.010264255106449127,0.00023799999326001853,0.6139556765556335,310000.0,-0.09999246895313263,-0.007061690092086792,0.13507947325706482,0.05297740548849106,0.0019718781113624573,1.2584508657455444,5.559122562408447,-0.2567319869995117,19.172452926635742,3470.67041015625,46.56162643432617,10.394838333129883,56.95646667480469,87.78634643554688,0.6094380617141724,0.6094380617141724,0.6094380617141724,0.0
10.787986755371094,232.9600067138672,1000.0,62.0,0.9295228719711304,0.021833093836903572,10.0,1.006898045539856,1.006898045539856,1.006898045539856,0.010383013635873795,0.00023700000019744039,0.613033652305603,315000.0,-0.05935399979352951,0.04063846915960312,0.11112653464078903,0.04497774690389633,-0.007999658584594727,1.1182630062103271,5.732089996337891,0.17296743392944336,19.42135238647461,3521.254150390625,44.7595329284668,5.780818939208984,50.54035186767578,98.93085479736328,0.6202414631843567,0.6202414631843567,0.6202414631843567,0.0
10.564136505126953,239.47999572753906,1000.0,63.0,0.9232417345046997,0.02314164489507675,12.0,1.0012688636779785,1.0012688636779785,1.0012688636779785,0.010976766236126423,0.00023600000713486224,0.6092318296432495,320000.0,-0.10083307325839996,-0.04147907346487045,0.023762976750731468,0.06418796628713608,0.019210219383239746,0.9769933819770813,9.867883682250977,4.135793685913086,17.92331314086914,3575.99951171875,47.51626968383789,7.183406829833984,54.699676513671875,91.40821838378906,0.6310612559318542,0.6310612559318542,0.6310612559318542,0.0
10.521860122680664,230.1199951171875,1000.0,64.0,0.9125926494598389,0.022013241425156593,14.0,0.9998600482940674,0.9998600482940674,0.9998600482940674,0.010415025986731052,0.00023499999952036887,0.602838933467865,325000.0,-0.08285913616418839,0.01797393709421158,-0.012362933717668056,0.059696733951568604,-0.004491232335567474,1.125473976135254,4.807314395904541,-5.0605692863464355,21.045747756958008,3635.97314453125,51.8599739074707,8.071216583251953,59.931190490722656,83.42900848388672,0.6418516635894775,0.6418516635894775,0.6418516635894775,0.0
10.000070571899414,234.97999572753906,1000.0,65.0,0.9084717631340027,0.022727783769369125,2.0,1.001645565032959,1.001645565032959,1.001645565032959,0.012881042435765266,0.00023400000645779073,0.6003636121749878,330000.0,-0.02049821987748146,0.062360916286706924,-0.017009254544973373,0.037782736122608185,-0.02191399782896042,1.1873068809509277,14.622143745422363,9.814829349517822,19.871479034423828,3687.9208984375,50.92618942260742,0.9715495109558105,51.897735595703125,96.34331512451172,0.6526371240615845,0.6526371240615845,0.6526371240615845,0.0
9.692159652709961,232.6999969482422,1000.0,66.0,0.9071889519691467,0.020653100684285164,14.0,1.0087907314300537,1.0087907314300537,1.0087907314300537,0.011998693458735943,0.00023299999884329736,0.5995773077011108,335000.0,-0.08111237734556198,-0.06061415746808052,-0.058438871055841446,0.030629528686404228,-0.007153207436203957,1.4490694999694824,4.514896869659424,-10.10724687576294,19.31155014038086,3746.3759765625,50.13631820678711,8.278714179992676,58.415035247802734,85.59440612792969,0.6634066700935364,0.6634066700935364,0.6634066700935364,0.0
9.796234130859375,226.25999450683594,1000.0,67.0,0.9053250551223755,0.020339183509349823,13.0,0.9998948574066162,0.9998948574066162,0.9998948574066162,0.011019082739949226,0.00023200000578071922,0.598495602607727,340000.0,-0.08742162585258484,-0.006309248507022858,-0.09570521116256714,0.042900994420051575,0.012271465733647346,1.3256629705429077,6.649714946746826,2.1348180770874023,16.744367599487305,3799.72509765625,45.92899703979492,7.383297443389893,53.312294006347656,93.78699493408203,0.6741312742233276,0.6741312742233276,0.6741312742233276,0.0
9.771028518676758,226.17999267578125,1000.0,68.0,0.9041435122489929,0.020657727494835854,19.0,1.0020054578781128,1.0020054578781128,1.0020054578781128,0.01116099487990141,0.00023099999816622585,0.5978212356567383,345000.0,-0.08291219174861908,0.004509434103965759,0.07883899658918381,0.028692197054624557,-0.014208797365427017,1.3626688718795776,3.824455499649048,-2.8252594470977783,19.14076042175293,3852.7197265625,41.3240966796875,11.631134033203125,52.95622253417969,94.41938018798828,0.6848146915435791,0.6848146915435791,0.6848146915435791,0.0
9.643797874450684,227.33999633789062,1000.0,69.0,0.8966206908226013,0.020195776596665382,6.0,1.0090346336364746,1.0090346336364746,1.0090346336364746,0.012452390044927597,0.0002300000051036477,0.5932924747467041,350000.0,-0.04485489800572395,0.038057293742895126,-0.10035721957683563,0.04377192631363869,0.01507972925901413,1.2377599477767944,6.803549766540527,2.9790942668914795,20.78588104248047,3899.594970703125,43.51469039916992,3.3164308071136475,46.831119537353516,106.76660919189453,0.6954660415649414,0.6954660415649414,0.6954660415649414,0.0
9.202085494995117,220.89999389648438,1000.0,70.0,0.8927956223487854,0.02119499444961548,15.0,1.0014530420303345,1.0014530420303345,1.0014530420303345,0.010643485933542252,0.00022899999748915434,0.5909695625305176,355000.0,-0.09024707973003387,-0.04539218172430992,-0.12150447815656662,0.02807500585913658,-0.015696920454502106,1.1376402378082275,4.983713150024414,-1.8198366165161133,15.67505931854248,3956.22509765625,47.54121398925781,9.044034004211426,56.58524703979492,88.36225128173828,0.7060579061508179,0.7060579061508179,0.7060579061508179,0.0
8.86756420135498,217.25999450683594,1000.0,71.0,0.8823167085647583,0.02236725203692913,15.0,1.0066874027252197,1.0066874027252197,1.0066874027252197,0.01128053106367588,0.0002280000044265762,0.5847861766815186,360000.0,-0.08557343482971191,0.0046736449003219604,0.09047069400548935,0.034926146268844604,0.006851140409708023,1.0897067785263062,5.225162029266357,0.24144887924194336,16.943443298339844,4015.354248046875,50.00713348388672,9.080768585205078,59.0879020690918,84.61968994140625,0.7165789604187012,0.7165789604187012,0.7165789604187012,0.0
8.702533721923828,215.17999267578125,1000.0,72.0,0.8785569071769714,0.020057642832398415,13.0,1.0016794204711914,1.0016794204711914,1.0016794204711914,0.011306863278150558,0.00022699999681208283,0.5826088786125183,365000.0,-0.08137412369251251,0.004199311137199402,-0.052380941808223724,0.029393168166279793,-0.005532978102564812,1.0482715368270874,4.9824066162109375,-0.24275541305541992,16.993318557739258,4079.07421875,55.658302307128906,8.019896507263184,63.678199768066406,78.51980590820312,0.7270265221595764,0.7270265221595764,0.7270265221595764,0.0
8.812372207641602,200.0800018310547,1000.0,73.0,0.8729349374771118,0.02026277221739292,20.0,1.0059276819229126,1.0059276819229126,1.0059276819229126,0.01138088759034872,0.00022600000374950469,0.5793455839157104,370000.0,-0.08821120113134384,-0.006837077438831329,-0.00317821791395545,0.030591396614909172,0.0011982284486293793,1.1498221158981323,3.2691779136657715,-1.713228702545166,17.007587432861328,4144.279296875,53.87565612792969,11.277791023254395,65.15345001220703,76.74191284179688,0.7373353838920593,0.7373353838920593,0.7373353838920593,0.0
8.655549049377441,219.3000030517578,1000.0,74.0,0.8663230538368225,0.020261259749531746,6.0,1.0031050443649292,1.0031050443649292,1.0031050443649292,0.010852298699319363,0.00022499999613501132,0.5755254030227661,375000.0,-0.050863225013017654,0.03734797611832619,0.06077875196933746,0.03991255536675453,0.00932115875184536,0.7862550616264343,11.339266777038574,8.070088863372803,16.81940269470215,4196.20556640625,48.359527587890625,3.528209924697876,51.88773727416992,96.36187744140625,0.7476130723953247,0.7476130723953247,0.7476130723953247,0.0
8.538769721984863,238.36000061035156,1000.0,75.0,0.8669597506523132,0.020725073292851448,10.0,1.0050530433654785,1.0050530433654785,1.0050530433654785,0.010603232309222221,0.00022400000307243317,0.5758992433547974,380000.0,-0.07739982008934021,-0.026536595076322556,0.24618330597877502,0.044823527336120605,0.004910971969366074,0.7442396283149719,8.179903984069824,-3.15936279296875,21.314191818237305,4249.12109375,46.68350601196289,6.188774108886719,52.87228012084961,94.56751251220703,0.7579532265663147,0.7579532265663147,0.7579532265663147,0.0
8.302594184875488,254.13999938964844,1000.0,76.0,0.860588788986206,0.022846130654215813,15.0,1.003200888633728,1.003200888633728,1.003200888633728,0.01141675841063261,0.0002229999954579398,0.572222888469696,385000.0,-0.09905306994915009,-0.021653249859809875,-0.06975716352462769,0.026788847520947456,-0.01803467981517315,0.7812498807907104,9.688630104064941,1.5087261199951172,23.17040252685547,4302.26708984375,44.48961639404297,8.610658645629883,53.10027313232422,94.1614761352539,0.7684218883514404,0.7684218883514404,0.7684218883514404,0.0
8.13824462890625,265.9599914550781,1000.0,77.0,0.8558922410011292,0.020151551812887192,13.0,0.9970697164535522,0.9970697164535522,0.9970697164535522,0.011905732564628124,0.00022200000239536166,0.5695546865463257,390000.0,-0.09300994873046875,0.0060431212186813354,0.03137683868408203,0.04060833901166916,0.013819491490721703,0.8661607503890991,8.455424308776855,-1.233205795288086,23.574525833129883,4357.70361328125,48.03620910644531,7.361357688903809,55.39756774902344,90.25666809082031,0.7790575623512268,0.7790575623512268,0.7790575623512268,0.0
8.386000633239746,264.9200134277344,1000.0,78.0,0.855238139629364,0.021180108189582825,2.0,0.9999977350234985,0.9999977350234985,0.9999977350234985,0.009053471498191357,0.0002209999947808683,0.5691935420036316,395000.0,-0.02770286425948143,0.06530708447098732,0.06171349808573723,0.03689834102988243,-0.003709997981786728,1.098433017730713,26.00893783569336,17.553513526916504,22.129638671875,4406.28955078125,47.50458908081055,1.0433220863342285,48.54791259765625,102.99104309082031,0.7898348569869995,0.7898348569869995,0.7898348569869995,0.0
8.238348960876465,264.2200012207031,1000.0,79.0,0.8544553518295288,0.02150176465511322,13.0,0.9998327493667603,0.9998327493667603,0.9998327493667603,0.010719845071434975,0.00022000000171829015,0.568763792514801,400000.0,-0.09448689967393875,-0.06678403541445732,0.11739709973335266,0.029541989788413048,-0.007356351241469383,0.7884829044342041,6.45009708404541,-19.55884075164795,22.870025634765625,4460.94140625,47.756248474121094,6.855639457702637,54.61188507080078,91.55516052246094,0.8007327914237976,0.8007327914237976,0.8007327914237976,0.0
8.022767066955566,275.260009765625,1000.0,80.0,0.8512524366378784,0.022100094705820084,15.0,1.0069056749343872,1.0069056749343872,1.0069056749343872,0.011437928304076195,0.00021899999410379678,0.566950798034668,405000.0,-0.08814339339733124,0.006343506276607513,-0.029683677479624748,0.016329290345311165,-0.013212699443101883,0.4892950654029846,7.400209903717041,0.9501128196716309,29.2458553314209,4514.17578125,45.488548278808594,7.700675010681152,53.18922424316406,94.0040054321289,0.8117855787277222,0.8117855787277222,0.8117855787277222,0.0
7.862278938293457,279.1600036621094,1000.0,81.0,0.8461763262748718,0.020081810653209686,9.0,1.000301718711853,1.000301718711853,1.000301718711853,0.010318509303033352,0.00021800000104121864,0.5640920996665955,410000.0,-0.07673551887273788,0.011407874524593353,0.0012966814683750272,0.026692109182476997,0.010362818837165833,0.9414837956428528,10.515762329101562,3.1155524253845215,22.565868377685547,4556.646484375,37.370018005371094,5.0656585693359375,42.43567657470703,117.82539367675781,0.8229904770851135,0.8229904770851135,0.8229904770851135,0.0
7.74155330657959,283.8599853515625,1000.0,82.0,0.8450387120246887,0.020179959014058113,14.0,0.9990050196647644,0.9990050196647644,0.9990050196647644,0.011553587391972542,0.00021699999342672527,0.5635402202606201,415000.0,-0.09340032935142517,-0.016664810478687286,0.13225193321704865,0.017230922356247902,-0.009461186826229095,1.114908218383789,6.172371864318848,-4.343390464782715,21.540088653564453,4606.880859375,42.71845245361328,7.475890159606934,50.194339752197266,99.61282348632812,0.8343482613563538,0.8343482613563538,0.8343482613563538,0.0
7.103878021240234,295.05999755859375,1000.0,83.0,0.8453275561332703,0.020512843504548073,10.0,0.9962078332901001,0.9962078332901001,0.9962078332901001,0.010587580502033234,0.00021600000036414713,0.563718855381012,420000.0,-0.08718851208686829,0.006211817264556885,-0.030615556985139847,0.020209236070513725,0.0029783137142658234,0.8281224370002747,9.726661682128906,3.5542898178100586,22.156784057617188,4659.2890625,47.20096206665039,5.167051315307617,52.36801528930664,95.4781265258789,0.8458872437477112,0.8458872437477112,0.8458872437477112,0.0
7.049075126647949,284.70001220703125,1000.0,84.0,0.8386906981468201,0.020329637452960014,12.0,1.00180184841156,1.00180184841156,1.00180184841156,0.01037069596350193,0.00021499999274965376,0.5599836707115173,425000.0,-0.09003458172082901,-0.002846069633960724,-0.11917940527200699,0.03318595513701439,0.012976719066500664,0.929764449596405,6.408216953277588,-3.3184447288513184,21.239652633666992,4712.19140625,46.34958267211914,6.509727954864502,52.85931396484375,94.59071350097656,0.857538104057312,0.857538104057312,0.857538104057312,0.0
7.439302921295166,259.20001220703125,1000.0,85.0,0.8355797529220581,0.022977489978075027,20.0,1.0046782493591309,1.0046782493591309,1.0046782493591309,0.011312623508274555,0.00021399999968707561,0.5582786798477173,430000.0,-0.09152384847402573,-0.0014892667531967163,0.02830301970243454,0.06825004518032074,0.03506409004330635,1.01201331615448,3.4887800216674805,-2.9194369316101074,19.888614654541016,4768.97509765625,46.2320671081543,10.51641845703125,56.74848556518555,88.10807800292969,0.8691725730895996,0.8691725730895996,0.8691725730895996,0.0
7.215636730194092,243.4199981689453,1000.0,86.0,0.833901047706604,0.02273196168243885,18.0,1.0005481243133545,1.0005481243133545,1.0005481243133545,0.011004434898495674,0.00021300000662449747,0.5574483275413513,435000.0,-0.08651440590620041,0.005009442567825317,-0.08067665994167328,0.035238638520240784,-0.033011406660079956,0.7114415168762207,3.7019965648651123,0.21321654319763184,21.63055992126465,4824.7900390625,45.66452407836914,10.111827850341797,55.77635192871094,89.64372253417969,0.8807193040847778,0.8807193040847778,0.8807193040847778,0.0
7.346435546875,226.94000244140625,1000.0,87.0,0.8266487121582031,0.021194495260715485,18.0,1.0034674406051636,1.0034674406051636,1.0034674406051636,0.011230524629354477,0.0002119999990100041,0.5534601807594299,440000.0,-0.08648804575204849,2.6360154151916504e-05,0.08327679336071014,0.04264044389128685,0.007401805371046066,1.0267897844314575,4.1535563468933105,0.45155978202819824,18.28374671936035,4875.484375,40.435028076171875,10.221368789672852,50.656394958496094,98.70421600341797,0.8921107053756714,0.8921107053756714,0.8921107053756714,0.0
6.902050018310547,227.75999450683594,1000.0,88.0,0.821239173412323,0.020722422748804092,5.0,1.0005940198898315,1.0005940198898315,1.0005940198898315,0.010830651037395,0.00021100000594742596,0.5505017042160034,445000.0,-0.04623281583189964,0.04025522992014885,-0.08886333554983139,0.03066544607281685,-0.011974997818470001,0.9499332308769226,9.792572975158691,5.639016628265381,17.564985275268555,4941.57763671875,63.23862838745117,2.813235282897949,66.05186462402344,75.69808959960938,0.9033660292625427,0.9033660292625427,0.9033660292625427,0.0
6.815907001495361,239.60000610351562,1000.0,89.0,0.8197343349456787,0.020634524524211884,9.0,0.9995822310447693,0.9995822310447693,0.9995822310447693,0.011076102964580059,0.0002099999983329326,0.5497116446495056,450000.0,-0.07752196490764618,-0.031289149075746536,0.19090312719345093,0.044811829924583435,0.014146383851766586,0.9207690358161926,9.099766731262207,-0.6928062438964844,22.314306259155273,5001.29345703125,54.19096755981445,5.4867658615112305,59.677734375,83.78334045410156,0.914553701877594,0.914553701877594,0.914553701877594,0.0
7.2952141761779785,218.63999938964844,1000.0,90.0,0.8178457617759705,0.020051121711730957,17.0,1.0002931356430054,1.0002931356430054,1.0002931356430054,0.010553120635449886,0.00020900000527035445,0.548780083656311,455000.0,-0.09075309336185455,-0.013231128454208374,0.08933299034833908,0.037808388471603394,-0.0070034414529800415,0.8273725509643555,3.808844804763794,-5.290921926498413,22.77695083618164,5058.83447265625,48.242557525634766,9.256199836730957,57.498756408691406,86.95840454101562,0.9255823493003845,0.9255823493003845,0.9255823493003845,0.0
7.155123233795166,219.17999267578125,1000.0,91.0,0.8170090913772583,0.021529769524931908,14.0,0.9987577199935913,0.9987577199935913,0.9987577199935913,0.010598335415124893,0.00020799999765586108,0.5484492182731628,460000.0,-0.10363087058067322,-0.012877777218818665,-0.05533314496278763,0.028995009139180183,-0.00881337933242321,0.586549699306488,6.962272644042969,3.153427839279175,24.737178802490234,5116.99169921875,50.18586349487305,7.932927131652832,58.11878967285156,86.03069305419922,0.9364706873893738,0.9364706873893738,0.9364706873893738,0.0
7.306112289428711,229.22000122070312,1000.0,92.0,0.8139462471008301,0.020191937685012817,8.0,1.001659870147705,1.001659870147705,1.001659870147705,0.0109671950340271,0.00020700000459328294,0.5468096137046814,465000.0,-0.07128793001174927,0.03234294056892395,-0.10757294297218323,0.035480111837387085,0.0064851026982069016,0.8919374942779541,9.040608406066895,2.078335762023926,24.461688995361328,5173.2294921875,51.004634857177734,5.193480968475342,56.19811248779297,88.97095489501953,0.9472803473472595,0.9472803473472595,0.9472803473472595,0.0
7.421403408050537,215.4199981689453,1000.0,93.0,0.8142194151878357,0.02048272266983986,13.0,0.9980231523513794,0.9980231523513794,0.9980231523513794,0.010738005861639977,0.00020599999697878957,0.5470187664031982,470000.0,-0.07726839929819107,-0.005980469286441803,0.01702616550028324,0.02706955373287201,-0.008410558104515076,0.9621083736419678,4.249476909637451,-4.791131496429443,22.56730079650879,5227.2041015625,46.2205810546875,7.710305213928223,53.930885314941406,92.71125793457031,0.9579538702964783,0.9579538702964783,0.9579538702964783,0.0
7.2605180740356445,224.1999969482422,1000.0,94.0,0.8101247549057007,0.02007891610264778,8.0,0.9981080889701843,0.9981080889701843,0.9981080889701843,0.01058216206729412,0.00020500000391621143,0.5448638200759888,475000.0,-0.0720401331782341,0.00522826611995697,0.09748267382383347,0.03099689446389675,0.003927340731024742,0.8055391907691956,9.735296249389648,5.485819339752197,23.247638702392578,5279.3798828125,47.554908752441406,4.576091766357422,52.131004333496094,95.91221618652344,0.968546986579895,0.968546986579895,0.968546986579895,0.0
6.652554512023926,242.32000732421875,1000.0,95.0,0.8060907125473022,0.021656708791851997,4.0,1.00104558467865,1.00104558467865,1.00104558467865,0.012059055268764496,0.00020399999630171806,0.5427592396736145,480000.0,-0.047206051647663116,0.024834081530570984,0.02632792480289936,0.03378822281956673,0.0027913283556699753,0.6556048393249512,23.171314239501953,13.436017990112305,26.31488037109375,5332.61083984375,51.12116241455078,2.0666210651397705,53.18778610229492,94.00654602050781,0.9791532158851624,0.9791532158851624,0.9791532158851624,0.0
6.988430023193359,247.72000122070312,1000.0,96.0,0.8063578605651855,0.023517144843935966,11.0,0.9993513822555542,0.9993513822555542,0.9993513822555542,0.010685867629945278,0.00020300000323913991,0.5431223511695862,485000.0,-0.09472131729125977,-0.04751526564359665,-0.008235975168645382,0.03167462721467018,-0.0021135956048965454,0.8944984078407288,7.0157694816589355,-16.155544757843018,22.83638572692871,5389.45849609375,50.30644226074219,6.496020317077637,56.80246353149414,88.02435302734375,0.9897956848144531,0.9897956848144531,0.9897956848144531,0.0
6.657672882080078,261.05999755859375,1000.0,97.0,0.8045240044593811,0.021301154047250748,3.0,1.0021432638168335,1.0021432638168335,1.0021432638168335,0.008320590481162071,0.00020199999562464654,0.5422762036323547,490000.0,-0.019680531695485115,0.07504078559577465,-0.08908543735742569,0.04925518482923508,0.017580557614564896,0.9728037118911743,12.7022123336792,5.686442852020264,21.920225143432617,5442.7060546875,51.669307708740234,1.528395414352417,53.19770431518555,93.98902130126953,1.0005314350128174,1.0005314350128174,1.0005314350128174,0.0
6.769359588623047,273.0400085449219,1000.0,98.0,0.8042941689491272,0.020613564178347588,9.0,1.0086044073104858,1.0086044073104858,1.0086044073104858,0.011750774458050728,0.0002010000025620684,0.5419471859931946,495000.0,-0.07617354393005371,-0.056493012234568596,0.03839155286550522,0.03155984356999397,-0.017695341259241104,1.0550726652145386,6.169942855834961,-6.532269477844238,21.43130111694336,5490.35888671875,42.248085021972656,5.366540908813477,47.614627838134766,105.00975036621094,1.0114037990570068,1.0114037990570068,1.0114037990570068,0.0
6.803272247314453,271.44000244140625,1000.0,99.0,0.7979092001914978,0.020731111988425255,16.0,1.0046143531799316,1.0046143531799316,1.0046143531799316,0.011269648559391499,0.00019999999494757503,0.538419246673584,500000.0,-0.09820784628391266,-0.022034302353858948,0.04782882332801819,0.02844339609146118,-0.003116447478532791,1.1994242668151855,4.516351222991943,-1.6535916328430176,18.56066131591797,5548.32275390625,48.892494201660156,9.03109359741211,57.92359161376953,86.32061767578125,1.0223888158798218,1.0223888158798218,1.0223888158798218,0.0
7.068662166595459,278.8800048828125,1000.0,100.0,0.792502224445343,0.022261612117290497,11.0,1.0094338655471802,1.0094338655471802,1.0094338655471802,0.01053603459149599,0.0001990000018849969,0.5355310440063477,505000.0,-0.07777483761310577,0.020433008670806885,-0.03181879222393036,0.03871380165219307,0.010270405560731888,0.9304034113883972,7.260146141052246,2.7437949180603027,20.84987449645996,5608.09326171875,53.34611129760742,6.374643325805664,59.72075653076172,83.72298431396484,1.0335060358047485,1.0335060358047485,1.0335060358047485,0.0
6.830029487609863,293.9599914550781,1000.0,101.0,0.7942361235618591,0.020384861156344414,15.0,1.002578616142273,1.002578616142273,1.002578616142273,0.010853971354663372,0.00019799999427050352,0.5365747809410095,510000.0,-0.09970773756504059,-0.021932899951934814,0.09700263291597366,0.019039738923311234,-0.019674062728881836,0.8447144627571106,6.902368068695068,-0.35777807235717773,20.602737426757812,5670.78955078125,54.12498474121094,8.532674789428711,62.657657623291016,79.7987060546875,1.0448062419891357,1.0448062419891357,1.0448062419891357,0.0
7.09689474105835,279.8999938964844,1000.0,102.0,0.791774570941925,0.021013665944337845,14.0,0.9996187686920166,0.9996187686920166,0.9996187686920166,0.011496908031404018,0.00019700000120792538,0.5354804396629333,515000.0,-0.11134390532970428,-0.011636167764663696,-0.07908298820257187,0.04817700386047363,0.0291372649371624,1.1709320545196533,6.028515815734863,-0.8738522529602051,17.673843383789062,5733.810546875,54.3860969543457,8.59487533569336,62.98097229003906,79.3890609741211,1.0562037229537964,1.0562037229537964,1.0562037229537964,0.0
7.241266250610352,288.7799987792969,1000.0,103.0,0.7820579409599304,0.02340671978890896,13.0,1.0072877407073975,1.0072877407073975,1.0072877407073975,0.011189603246748447,0.000195999993593432,0.5303952693939209,520000.0,-0.07942268252372742,0.03192122280597687,-0.0361860916018486,0.04458701238036156,-0.003589991480112076,1.1962037086486816,5.070855140686035,-0.9576606750488281,17.45331573486328,5793.845703125,52.85232162475586,7.137968063354492,59.99028778076172,83.3468246459961,1.0677250623703003,1.0677250623703003,1.0677250623703003,0.0
7.032263278961182,295.5,1000.0,104.0,0.7689472436904907,0.020129026845097542,18.0,1.0053768157958984,1.0053768157958984,1.0053768157958984,0.011100473813712597,0.00019500000053085387,0.5235117673873901,525000.0,-0.11376180499792099,-0.03433912247419357,0.00010716915130615234,0.028271658346056938,-0.01631535403430462,0.31257256865501404,6.371100425720215,1.3002452850341797,26.618471145629883,5841.357421875,37.34711456298828,10.123671531677246,47.470787048339844,105.32793426513672,1.0793836116790771,1.0793836116790771,1.0793836116790771,0.0
7.607240200042725,276.5,1000.0,105.0,0.7628124356269836,0.023577498272061348,15.0,0.9964197874069214,0.9964197874069214,0.9964197874069214,0.010813210159540176,0.0001939999929163605,0.5204476714134216,530000.0,-0.09736336022615433,0.016398444771766663,-0.1232886016368866,0.0344957560300827,0.0062240976840257645,0.8534255623817444,5.284510135650635,-1.08659029006958,21.865921020507812,5894.16259765625,43.8930778503418,8.872587203979492,52.76566696166992,94.75859069824219,1.0910773277282715,1.0910773277282715,1.0910773277282715,0.0
7.287609100341797,281.4599914550781,1000.0,106.0,0.7639449238777161,0.02079673856496811,15.0,1.0003747940063477,1.0003747940063477,1.0003747940063477,0.011287277564406395,0.00019299999985378236,0.521190881729126,535000.0,-0.1087532714009285,-0.01138991117477417,-0.06746840476989746,0.026585087180137634,-0.007910668849945068,0.7297894954681396,6.809518337249756,1.525008201599121,22.638347625732422,5956.4599609375,52.6533088684082,9.60396671295166,62.25727462768555,80.31189727783203,1.102822184562683,1.102822184562683,1.102822184562683,0.0
7.456713676452637,273.7799987792969,1000.0,107.0,0.7617625594139099,0.02213924005627632,14.0,1.0113391876220703,1.0113391876220703,1.0113391876220703,0.011453721672296524,0.00019200000679120421,0.5202786922454834,540000.0,-0.09107492864131927,0.017678342759609222,-0.09219670295715332,0.029335683211684227,0.0027505960315465927,1.061343789100647,4.127220153808594,-2.682298183441162,18.130517959594727,6018.34521484375,53.7597770690918,8.0900297164917,61.84980773925781,80.84099578857422,1.1145761013031006,1.1145761013031006,1.1145761013031006,0.0
7.5978169441223145,262.67999267578125,1000.0,108.0,0.7531025409698486,0.020533321425318718,15.0,1.0049231052398682,1.0049231052398682,1.0049231052398682,0.01193614024668932,0.00019099999917671084,0.5158923268318176,545000.0,-0.11696149408817291,-0.025886565446853638,-0.06586398929357529,0.030223235487937927,0.0008875522762537003,1.079632043838501,5.221896171569824,1.0946760177612305,17.3146915435791,6077.16943359375,50.14858627319336,8.63136100769043,58.77994918823242,85.06301879882812,1.126286506652832,1.126286506652832,1.126286506652832,0.0
7.573315620422363,263.44000244140625,1000.0,109.0,0.7443138957023621,0.02118713967502117,9.0,1.0008925199508667,1.0008925199508667,1.0008925199508667,0.012457621283829212,0.0001900000061141327,0.5113208889961243,550000.0,-0.09127966314554214,0.025681830942630768,-0.05823168158531189,0.03159603103995323,0.0013727955520153046,1.0043482780456543,8.44375228881836,3.221856117248535,14.802006721496582,6132.814453125,50.36861038208008,5.233091831207275,55.60170364379883,89.92530822753906,1.1379598379135132,1.1379598379135132,1.1379598379135132,0.0
7.350522994995117,263.4200134277344,1000.0,110.0,0.7463441491127014,0.020700067281723022,15.0,1.0023478269577026,1.0023478269577026,1.0023478269577026,0.011243869550526142,0.00018899999849963933,0.5122474431991577,555000.0,-0.11474981904029846,-0.023470155894756317,0.017917251214385033,0.02760058455169201,-0.003995446488261223,0.9251054525375366,5.998835563659668,-2.4449167251586914,18.810312271118164,6183.72412109375,42.04813766479492,8.821393966674805,50.869529724121094,98.29066467285156,1.1495983600616455,1.1495983600616455,1.1495983600616455,0.0
7.707032680511475,243.55999755859375,1000.0,111.0,0.7456765174865723,0.020631421357393265,9.0,1.0021307468414307,1.0021307468414307,1.0021307468414307,0.01163068599998951,0.0001880000054370612,0.5117915868759155,560000.0,-0.07878986746072769,0.03595995157957077,0.11834298819303513,0.029763370752334595,0.0021627862006425858,1.0110626220703125,6.76056432723999,0.7617287635803223,15.86028003692627,6237.8046875,49.152652740478516,4.884531497955322,54.03718566894531,92.52887725830078,1.1611143350601196,1.1611143350601196,1.1611143350601196,0.0
7.165865421295166,264.8599853515625,1000.0,112.0,0.7439824938774109,0.021484127268195152,4.0,1.0008468627929688,1.0008468627929688,1.0008468627929688,0.00980832427740097,0.00018699999782256782,0.5109328031539917,565000.0,-0.051877208054065704,0.026912659406661987,-0.05935509130358696,0.028950920328497887,-0.0008124504238367081,0.8691097497940063,19.780555725097656,13.019991397857666,18.647052764892578,6291.67626953125,51.498008728027344,2.3346025943756104,53.832611083984375,92.88050079345703,1.1726161241531372,1.1726161241531372,1.1726161241531372,0.0
7.09084939956665,269.9599914550781,1000.0,113.0,0.7390040159225464,0.021019794046878815,7.0,0.9989919662475586,0.9989919662475586,0.9989919662475586,0.011751463636755943,0.00018600000475998968,0.5084277391433716,570000.0,-0.08365777879953384,-0.03178057074546814,0.033081669360399246,0.029208285734057426,0.0002573654055595398,0.9019390344619751,12.201520919799805,-7.579034805297852,17.53453254699707,6344.27783203125,48.8005256652832,3.7559821605682373,52.5565071105957,95.13569641113281,1.1841267347335815,1.1841267347335815,1.1841267347335815,0.0
7.4846038818359375,250.55999755859375,1000.0,114.0,0.7345725893974304,0.02051142044365406,12.0,1.0021740198135376,1.0021740198135376,1.0021740198135376,0.010805580765008926,0.0001849999971454963,0.5062185525894165,575000.0,-0.09953830391168594,-0.0158805251121521,-0.035912543535232544,0.03736573085188866,0.00815744511783123,0.8766158223152161,7.632961750030518,-4.568559169769287,21.484336853027344,6389.634765625,39.186031341552734,6.117986679077148,45.304019927978516,110.36548614501953,1.1955560445785522,1.1955560445785522,1.1955560445785522,0.0
7.179330348968506,251.25999450683594,1000.0,115.0,0.7326400279998779,0.02028070203959942,1.0,1.0028140544891357,1.0028140544891357,1.0028140544891357,0.005253560841083527,0.00018400000408291817,0.5052322745323181,580000.0,0.011597570031881332,0.11113587394356728,0.029220014810562134,0.05039217323064804,0.013026442378759384,0.9005873799324036,25.690715789794922,18.057754039764404,18.439130783081055,6432.46435546875,42.32627487182617,0.46535205841064453,42.7916259765625,116.84529113769531,1.2069147825241089,1.2069147825241089,1.2069147825241089,0.0
7.064727306365967,264.8999938964844,1000.0,116.0,0.7330158352851868,0.025552239269018173,12.0,1.0049183368682861,1.0049183368682861,1.0049183368682861,0.010742919519543648,0.0001829999964684248,0.5053411722183228,585000.0,-0.08925732970237732,-0.10085489973425865,0.013811335898935795,0.030502593144774437,-0.019889580085873604,0.8947169184684753,8.458365440368652,-17.23235034942627,21.019540786743164,6476.36328125,37.77155303955078,6.092316150665283,43.863868713378906,113.98902893066406,1.2182711362838745,1.2182711362838745,1.2182711362838745,0.0
7.190575122833252,268.3999938964844,1000.0,117.0,0.7299148440361023,0.021462393924593925,12.0,1.0009499788284302,1.0009499788284302,1.0009499788284302,0.010788491927087307,0.00018200000340584666,0.5037050247192383,590000.0,-0.09183511883020401,-0.0025777891278266907,-0.1760443150997162,0.04484976455569267,0.014347171410918236,1.0183006525039673,6.290343761444092,-2.1680216789245605,20.774858474731445,6513.9892578125,31.282272338867188,6.310258865356445,37.592533111572266,133.00514221191406,1.2296397686004639,1.2296397686004639,1.2296397686004639,0.0
6.991741180419922,269.32000732421875,1000.0,118.0,0.725924551486969,0.0206806231290102,19.0,1.0031533241271973,1.0031533241271973,1.0031533241271973,0.010740316472947598,0.00018099999579135329,0.5016578435897827,595000.0,-0.12808483839035034,-0.03624971956014633,0.0051728663966059685,0.022284768521785736,-0.022564996033906937,0.8277697563171387,4.705348491668701,-1.5849952697753906,19.519634246826172,6553.607421875,30.9421443939209,8.64014720916748,39.58229064941406,126.3191146850586,1.241021990776062,1.241021990776062,1.241021990776062,0.0
6.775118827819824,265.44000244140625,1000.0,119.0,0.7150728702545166,0.020952880382537842,20.0,1.005211591720581,1.005211591720581,1.005211591720581,0.01103288121521473,0.00018000000272877514,0.4965673089027405,600000.0,-0.11515781283378601,0.012927025556564331,-0.12436151504516602,0.016355616971850395,-0.005929151549935341,0.9560155272483826,4.681410312652588,-0.02393817901611328,20.279542922973633,6592.921875,29.684444427490234,9.59521198272705,39.27965545654297,127.2923583984375,1.2523975372314453,1.2523975372314453,1.2523975372314453,0.0
6.733109951019287,264.8999938964844,1000.0,120.0,0.7066234350204468,0.02009749226272106,1.0,1.0020668506622314,1.0020668506622314,1.0020668506622314,0.011221662163734436,0.00017899999511428177,0.4925910532474518,605000.0,0.008672565221786499,0.12383037805557251,0.027414998039603233,0.0729728564620018,0.056617239490151405,1.0837706327438354,23.776275634765625,19.094865322113037,18.91136932373047,6624.72216796875,31.244548797607422,0.5153181552886963,31.75986671447754,157.43138122558594,1.2637633085250854,1.2637633085250854,1.2637633085250854,0.0
6.5527777671813965,274.3599853515625,1000.0,121.0,0.7041166424751282,0.020033830776810646,12.0,1.0053061246871948,1.0053061246871948,1.0053061246871948,0.011561216786503792,0.00017800000205170363,0.49125874042510986,610000.0,-0.09849096089601517,-0.10716352611780167,-0.09366975724697113,0.019137024879455566,-0.053835831582546234,1.131187915802002,5.118317127227783,-18.657958507537842,19.070711135864258,6661.19580078125,30.795581817626953,5.648388385772705,36.4439697265625,137.1968994140625,1.2751613855361938,1.2751613855361938,1.2751613855361938,0.0
6.949149131774902,250.24000549316406,1000.0,122.0,0.6986286044120789,0.020328320562839508,10.0,0.9999751448631287,0.9999751448631287,0.9999751448631287,0.010582555085420609,0.00017699999443721026,0.4883361756801605,615000.0,-0.0732819139957428,0.02520904690027237,-0.11787449568510056,0.03558880463242531,0.016451779752969742,1.2599400281906128,5.363957405090332,0.24564027786254883,21.36130714416504,6696.1611328125,30.31243896484375,4.6126861572265625,34.92512512207031,143.1634063720703,1.2864782810211182,1.2864782810211182,1.2864782810211182,0.0
7.212080478668213,237.0399932861328,1000.0,123.0,0.6978413462638855,0.02063755877315998,16.0,1.0017650127410889,1.0017650127410889,1.0017650127410889,0.011116680689156055,0.00017600000137463212,0.4877311587333679,620000.0,-0.09755740314722061,-0.024275489151477814,0.055019576102495193,0.03081762231886387,-0.0047711823135614395,1.1803932189941406,4.3371992111206055,-1.0267581939697266,16.73225212097168,6733.357421875,29.149845123291016,8.011168479919434,37.161014556884766,134.5496063232422,1.2976614236831665,1.2976614236831665,1.2976614236831665,0.0
6.963388442993164,247.75999450683594,1000.0,124.0,0.69822758436203,0.026706518605351448,15.0,1.0030008554458618,1.0030008554458618,1.0030008554458618,0.011356526985764503,0.00017499999376013875,0.48785600066185,625000.0,-0.09956914186477661,-0.0020117387175559998,-0.14200083911418915,0.03447279334068298,0.0036551710218191147,0.8527727723121643,4.752082347869873,0.4148831367492676,17.05055809020996,6772.98486328125,32.2918701171875,7.300530433654785,39.59239959716797,126.286865234375,1.3087732791900635,1.3087732791900635,1.3087732791900635,0.0
6.9552483558654785,259.0199890136719,1000.0,125.0,0.6977686882019043,0.020712856203317642,11.0,1.000089168548584,1.000089168548584,1.000089168548584,0.01016640942543745,0.0001740000006975606,0.48758724331855774,630000.0,-0.08688054233789444,0.012688599526882172,-0.001018911600112915,0.02642735280096531,-0.008045440539717674,1.0055103302001953,6.81247615814209,2.060393810272217,18.288522720336914,6809.40625,31.25081443786621,5.130446910858154,36.38125991821289,137.4333953857422,1.3198717832565308,1.3198717832565308,1.3198717832565308,0.0
6.954051971435547,249.47999572753906,1000.0,126.0,0.697231113910675,0.02021772414445877,19.0,1.0074083805084229,1.0074083805084229,1.0074083805084229,0.012130695395171642,0.00017299999308306724,0.4874208867549896,635000.0,-0.12592747807502747,-0.039046935737133026,0.08700291067361832,0.014029929414391518,-0.012397423386573792,1.2660551071166992,4.201000213623047,-2.611475944519043,20.58536148071289,6850.71337890625,31.60117530822754,9.671274185180664,41.2724494934082,121.14618682861328,1.33091402053833,1.33091402053833,1.33091402053833,0.0
6.765794277191162,239.97999572753906,1000.0,127.0,0.6931855082511902,0.02052079699933529,20.0,0.9955604076385498,0.9955604076385498,0.9955604076385498,0.009649773128330708,0.0001720000000204891,0.4855218827724457,640000.0,-0.12121838331222534,0.004709094762802124,0.09088990092277527,0.025738971307873726,0.011709041893482208,0.8404300808906555,3.897263288497925,-0.30373692512512207,19.583650588989258,6891.3798828125,31.009742736816406,9.619382858276367,40.629127502441406,123.06442260742188,1.3418617248535156,1.3418617248535156,1.3418617248535156,0.0
6.578999042510986,256.29998779296875,1000.0,128.0,0.6923217177391052,0.021165531128644943,6.0,1.0021655559539795,1.0021655559539795,1.0021655559539795,0.009590786881744862,0.00017100000695791095,0.48513826727867126,645000.0,-0.052048612385988235,0.0691697709262371,0.012208853848278522,0.027005435898900032,0.0012664645910263062,1.3516305685043335,9.155200004577637,5.257936716079712,19.572656631469727,6923.98876953125,30.028972625732422,2.540262460708618,32.569236755371094,153.51910400390625,1.3527989387512207,1.3527989387512207,1.3527989387512207,0.0
6.609534740447998,269.7200012207031,1000.0,129.0,0.6898061633110046,0.022719083353877068,12.0,1.0004538297653198,1.0004538297653198,1.0004538297653198,0.010150321759283543,0.00016999999934341758,0.4840938150882721,650000.0,-0.11745508015155792,-0.06540646776556969,0.0006407034816220403,0.04558340087532997,0.01857796497642994,0.5579174757003784,8.49038028717041,-0.6648197174072266,21.956497192382812,6957.44140625,28.0108642578125,5.4066619873046875,33.41752624511719,149.62208557128906,1.3637868165969849,1.3637868165969849,1.3637868165969849,0.0
6.159449577331543,267.0400085449219,1000.0,130.0,0.678109347820282,0.021242288872599602,20.0,1.0041593313217163,1.0041593313217163,1.0041593313217163,0.010667737573385239,0.00016900000628083944,0.4784586429595947,655000.0,-0.09582604467868805,0.021629035472869873,0.1277795135974884,0.016078446060419083,-0.02950495481491089,0.9552111625671387,3.422513723373413,-5.067866563796997,20.35514259338379,6994.47216796875,27.90185546875,9.093914031982422,36.99576950073242,135.1505889892578,1.3748067617416382,1.3748067617416382,1.3748067617416382,0.0
6.237053394317627,270.94000244140625,1000.0,131.0,0.6659561395645142,0.022151386365294456,13.0,1.008131742477417,1.008131742477417,1.008131742477417,0.012078087776899338,0.00016799999866634607,0.4727320969104767,660000.0,-0.10075937956571579,-0.0049333348870277405,-0.046634502708911896,0.03952351212501526,0.023445066064596176,0.8404254913330078,6.709512710571289,3.286998987197876,21.192346572875977,7027.82666015625,27.43451690673828,5.885122299194336,33.31964111328125,150.0616455078125,1.3858720064163208,1.3858720064163208,1.3858720064163208,0.0
6.5729475021362305,272.9599914550781,1000.0,132.0,0.6588103175163269,0.02059285342693329,12.0,1.002447247505188,1.002447247505188,1.002447247505188,0.010474799200892448,0.00016700000560376793,0.46935686469078064,665000.0,-0.11396776884794235,-0.013208389282226562,-0.32816576957702637,0.0609552264213562,0.021431714296340942,1.0992484092712402,6.2524566650390625,-0.45705604553222656,21.69367218017578,7064.33740234375,30.4654483795166,6.009859085083008,36.47530746459961,137.07904052734375,1.396985650062561,1.396985650062561,1.396985650062561,0.0
6.444758415222168,283.8999938964844,1000.0,133.0,0.6578177213668823,0.021489951759576797,17.0,1.0077910423278809,1.0077910423278809,1.0077910423278809,0.011069378815591335,0.00016599999798927456,0.4689503014087677,670000.0,-0.1148248091340065,-0.000857040286064148,0.07283512502908707,0.02790125086903572,-0.03305397555232048,1.3499375581741333,4.893587112426758,-1.3588695526123047,19.513046264648438,7103.07861328125,30.97088623046875,7.725323677062988,38.69620895385742,129.2116241455078,1.4081902503967285,1.4081902503967285,1.4081902503967285,0.0
6.878415107727051,271.82000732421875,1000.0,134.0,0.6593593955039978,0.020008467137813568,16.0,1.00235116481781,1.00235116481781,1.00235116481781,0.011082299053668976,0.00016500000492669642,0.4696560502052307,675000.0,-0.11531500518321991,-0.0004901960492134094,0.21291811764240265,0.06014372780919075,0.03224247694015503,1.1551936864852905,4.577738285064697,-0.31584882736206055,19.43316650390625,7139.4453125,28.724008560180664,7.607632637023926,36.331642150878906,137.62109375,1.419420599937439,1.419420599937439,1.419420599937439,0.0
6.862405300140381,274.79998779296875,1000.0,135.0,0.6589126586914062,0.02189110592007637,14.0,1.0064982175827026,1.0064982175827026,1.0064982175827026,0.011384067125618458,0.00016399999731220305,0.4693552851676941,680000.0,-0.12113801389932632,-0.005823008716106415,-0.12065736204385757,0.030897511169314384,-0.029246216639876366,0.9988417029380798,6.441677093505859,1.863938808441162,20.51858901977539,7178.22705078125,32.324947357177734,6.4199323654174805,38.74488067626953,129.04931640625,1.430686116218567,1.430686116218567,1.430686116218567,0.0
7.1116814613342285,256.760009765625,1000.0,136.0,0.6509125828742981,0.02369893528521061,23.0,1.0053077936172485,1.0053077936172485,1.0053077936172485,0.010947084054350853,0.0001630000042496249,0.4653174579143524,685000.0,-0.11592117697000504,0.005216836929321289,-0.12938031554222107,0.022069791331887245,-0.00882771983742714,0.8470864295959473,3.184112548828125,-3.2575645446777344,20.071922302246094,7217.05224609375,28.06298828125,10.726887702941895,38.78987503051758,128.8996124267578,1.441900610923767,1.441900610923767,1.441900610923767,0.0
7.063703536987305,273.70001220703125,1000.0,137.0,0.644408106803894,0.020498037338256836,15.0,1.0117369890213013,1.0117369890213013,1.0117369890213013,0.010671627707779408,0.00016199999663513154,0.4622439444065094,690000.0,-0.1144346073269844,0.0014865696430206299,-0.08421950787305832,0.0184116642922163,-0.003658127039670944,0.8443935513496399,5.867704391479492,2.683591842651367,21.80583953857422,7253.71533203125,29.9112606048584,6.716886043548584,36.62814712524414,136.50704956054688,1.453144907951355,1.453144907951355,1.453144907951355,0.0
7.289327621459961,254.83999633789062,1000.0,138.0,0.6418023705482483,0.023064512759447098,9.0,0.9993951320648193,0.9993951320648193,0.9993951320648193,0.011071148328483105,0.0001610000035725534,0.46109306812286377,695000.0,-0.09603892266750336,0.01839568465948105,0.06408172100782394,0.03163890913128853,0.013227244839072227,0.7216496467590332,7.699972152709961,1.8322677612304688,21.098649978637695,7287.56591796875,29.772411346435547,4.040609836578369,33.81302261352539,147.8720245361328,1.464329719543457,1.464329719543457,1.464329719543457,0.0
7.38471794128418,245.0,1000.0,139.0,0.6450296640396118,0.021355601027607918,17.0,1.0093789100646973,1.0093789100646973,1.0093789100646973,0.011957851238548756,0.00015999999595806003,0.46258047223091125,700000.0,-0.12361584603786469,-0.027576923370361328,-0.04444114491343498,0.02410050481557846,-0.007538404315710068,0.7160015106201172,4.438591957092285,-3.261380195617676,20.766843795776367,7325.9033203125,30.120325088500977,8.177032470703125,38.297359466552734,130.55731201171875,1.475415825843811,1.475415825843811,1.475415825843811,0.0
7.551031589508057,257.0199890136719,1000.0,140.0,0.6419949531555176,0.021704362705349922,16.0,1.0077928304672241,1.0077928304672241,1.0077928304672241,0.011063817888498306,0.00015900000289548188,0.4611964225769043,705000.0,-0.12462785094976425,-0.0010120049118995667,-0.016941510140895844,0.01737389527261257,-0.006726609542965889,0.8240253925323486,6.551943778991699,2.113351821899414,22.16688346862793,7365.2802734375,31.609886169433594,7.722157955169678,39.3320426940918,127.12281036376953,1.4864675998687744,1.4864675998687744,1.4864675998687744,0.0
7.356554985046387,251.27999877929688,1000.0,141.0,0.6373560428619385,0.0210063848644495,10.0,1.0046501159667969,1.0046501159667969,1.0046501159667969,0.011130422353744507,0.00015799999528098851,0.4590400457382202,710000.0,-0.09784575551748276,0.026782095432281494,-0.001016757101751864,0.01739400438964367,2.0109117031097412e-05,0.8390766382217407,8.157698631286621,1.6057548522949219,23.613433837890625,7403.4931640625,33.380577087402344,4.791935920715332,38.172515869140625,130.9842987060547,1.4974619150161743,1.4974619150161743,1.4974619150161743,0.0
6.781492710113525,251.0399932861328,1000.0,142.0,0.6377100348472595,0.020317237824201584,18.0,1.000633955001831,1.000633955001831,1.000633955001831,0.010405131615698338,0.00015700000221841037,0.4592547118663788,715000.0,-0.11882604658603668,-0.020980291068553925,0.03669799864292145,0.03738855943083763,0.019994555041193962,0.9337213635444641,3.706955671310425,-4.450742959976196,21.45996856689453,7444.70751953125,32.28299331665039,8.893226623535156,41.17621994018555,121.42931365966797,1.508402943611145,1.508402943611145,1.508402943611145,0.0
6.643341541290283,240.66000366210938,1000.0,143.0,0.6401317119598389,0.023330509662628174,14.0,0.9994694590568542,0.9994694590568542,0.9994694590568542,0.010968316346406937,0.000155999994603917,0.4604480266571045,720000.0,-0.10882309824228287,0.010002948343753815,0.0035221208818256855,0.023800035938620567,-0.013588523492217064,0.8174846768379211,5.655963897705078,1.9490082263946533,19.450742721557617,7483.064453125,31.545642852783203,6.7781476974487305,38.32379150390625,130.46725463867188,1.5192484855651855,1.5192484855651855,1.5192484855651855,0.0
6.608648300170898,244.86000061035156,1000.0,144.0,0.639939546585083,0.020440595224499702,16.0,1.0030139684677124,1.0030139684677124,1.0030139684677124,0.010486913844943047,0.00015500000154133886,0.4605769217014313,725000.0,-0.12610098719596863,-0.01727788895368576,-0.10843013226985931,0.027310457080602646,0.0035104211419820786,0.9920068383216858,5.232623100280762,-0.4233407974243164,21.32956314086914,7521.369140625,30.281692504882812,7.982883930206299,38.26457595825195,130.66915893554688,1.5300272703170776,1.5300272703170776,1.5300272703170776,0.0
6.5875372886657715,238.6999969482422,1000.0,145.0,0.6341384053230286,0.02172837033867836,14.0,1.0115495920181274,1.0115495920181274,1.0115495920181274,0.012059222906827927,0.0001539999939268455,0.4580143988132477,730000.0,-0.09810467064380646,0.02799631655216217,0.017654553055763245,0.021941695362329483,-0.005368761718273163,1.126954197883606,4.769870758056641,-0.4627523422241211,19.360021591186523,7561.2939453125,33.141746520996094,6.743210792541504,39.88495635986328,125.36054992675781,1.540717601776123,1.540717601776123,1.540717601776123,0.0
6.741853713989258,232.0399932861328,1000.0,146.0,0.6267396211624146,0.020472107455134392,21.0,1.0051977634429932,1.0051977634429932,1.0051977634429932,0.010004346258938313,0.00015300000086426735,0.4547364413738251,735000.0,-0.09990119934082031,-0.001796528697013855,0.07009133696556091,0.020424479618668556,-0.0015172157436609268,0.8751747012138367,2.621060609817505,-2.1488101482391357,18.19723129272461,7603.3203125,32.4038200378418,9.587547302246094,41.99136734008789,119.07209014892578,1.5512977838516235,1.5512977838516235,1.5512977838516235,0.0
6.562338829040527,232.8000030517578,1000.0,147.0,0.6202375888824463,0.020475830882787704,11.0,1.0006669759750366,1.0006669759750366,1.0006669759750366,0.012494733557105064,0.00015199999324977398,0.4519186317920685,740000.0,-0.09137670695781708,0.008524492383003235,-0.11965511739253998,0.02598617784678936,0.005561698228120804,0.6496463418006897,6.613086700439453,3.9920260906219482,21.491819381713867,7638.55224609375,30.000123977661133,5.193480491638184,35.193603515625,142.07127380371094,1.5617824792861938,1.5617824792861938,1.5617824792861938,0.0
6.570983409881592,239.17999267578125,1000.0,148.0,0.6171565055847168,0.020295169204473495,1.0,1.002685785293579,1.002685785293579,1.002685785293579,0.007110946346074343,0.00015100000018719584,0.45050883293151855,745000.0,0.01023295521736145,0.10160966217517853,-0.029680294916033745,0.04415197670459747,0.018165798857808113,0.9192839860916138,28.867177963256836,22.254091262817383,19.736391067504883,7669.7841796875,30.62327003479004,0.5705928802490234,31.193862915039062,160.28793334960938,1.5722110271453857,1.5722110271453857,1.5722110271453857,0.0
6.743936061859131,227.36000061035156,1000.0,149.0,0.6161888241767883,0.020296908915042877,14.0,0.997663676738739,0.997663676738739,0.997663676738739,0.010311937890946865,0.0001500000071246177,0.45002108812332153,750000.0,-0.10026777535676956,-0.11050073057413101,-0.14218132197856903,0.051758527755737305,0.0076065510511398315,0.832541823387146,4.567688465118408,-24.299489498138428,21.32952880859375,7706.84716796875,30.568864822387695,6.459356307983398,37.028221130371094,135.03213500976562,1.5825343132019043,1.5825343132019043,1.5825343132019043,0.0
6.655766487121582,227.1999969482422,1000.0,150.0,0.6143626570701599,0.02366734854876995,13.0,1.0039206743240356,1.0039206743240356,1.0039206743240356,0.01105476450175047,0.00014899999951012433,0.44924086332321167,755000.0,-0.10979028791189194,-0.009522512555122375,0.09868739545345306,0.02372526004910469,-0.028033267706632614,1.008519172668457,6.195849418640137,1.6281609535217285,16.690279006958008,7745.033203125,31.368270874023438,6.77749490737915,38.14576721191406,131.07614135742188,1.5927624702453613,1.5927624702453613,1.5927624702453613,0.0
7.001458644866943,228.05999755859375,1000.0,151.0,0.6091064810752869,0.0215836763381958,10.0,1.0055654048919678,1.0055654048919678,1.0055654048919678,0.010062059387564659,0.00014800000644754618,0.44680413603782654,760000.0,-0.10332336276769638,0.006466925144195557,0.04307441785931587,0.028680134564638138,0.004954874515533447,0.9300113320350647,7.579886436462402,1.3840370178222656,18.457021713256836,7779.41552734375,29.48602294921875,4.861270904541016,34.347293853759766,145.57188415527344,1.6029093265533447,1.6029093265533447,1.6029093265533447,0.0
6.643254280090332,236.13999938964844,1000.0,152.0,0.6020738482475281,0.020419461652636528,20.0,1.0051751136779785,1.0051751136779785,1.0051751136779785,0.011339136399328709,0.00014699999883305281,0.44376659393310547,765000.0,-0.11119413375854492,-0.007870770990848541,0.09599518775939941,0.01963903196156025,-0.009041102603077888,0.7786632776260376,3.7762458324432373,-3.803640604019165,20.12207794189453,7821.3427734375,32.22678756713867,9.660481452941895,41.88726806640625,119.3680191040039,1.6130210161209106,1.6130210161209106,1.6130210161209106,0.0
6.587289333343506,247.25999450683594,1000.0,153.0,0.5985165238380432,0.0216292105615139,12.0,1.003880262374878,1.003880262374878,1.003880262374878,0.010988365858793259,0.00014600000577047467,0.4423280358314514,770000.0,-0.10837624222040176,0.002817891538143158,-0.09536073356866837,0.020202910527586937,0.0005638785660266876,0.7645670175552368,6.242735862731934,2.4664900302886963,19.386611938476562,7858.93212890625,31.66593360900879,5.883456707000732,37.54938888549805,133.157958984375,1.6231526136398315,1.6231526136398315,1.6231526136398315,0.0
6.002218246459961,252.0800018310547,1000.0,154.0,0.5965889096260071,0.021118443459272385,10.0,1.0064113140106201,1.0064113140106201,1.0064113140106201,0.010059570893645287,0.0001449999981559813,0.44152623414993286,775000.0,-0.09127851575613022,0.017097726464271545,-0.062070880085229874,0.01936463639140129,-0.0008382741361856461,0.43411463499069214,7.5021796226501465,1.259443759918213,25.364961624145508,7895.5595703125,31.685014724731445,4.905629634857178,36.59064483642578,136.64695739746094,1.633324146270752,1.633324146270752,1.633324146270752,0.0
6.8115715980529785,246.1199951171875,1000.0,155.0,0.5949663519859314,0.02066580206155777,17.0,1.0080310106277466,1.0080310106277466,1.0080310106277466,0.011257047764956951,0.00014400000509340316,0.4409632086753845,780000.0,-0.12002530694007874,-0.028746791183948517,-0.004329446237534285,0.03341228514909744,0.014047648757696152,1.1051304340362549,4.565217018127441,-2.936962604522705,20.77716636657715,7935.27001953125,31.362018585205078,8.30827522277832,39.67029571533203,126.03889465332031,1.6435036659240723,1.6435036659240723,1.6435036659240723,0.0
6.826418399810791,251.60000610351562,1000.0,156.0,0.5943412780761719,0.020655695348978043,19.0,1.0034737586975098,1.0034737586975098,1.0034737586975098,0.01000979170203209,0.0001429999974789098,0.44078534841537476,785000.0,-0.10055474936962128,0.01947055757045746,0.022039154544472694,0.02829473465681076,-0.005117550492286682,1.0223784446716309,3.7056331634521484,-0.859583854675293,19.14266014099121,7976.9384765625,32.476600646972656,9.156620025634766,41.63322067260742,120.09639739990234,1.6537154912948608,1.6537154912948608,1.6537154912948608,0.0
6.612342357635498,241.83999633789062,1000.0,157.0,0.5924420952796936,0.020845819264650345,17.0,1.004599928855896,1.004599928855896,1.004599928855896,0.010944549925625324,0.00014200000441633165,0.43997618556022644,790000.0,-0.09937364608049393,0.0011811032891273499,-0.01426579151302576,0.011725230142474174,-0.016569504514336586,0.6319090127944946,3.7588016986846924,0.053168535232543945,19.082761764526367,8018.51904296875,33.31901168823242,8.22354507446289,41.54255676269531,120.3584976196289,1.663910984992981,1.663910984992981,1.663910984992981,0.0
6.967182636260986,237.74000549316406,1000.0,158.0,0.5895689725875854,0.020829956978559494,12.0,1.0053035020828247,1.0053035020828247,1.0053035020828247,0.011061501689255238,0.00014099999680183828,0.438778817653656,795000.0,-0.11376453191041946,-0.014390885829925537,0.0013289732160046697,0.02956574782729149,0.017840517684817314,0.9856004118919373,5.7690629959106445,2.010261297225952,17.875612258911133,8058.16650390625,33.71834182739258,5.8892388343811035,39.607582092285156,126.23845672607422,1.6740727424621582,1.6740727424621582,1.6740727424621582,0.0
6.437850475311279,243.66000366210938,1000.0,159.0,0.5872563719749451,0.022590182721614838,14.0,1.0047658681869507,1.0047658681869507,1.0047658681869507,0.011535524390637875,0.00014000000373926014,0.43767648935317993,800000.0,-0.11316584050655365,0.0005986914038658142,-0.021448172628879547,0.019474266096949577,-0.010091481730341911,0.6156131029129028,4.938978672027588,-0.8300843238830566,20.154903411865234,8097.083984375,31.901369094848633,6.980707168579102,38.882076263427734,128.59396362304688,1.6842317581176758,1.6842317581176758,1.6842317581176758,0.0
6.516742706298828,239.02000427246094,1000.0,160.0,0.5888612866401672,0.02065690979361534,16.0,0.9989370107650757,0.9989370107650757,0.9989370107650757,0.011548343114554882,0.00013899999612476677,0.4383534789085388,805000.0,-0.13075613975524902,-0.017590299248695374,-9.01713065104559e-05,0.015381572768092155,-0.004092693328857422,1.0232744216918945,4.750040531158447,-0.18893814086914062,18.265859603881836,8138.3466796875,33.221622467041016,7.996291637420654,41.21791458129883,121.30647277832031,1.6943665742874146,1.6943665742874146,1.6943665742874146,0.0
6.532278537750244,234.39999389648438,1000.0,161.0,0.5871573090553284,0.02243567258119583,19.0,1.01307213306427,1.01307213306427,1.01307213306427,0.01191991101950407,0.00013800000306218863,0.4377319812774658,810000.0,-0.11574899405241013,0.015007145702838898,0.05024603009223938,0.022405298426747322,0.007023725658655167,1.15410578250885,3.3936519622802734,-1.3563885688781738,18.956308364868164,8181.20458984375,33.090755462646484,9.730055809020996,42.8208122253418,116.76565551757812,1.704458236694336,1.704458236694336,1.704458236694336,0.0
7.089705944061279,224.72000122070312,1000.0,162.0,0.5813840627670288,0.02172548696398735,19.0,1.0030211210250854,1.0030211210250854,1.0030211210250854,0.011117408983409405,0.00013699999544769526,0.4352259039878845,815000.0,-0.10801688581705093,0.007732108235359192,-0.12032131850719452,0.037497688084840775,0.015092389658093452,1.059075951576233,3.303213119506836,-0.0904388427734375,18.282451629638672,8218.7861328125,28.923053741455078,8.61832332611084,37.541378021240234,133.18637084960938,1.7144659757614136,1.7144659757614136,1.7144659757614136,0.0
6.902329921722412,233.63999938964844,1000.0,163.0,0.5782937407493591,0.02047109045088291,15.0,1.0020723342895508,1.0020723342895508,1.0020723342895508,0.011699306778609753,0.00013600000238511711,0.43383675813674927,820000.0,-0.1404675543308258,-0.03245066851377487,0.11677399277687073,0.018724841997027397,-0.018772846087813377,0.7340208292007446,6.47868537902832,3.1754722595214844,19.962888717651367,8254.6650390625,29.117053985595703,6.721949577331543,35.83900451660156,139.51280212402344,1.724440336227417,1.724440336227417,1.724440336227417,0.0
6.959875106811523,232.55999755859375,1000.0,164.0,0.568614661693573,0.020827699452638626,17.0,1.0013998746871948,1.0013998746871948,1.0013998746871948,0.01084342785179615,0.00013499999477062374,0.4294803738594055,825000.0,-0.12446518242359161,0.016002371907234192,-0.06436198949813843,0.025965390726923943,0.007240548729896545,0.816529393196106,4.276188373565674,-2.2024970054626465,22.700439453125,8290.046875,27.604293823242188,7.742265224456787,35.346561431884766,141.45648193359375,1.734379768371582,1.734379768371582,1.734379768371582,0.0
6.2864508628845215,237.02000427246094,1000.0,165.0,0.561206042766571,0.020898062735795975,13.0,1.0053423643112183,1.0053423643112183,1.0053423643112183,0.011372249573469162,0.0001340000017080456,0.4261625409126282,830000.0,-0.13066083192825317,-0.00619564950466156,-0.12871667742729187,0.028089817613363266,0.0021244268864393234,1.0132215023040771,5.22808313369751,0.9518947601318359,19.101600646972656,8323.984375,28.097206115722656,5.805132865905762,33.90233612060547,147.48245239257812,1.7443088293075562,1.7443088293075562,1.7443088293075562,0.0
6.257481575012207,242.10000610351562,1000.0,166.0,0.5563026666641235,0.02104301191866398,17.0,1.003588080406189,1.003588080406189,1.003588080406189,0.009726449847221375,0.00013299999409355223,0.4241040349006653,835000.0,-0.1100303903222084,0.02063044160604477,0.08976675570011139,0.02573338709771633,-0.0023564305156469345,1.034346580505371,3.8199052810668945,-1.4081778526306152,19.16361427307129,8359.2119140625,27.662641525268555,7.529947280883789,35.192588806152344,142.0753631591797,1.754252314567566,1.754252314567566,1.754252314567566,0.0
6.576862335205078,236.32000732421875,1000.0,167.0,0.5562589764595032,0.02308669500052929,19.0,1.0034171342849731,1.0034171342849731,1.0034171342849731,0.01060106884688139,0.0001320000010309741,0.42403292655944824,840000.0,-0.11543051153421402,-0.005400121212005615,-0.210892453789711,0.021243860945105553,-0.004489526152610779,0.8691645264625549,2.9444425106048584,-0.8754627704620361,21.46078109741211,8394.8701171875,27.2011661529541,8.418768882751465,35.61993408203125,140.37083435058594,1.7641817331314087,1.7641817331314087,1.7641817331314087,0.0
5.954907417297363,243.44000244140625,1000.0,168.0,0.5532174110412598,0.024125006049871445,19.0,1.005532145500183,1.005532145500183,1.005532145500183,0.011050554923713207,0.00013099999341648072,0.4226919114589691,845000.0,-0.1389845609664917,-0.02355404943227768,0.16792872548103333,0.022089865058660507,0.0008460041135549545,0.8963322043418884,4.860088348388672,1.9156458377838135,20.839527130126953,8431.904296875,28.394283294677734,8.605713844299316,36.999996185302734,135.13514709472656,1.7741318941116333,1.7741318941116333,1.7741318941116333,0.0
6.148168563842773,256.6000061035156,1000.0,169.0,0.5478289127349854,0.02189100906252861,1.0,1.003413438796997,1.003413438796997,1.003413438796997,0.009214581921696663,0.00013000000035390258,0.4204041361808777,850000.0,0.01278531551361084,0.15176987648010254,-0.18322986364364624,0.03980572149157524,0.017715856432914734,0.6577860116958618,35.122982025146484,30.262893676757812,23.05580711364746,8463.4033203125,31.073467254638672,0.3903331756591797,31.46380043029785,158.91278076171875,1.784161925315857,1.784161925315857,1.784161925315857,0.0
6.223206043243408,256.17999267578125,1000.0,170.0,0.542429506778717,0.021056171506643295,11.0,1.0075207948684692,1.0075207948684692,1.0075207948684692,0.0110417939722538,0.0001289999927394092,0.4181113541126251,855000.0,-0.09154830127954483,-0.10433361679315567,0.014327905140817165,0.022677386179566383,-0.017128335312008858,1.0773545503616333,4.917142391204834,-30.20583963394165,20.785709381103516,8497.3251953125,28.949453353881836,4.932085037231445,33.88153839111328,147.572998046875,1.7942612171173096,1.7942612171173096,1.7942612171173096,0.0
6.083476543426514,261.5,1000.0,171.0,0.5355677008628845,0.021578125655651093,15.0,1.0009320974349976,1.0009320974349976,1.0009320974349976,0.010534846223890781,0.00012799999967683107,0.4152328073978424,860000.0,-0.12131856381893158,-0.02977026253938675,-0.009691361337900162,0.0370563343167305,0.014378948137164116,0.7642102241516113,5.149182319641113,0.2320399284362793,23.200502395629883,8532.0771484375,27.95221710205078,6.7643537521362305,34.71656799316406,144.0234375,1.804447054862976,1.804447054862976,1.804447054862976,0.0
5.823543071746826,263.0199890136719,1000.0,172.0,0.5269474983215332,0.02101942151784897,14.0,1.0061970949172974,1.0061970949172974,1.0061970949172974,0.010995608754456043,0.00012700000661425292,0.4115951955318451,865000.0,-0.10869414359331131,0.01262442022562027,0.02283870428800583,0.027472257614135742,-0.009584076702594757,1.1424083709716797,4.417457580566406,-0.731724739074707,21.560546875,8564.9853515625,26.717731475830078,6.155398368835449,32.873130798339844,152.0998992919922,1.8147170543670654,1.8147170543670654,1.8147170543670654,0.0
6.2097954750061035,261.6199951171875,1000.0,173.0,0.5207653045654297,0.02117525413632393,15.0,1.0070360898971558,1.0070360898971558,1.0070360898971558,0.011897070333361626,0.00012599999899975955,0.40897074341773987,870000.0,-0.13997048139572144,-0.031276337802410126,0.1225728988647461,0.0441439263522625,0.016671668738126755,1.1075561046600342,6.117254734039307,1.6997971534729004,23.380128860473633,8599.3994140625,27.649860382080078,6.724393844604492,34.3742561340332,145.45770263671875,1.8250555992126465,1.8250555992126465,1.8250555992126465,0.0
6.408056259155273,257.0199890136719,1000.0,174.0,0.5152572393417358,0.02111096680164337,18.0,1.0013716220855713,1.0013716220855713,1.0013716220855713,0.009838048368692398,0.0001250000059371814,0.4066675007343292,875000.0,-0.10622759908437729,0.03374288231134415,-0.037040360271930695,0.039030954241752625,-0.0051129721105098724,0.8123922348022461,4.2213921546936035,-1.8958625793457031,24.50740623474121,8635.52734375,27.918289184570312,8.174647331237793,36.09293746948242,138.53126525878906,1.835433840751648,1.835433840751648,1.835433840751648,0.0
6.262246131896973,259.8399963378906,1000.0,175.0,0.5129253268241882,0.022372933104634285,16.0,0.9986580014228821,0.9986580014228821,0.9986580014228821,0.010230212472379208,0.00012399999832268804,0.40567415952682495,880000.0,-0.12501835823059082,-0.01879075914621353,-0.03385676071047783,0.024095725268125534,-0.01493522897362709,0.8230870366096497,5.22006893157959,0.9986767768859863,22.03399085998535,8670.3603515625,27.656522750854492,7.141257286071777,34.79778289794922,143.68731689453125,1.8458603620529175,1.8458603620529175,1.8458603620529175,0.0
6.129113674163818,266.6400146484375,1000.0,176.0,0.5142889618873596,0.020054245367646217,7.0,1.006130337715149,1.006130337715149,1.006130337715149,0.01043627131730318,0.0001230000052601099,0.40616586804389954,885000.0,-0.07460363954305649,0.05041471868753433,0.16641764342784882,0.028889507055282593,0.004793781787157059,1.1715551614761353,7.685387134552002,2.465318202972412,20.339195251464844,8702.271484375,28.869260787963867,3.007530450820923,31.87679100036621,156.8539276123047,1.8563610315322876,1.8563610315322876,1.8563610315322876,0.0
5.950884819030762,287.6000061035156,1000.0,177.0,0.5132161974906921,0.02023989148437977,4.0,1.0051605701446533,1.0051605701446533,1.0051605701446533,0.009287746623158455,0.00012199999764561653,0.4057225286960602,890000.0,-0.048550136387348175,0.026053503155708313,-0.008964371867477894,0.0327182337641716,0.0038287267088890076,0.9253072142601013,17.901784896850586,10.216397762298584,21.07416343688965,8731.6689453125,27.542871475219727,1.8191161155700684,29.361988067626953,170.28819274902344,1.8670234680175781,1.8670234680175781,1.8670234680175781,0.0
5.920865058898926,274.0799865722656,1000.0,178.0,0.5143299102783203,0.021392758935689926,26.0,0.998829185962677,0.998829185962677,0.998829185962677,0.010841797105967999,0.00012099999730708078,0.4063568711280823,895000.0,-0.1374443918466568,-0.08889425545930862,0.026956379413604736,0.01902470923960209,-0.013693524524569511,0.7240284085273743,3.623382329940796,-14.27840256690979,24.688861846923828,8770.0927734375,26.725709915161133,11.666255950927734,38.391963958740234,130.23558044433594,1.8777680397033691,1.8777680397033691,1.8777680397033691,0.0
5.801600456237793,256.6400146484375,1000.0,179.0,0.5115289092063904,0.021359354257583618,19.0,1.0058410167694092,1.0058410167694092,1.0058410167694092,0.011070210486650467,0.00011999999696854502,0.4053114354610443,900000.0,-0.11597122251987457,0.021473169326782227,-0.05466372147202492,0.018109356984496117,-0.0009153522551059723,0.8021862506866455,3.632962226867676,0.009579896926879883,20.356201171875,8805.7666015625,27.086326599121094,8.552953720092773,35.6392822265625,140.29464721679688,1.888505458831787,1.888505458831787,1.888505458831787,0.0
6.159001350402832,251.0800018310547,1000.0,180.0,0.5087289214134216,0.020807230845093727,9.0,0.9999598860740662,0.9999598860740662,0.9999598860740662,0.01081787794828415,0.00011899999663000926,0.4041714668273926,905000.0,-0.09034176915884018,0.025629453361034393,-0.019124435260891914,0.052594318985939026,0.03448496200144291,1.256953477859497,6.394664764404297,2.761702537536621,18.944917678833008,8836.8466796875,27.143199920654297,3.89876389503479,31.041963577270508,161.07228088378906,1.8992103338241577,1.8992103338241577,1.8992103338241577,0.0
6.104162693023682,244.25999450683594,1000.0,181.0,0.5059924721717834,0.02169225551187992,14.0,1.0048797130584717,1.0048797130584717,1.0048797130584717,0.010685088112950325,0.00011800000356743112,0.40304258465766907,910000.0,-0.11513516306877136,-0.024793393909931183,-0.15422323346138,0.028304429724812508,-0.024289889261126518,1.1908888816833496,4.806430816650391,-1.5882339477539062,19.534536361694336,8870.896484375,27.71802520751953,6.29620361328125,34.01922607421875,146.97572326660156,1.9098541736602783,1.9098541736602783,1.9098541736602783,0.0
6.1792802810668945,251.1199951171875,1000.0,182.0,0.5034142732620239,0.021554559469223022,14.0,1.0050373077392578,1.0050373077392578,1.0050373077392578,0.011531583033502102,0.00011700000322889537,0.4019008278846741,915000.0,-0.12723098695278168,-0.012095823884010315,-0.01469256728887558,0.035423394292593,0.007118964567780495,1.0518324375152588,4.8620829582214355,0.05565214157104492,21.154638290405273,8904.9296875,27.784168243408203,6.2142438888549805,33.9984130859375,147.06568908691406,1.9204747676849365,1.9204747676849365,1.9204747676849365,0.0
5.651221752166748,246.27999877929688,1000.0,183.0,0.500592827796936,0.02147812768816948,9.0,1.000735878944397,1.000735878944397,1.000735878944397,0.010445911437273026,0.00011600000289035961,0.4006919860839844,920000.0,-0.10005810111761093,0.027172885835170746,-0.02626628242433071,0.020751986652612686,-0.014671407639980316,0.5862385034561157,8.228472709655762,3.366389751434326,22.15070343017578,8936.0478515625,27.02794075012207,4.055444717407227,31.083385467529297,160.85763549804688,1.9310517311096191,1.9310517311096191,1.9310517311096191,0.0
5.614181995391846,234.4600067138672,1000.0,184.0,0.5014152526855469,0.020684638991951942,29.0,1.0012593269348145,1.0012593269348145,1.0012593269348145,0.010545244440436363,0.00011500000255182385,0.4008868932723999,925000.0,-0.11452823877334595,-0.014470137655735016,0.026238661259412766,0.01991322822868824,-0.0008387584239244461,0.9112053513526917,2.56722354888916,-5.661249160766602,20.777565002441406,8976.8681640625,27.717021942138672,13.067909240722656,40.78493118286133,122.59429931640625,1.9415346384048462,1.9415346384048462,1.9415346384048462,0.0
5.670987606048584,234.97999572753906,1000.0,185.0,0.49956172704696655,0.02106393501162529,15.0,1.0046590566635132,1.0046590566635132,1.0046590566635132,0.01099997665733099,0.0001140000022132881,0.4000436067581177,930000.0,-0.12744532525539398,-0.012917086482048035,-0.10235180705785751,0.016768405213952065,-0.0031448230147361755,0.8680977821350098,5.029365062713623,2.462141513824463,19.495798110961914,9011.8310546875,28.14021873474121,6.7851386070251465,34.925357818603516,143.16246032714844,1.9519354104995728,1.9519354104995728,1.9519354104995728,0.0
5.878444671630859,222.0800018310547,1000.0,186.0,0.49660876393318176,0.020787419751286507,25.0,1.006582498550415,1.006582498550415,1.006582498550415,0.01074925810098648,0.00011300000187475234,0.3987137973308563,935000.0,-0.12147359549999237,0.005971729755401611,-0.04429364949464798,0.03775659203529358,0.020988186821341515,1.1015949249267578,2.4406487941741943,-2.5887162685394287,19.89332389831543,9050.58203125,27.64714813232422,11.071123123168945,38.7182731628418,129.13800048828125,1.9622021913528442,1.9622021913528442,1.9622021913528442,0.0
6.161276340484619,207.60000610351562,1000.0,187.0,0.4953925609588623,0.020196644589304924,16.0,1.0051379203796387,1.0051379203796387,1.0051379203796387,0.011713637970387936,0.00011200000153621659,0.39813825488090515,940000.0,-0.131186842918396,-0.009713247418403625,0.06202436983585358,0.03388182073831558,-0.003874771296977997,0.8449963927268982,4.319155216217041,1.8785064220428467,20.523468017578125,9085.412109375,27.60843849182129,7.187343597412109,34.795780181884766,143.69558715820312,1.972280740737915,1.972280740737915,1.972280740737915,0.0
6.092757701873779,230.8800048828125,1000.0,188.0,0.49639636278152466,0.020175937563180923,19.0,1.0063620805740356,1.0063620805740356,1.0063620805740356,0.010494529269635677,0.00011100000119768083,0.3985636532306671,945000.0,-0.14381292462348938,-0.012626081705093384,-0.010174947790801525,0.02485807240009308,-0.009023748338222504,0.5727185010910034,4.695897102355957,0.376741886138916,25.678333282470703,9120.859375,26.817340850830078,8.599569320678711,35.41691207885742,141.17550659179688,1.9822998046875,1.9822998046875,1.9822998046875,0.0
5.868456840515137,224.27999877929688,1000.0,189.0,0.497642457485199,0.021131927147507668,22.0,1.004381537437439,1.004381537437439,1.004381537437439,0.011193734593689442,0.00011000000085914508,0.3989887237548828,950000.0,-0.11968429386615753,0.024128630757331848,-0.2498837113380432,0.01937609165906906,-0.005481980741024017,0.8397418856620789,2.5351905822753906,-2.1607065200805664,19.083349227905273,9160.005859375,29.34906005859375,9.76193618774414,39.11099624633789,127.8412857055664,1.992234706878662,1.992234706878662,1.992234706878662,0.0
5.445056915283203,244.4600067138672,1000.0,190.0,0.4966084063053131,0.020265009254217148,17.0,1.0037959814071655,1.0037959814071655,1.0037959814071655,0.010367514565587044,0.00010900000052060932,0.3985232710838318,955000.0,-0.1635119915008545,-0.04382769763469696,-0.16990478336811066,0.027187015861272812,0.007810924202203751,0.683404266834259,5.050753116607666,2.5155625343322754,19.845796585083008,9194.5966796875,26.928722381591797,7.627344131469727,34.556068420410156,144.69239807128906,2.0021886825561523,2.0021886825561523,2.0021886825561523,0.0
5.2823262214660645,240.0399932861328,1000.0,191.0,0.49732160568237305,0.021972602233290672,26.0,1.0058342218399048,1.0058342218399048,1.0058342218399048,0.011426732875406742,0.00010800000018207356,0.3987284004688263,960000.0,-0.13906796276569366,0.024444028735160828,-0.038121405988931656,0.02032056637108326,-0.006866449490189552,0.8209520578384399,2.9910433292388916,-2.0597097873687744,18.241905212402344,9232.771484375,26.372793197631836,11.766654968261719,38.13945007324219,131.0978546142578,2.012139081954956,2.012139081954956,2.012139081954956,0.0
5.090057849884033,231.3000030517578,1000.0,192.0,0.4952695369720459,0.02068604901432991,20.0,1.0006576776504517,1.0006576776504517,1.0006576776504517,0.010853560641407967,0.00010699999984353781,0.39782020449638367,965000.0,-0.13153205811977386,0.0075359046459198,0.020884767174720764,0.018637238070368767,-0.0016833283007144928,0.9106905460357666,3.401198148727417,0.4101548194885254,18.089046478271484,9269.611328125,27.89653205871582,8.908778190612793,36.8053092956543,135.84996032714844,2.022045373916626,2.022045373916626,2.022045373916626,0.0
5.444495677947998,224.44000244140625,1000.0,193.0,0.49130114912986755,0.020323945209383965,17.0,1.00809645652771,1.00809645652771,1.00809645652771,0.011535126715898514,0.00010599999950500205,0.3961896598339081,970000.0,-0.14385651051998138,-0.01232445240020752,0.04933631792664528,0.01739104650914669,-0.0012461915612220764,0.5768548250198364,4.333388328552246,0.9321901798248291,22.128387451171875,9306.15234375,28.937314987182617,7.568160057067871,36.50547409057617,136.96575927734375,2.0318801403045654,2.0318801403045654,2.0318801403045654,0.0
5.389955043792725,226.75999450683594,1000.0,194.0,0.4854966402053833,0.02089768275618553,26.0,1.0054486989974976,1.0054486989974976,1.0054486989974976,0.010289827361702919,0.0001049999991664663,0.3937441408634186,975000.0,-0.11164205521345139,0.03221445530653,0.10117191821336746,0.020806489512324333,0.003415443003177643,0.6303157210350037,2.3419930934906006,-1.9913952350616455,16.893781661987305,9344.6630859375,26.90087127685547,11.575468063354492,38.47633743286133,129.9499969482422,2.041661500930786,2.041661500930786,2.041661500930786,0.0
5.342281341552734,232.67999267578125,1000.0,195.0,0.48036324977874756,0.02226831018924713,21.0,1.003617763519287,1.003617763519287,1.003617763519287,0.011148439720273018,0.00010399999882793054,0.3916383981704712,980000.0,-0.1642603576183319,-0.052618302404880524,0.014606610871851444,0.017719386145472527,-0.0030871033668518066,0.6952207684516907,3.7421703338623047,1.400177240371704,20.32527732849121,9383.2392578125,29.201509475708008,9.339435577392578,38.54094696044922,129.73216247558594,2.0514233112335205,2.0514233112335205,2.0514233112335205,0.0
4.780978202819824,227.6999969482422,1000.0,196.0,0.47436752915382385,0.02057144232094288,18.0,0.9996941685676575,0.9996941685676575,0.9996941685676575,0.009659896604716778,0.00010299999848939478,0.3892102539539337,985000.0,-0.11009866744279861,0.054161690175533295,-0.09740432351827621,0.013279673643410206,-0.004439712502062321,0.48983290791511536,4.122372150421143,0.3802018165588379,22.31072425842285,9418.091796875,26.618484497070312,8.196393013000488,34.814876556396484,143.61676025390625,2.0611441135406494,2.0611441135406494,2.0611441135406494,0.0
4.143743991851807,239.47999572753906,1000.0,197.0,0.46955859661102295,0.020177027210593224,7.0,0.9990627765655518,0.9990627765655518,0.9990627765655518,0.009896199218928814,0.00010199999815085903,0.38731205463409424,990000.0,-0.08715664595365524,0.02294202148914337,-0.18789604306221008,0.010365458205342293,-0.002914215438067913,0.4029521048069,10.994681358337402,6.87230920791626,21.367338180541992,9448.0615234375,26.960981369018555,2.9729690551757812,29.933950424194336,167.034423828125,2.0708837509155273,2.0708837509155273,2.0708837509155273,0.0
4.422560214996338,215.83999633789062,1000.0,198.0,0.46504610776901245,0.02064315229654312,21.0,1.0015170574188232,1.0015170574188232,1.0015170574188232,0.011501457542181015,0.00010099999781232327,0.38557615876197815,995000.0,-0.12292848527431488,-0.03577183932065964,0.15242841839790344,0.016971595585346222,0.006606137380003929,0.7771437764167786,3.0853123664855957,-7.909368991851807,17.618120193481445,9486.8701171875,28.724388122558594,10.049135208129883,38.77352523803711,128.9539794921875,2.080528736114502,2.080528736114502,2.080528736114502,0.0
4.563391208648682,238.39999389648438,1000.0,199.0,0.45683038234710693,0.0218521635979414,19.0,1.0015383958816528,1.0015383958816528,1.0015383958816528,0.010490410029888153,9.999999747378752e-05,0.38236892223358154,1000000.0,-0.15858331322669983,-0.03565482795238495,0.035855285823345184,0.016245154663920403,-0.0007264409214258194,0.553088903427124,5.219950199127197,2.1346378326416016,26.365732192993164,9528.4853515625,32.44724655151367,9.128108978271484,41.575355529785156,120.2635498046875,2.090195655822754,2.090195655822754,2.090195655822754,0.0
4.790420055389404,215.5,1000.0,200.0,0.4533967673778534,0.020039290189743042,18.0,0.9980961084365845,0.9980961084365845,0.9980961084365845,0.010722554288804531,9.899999713525176e-05,0.3810262382030487,1005000.0,-0.13054992258548737,0.028033390641212463,0.08358608931303024,0.01705702766776085,0.0008118730038404465,0.8834395408630371,4.149889945983887,-1.0700602531433105,18.260557174682617,9565.224609375,28.587739944458008,8.111786842346191,36.699527740478516,136.24154663085938,2.0997743606567383,2.0997743606567383,2.0997743606567383,0.0
4.979410171508789,217.94000244140625,1000.0,201.0,0.45282286405563354,0.02075508050620556,22.0,1.0000587701797485,1.0000587701797485,1.0000587701797485,0.011213675141334534,9.7999996796716e-05,0.3808164894580841,1010000.0,-0.1431581825017929,-0.012608259916305542,-0.05031358823180199,0.02964276820421219,0.01258574053645134,0.8361269235610962,3.504394292831421,-0.6454956531524658,17.929580688476562,9603.9345703125,28.242963790893555,10.432088851928711,38.675052642822266,129.2823028564453,2.109285593032837,2.109285593032837,2.109285593032837,0.0
5.154098033905029,225.3800048828125,1000.0,202.0,0.44653815031051636,0.02097151428461075,15.0,1.0033237934112549,1.0033237934112549,1.0033237934112549,0.010783941484987736,9.699999645818025e-05,0.3784120976924896,1015000.0,-0.12092170864343643,0.022236473858356476,0.01086721383035183,0.027327073737978935,-0.0023156944662332535,1.0589770078659058,4.773380756378174,1.268986463546753,18.371097564697266,9642.435546875,31.639284133911133,6.8261613845825195,38.46544647216797,129.98680114746094,2.11877179145813,2.11877179145813,2.11877179145813,0.0
5.34304666519165,214.02000427246094,1000.0,203.0,0.4410763382911682,0.020024416968226433,19.0,1.003298044204712,1.003298044204712,1.003298044204712,0.009775720536708832,9.600000339560211e-05,0.37633904814720154,1020000.0,-0.12402056902647018,-0.0030988603830337524,0.08915755152702332,0.022887932136654854,-0.004439141601324081,0.9934472441673279,3.503709554672241,-1.2696712017059326,18.571969985961914,9679.7958984375,28.722143173217773,8.603317260742188,37.325462341308594,133.95681762695312,2.1281819343566895,2.1281819343566895,2.1281819343566895,0.0
5.277047634124756,226.44000244140625,1000.0,204.0,0.4321351945400238,0.02111939527094364,23.0,1.0073646306991577,1.0073646306991577,1.0073646306991577,0.011302443221211433,9.500000305706635e-05,0.3730609714984894,1025000.0,-0.15180087089538574,-0.027780301868915558,0.018010398373007774,0.027151333168148994,0.004263401031494141,0.5472658276557922,4.650062561035156,1.146353006362915,20.451534271240234,9720.0888671875,29.586997985839844,10.670963287353516,40.25796127319336,124.19903564453125,2.137583017349243,2.137583017349243,2.137583017349243,0.0
5.254361152648926,226.17999267578125,1000.0,205.0,0.42386144399642944,0.020328843966126442,11.0,1.0006626844406128,1.0006626844406128,1.0006626844406128,0.010279077105224133,9.40000027185306e-05,0.37002667784690857,1030000.0,-0.11310727149248123,0.03869359940290451,0.021159997209906578,0.03325639292597771,0.0061050597578287125,0.7718604207038879,7.2974371910095215,2.6473746299743652,20.404888153076172,9754.9248046875,29.349517822265625,5.451727867126465,34.801246643066406,143.6730194091797,2.146975040435791,2.146975040435791,2.146975040435791,0.0
5.3362250328063965,245.66000366210938,1000.0,206.0,0.42130428552627563,0.021415840834379196,9.0,1.007843255996704,1.007843255996704,1.007843255996704,0.009719109162688255,9.300000237999484e-05,0.3690718710422516,1035000.0,-0.08074377477169037,0.03236349672079086,-0.0709565058350563,0.024640165269374847,-0.00861622765660286,0.8476583957672119,7.255922317504883,-0.04151487350463867,18.113554000854492,9790.7509765625,31.33440589904785,4.451096057891846,35.78550338745117,139.7213897705078,2.15645170211792,2.15645170211792,2.15645170211792,0.0
5.713421821594238,240.25999450683594,1000.0,207.0,0.4178035855293274,0.022926412522792816,23.0,1.0071046352386475,1.0071046352386475,1.0071046352386475,0.010611186735332012,9.200000204145908e-05,0.3677328824996948,1040000.0,-0.15656466782093048,-0.07582089304924011,-0.02099362574517727,0.016973719000816345,-0.007666446268558502,0.8579771518707275,4.746385097503662,-2.5095372200012207,19.740625381469727,9834.625,32.85883331298828,10.97779655456543,43.836631774902344,114.05986022949219,2.1659786701202393,2.1659786701202393,2.1659786701202393,0.0
5.444538116455078,252.82000732421875,1000.0,208.0,0.4088364243507385,0.020953761413693428,25.0,1.0056664943695068,1.0056664943695068,1.0056664943695068,0.011258968152105808,9.100000170292333e-05,0.364399790763855,1045000.0,-0.1852838099002838,-0.028719142079353333,0.11906655877828598,0.014446815475821495,-0.00252690352499485,0.5788732767105103,4.229893684387207,-0.5164914131164551,20.996902465820312,9876.6201171875,30.04151725769043,11.920716285705566,41.96223449707031,119.1547622680664,2.1756105422973633,2.1756105422973633,2.1756105422973633,0.0
5.337169647216797,255.4199981689453,1000.0,209.0,0.40213626623153687,0.020792881026864052,21.0,1.0057590007781982,1.0057590007781982,1.0057590007781982,0.010971536859869957,9.000000136438757e-05,0.3619162440299988,1050000.0,-0.16319164633750916,0.022092163562774658,0.06708935648202896,0.012075979262590408,-0.0023708362132310867,0.5246995091438293,5.070655822753906,0.8407621383666992,22.854324340820312,9917.583984375,30.35165786743164,10.577188491821289,40.9288444519043,122.1632308959961,2.1853485107421875,2.1853485107421875,2.1853485107421875,0.0
4.8801445960998535,251.3000030517578,1000.0,210.0,0.3973434567451477,0.020107116550207138,29.0,1.005593180656433,1.005593180656433,1.005593180656433,0.009632191620767117,8.900000102585182e-05,0.36017173528671265,1055000.0,-0.1185707077383995,0.04462093859910965,-0.041286345571279526,0.012063642963767052,-1.2336298823356628e-05,0.8641891479492188,2.4991631507873535,-2.5714926719665527,18.278047561645508,9963.4931640625,31.835899353027344,14.039471626281738,45.875370025634766,108.9909439086914,2.195162057876587,2.195162057876587,2.195162057876587,0.0
4.955930233001709,262.3599853515625,1000.0,211.0,0.38898417353630066,0.02036532573401928,17.0,1.002009391784668,1.002009391784668,1.002009391784668,0.009711393155157566,8.800000068731606e-05,0.35720810294151306,1060000.0,-0.1305263638496399,-0.011955656111240387,-0.018558723852038383,0.019693084061145782,0.007629441097378731,0.9423375129699707,4.113705635070801,1.6145424842834473,16.31038475036621,10005.4580078125,33.53715896606445,8.392704010009766,41.92986297607422,119.24675750732422,2.2050955295562744,2.2050955295562744,2.2050955295562744,0.0
4.773627758026123,277.7799987792969,1000.0,212.0,0.3844541311264038,0.02285059727728367,6.0,0.9990851283073425,0.9990851283073425,0.9990851283073425,0.01126370020210743,8.70000003487803e-05,0.35560980439186096,1065000.0,-0.09357690811157227,0.03694945573806763,-0.02118961326777935,0.02717365138232708,0.007480567321181297,0.7655620574951172,14.141305923461914,10.027600288391113,19.419952392578125,10039.2724609375,31.138856887817383,2.635610580444336,33.77446746826172,148.04083251953125,2.215208053588867,2.215208053588867,2.215208053588867,0.0
4.752297401428223,278.20001220703125,1000.0,213.0,0.382328599691391,0.020175540819764137,28.0,1.0037000179290771,1.0037000179290771,1.0037000179290771,0.010822119191288948,8.600000001024455e-05,0.3548103868961334,1070000.0,-0.15473012626171112,-0.061153218150138855,-0.06494135409593582,0.014347892254590988,-0.012825759127736092,0.8550595641136169,2.6413629055023193,-11.499943017959595,20.63389778137207,10080.67578125,28.43471336364746,12.933134078979492,41.36784744262695,120.86681365966797,2.225482702255249,2.225482702255249,2.225482702255249,0.0
4.364108085632324,297.1199951171875,1000.0,214.0,0.3767295181751251,0.02020232565701008,13.0,0.9988119006156921,0.9988119006156921,0.9988119006156921,0.009680086746811867,8.499999967170879e-05,0.3528136909008026,1075000.0,-0.0986839011311531,0.056046225130558014,0.15198487043380737,0.009010480716824532,-0.005337411537766457,0.7360748052597046,5.302284240722656,2.660921335220337,22.056854248046875,10114.7119140625,28.17682647705078,5.824234962463379,34.001060485839844,147.05422973632812,2.2359893321990967,2.2359893321990967,2.2359893321990967,0.0
4.172202110290527,293.79998779296875,1000.0,215.0,0.37655118107795715,0.020306937396526337,23.0,1.0047786235809326,1.0047786235809326,1.0047786235809326,0.011151028797030449,8.399999933317304e-05,0.3527381420135498,1080000.0,-0.17452698945999146,-0.07584308832883835,0.00236369576305151,0.013455073349177837,0.004444592632353306,0.6816506385803223,4.6810126304626465,-0.6212716102600098,21.522554397583008,10154.7255859375,29.708290100097656,10.27059268951416,39.9788818359375,125.06602478027344,2.246687412261963,2.246687412261963,2.246687412261963,0.0
4.545900344848633,282.3599853515625,1000.0,216.0,0.37580081820487976,0.02121935412287712,23.0,0.9986171722412109,0.9986171722412109,0.9986171722412109,0.010724473744630814,8.299999899463728e-05,0.35246336460113525,1085000.0,-0.15906654298305511,0.01546044647693634,0.12236236035823822,0.017010897397994995,0.0035558240488171577,0.8731858134269714,3.8001983165740967,-0.8808143138885498,20.61921501159668,10192.30859375,26.95895004272461,10.580039978027344,37.53899002075195,133.19483947753906,2.2575032711029053,2.2575032711029053,2.2575032711029053,0.0
4.881292819976807,275.6000061035156,1000.0,217.0,0.36948785185813904,0.020157108083367348,18.0,1.009526014328003,1.009526014328003,1.009526014328003,0.011112596839666367,8.199999865610152e-05,0.3502267599105835,1090000.0,-0.15664924681186676,0.0024172961711883545,-0.07736580073833466,0.016106313094496727,-0.0009045843034982681,0.9727150201797485,4.431914329528809,0.6317160129547119,21.313100814819336,10229.9287109375,29.19597816467285,8.389516830444336,37.58549499511719,133.03004455566406,2.268392324447632,2.268392324447632,2.268392324447632,0.0
5.154033660888672,266.239990234375,1000.0,218.0,0.36233216524124146,0.021712634712457657,26.0,1.0020203590393066,1.0020203590393066,1.0020203590393066,0.010302501730620861,8.099999831756577e-05,0.3477199375629425,1095000.0,-0.13920477032661438,0.01744447648525238,-0.03297307342290878,0.017275571823120117,0.0011692587286233902,0.8271941542625427,3.360720157623291,-1.0711941719055176,17.79197883605957,10273.0107421875,30.77255630493164,12.268986701965332,43.041542053222656,116.16683959960938,2.2793033123016357,2.2793033123016357,2.2793033123016357,0.0
5.43325138092041,244.24000549316406,1000.0,219.0,0.35908183455467224,0.020377174019813538,22.0,1.003538966178894,1.003538966178894,1.003538966178894,0.011103692464530468,7.999999797903001e-05,0.3465965986251831,1100000.0,-0.13285477459430695,0.006349995732307434,-0.016509823501110077,0.015126257203519344,-0.002149314619600773,0.6938148736953735,3.445838689804077,0.08511853218078613,22.119314193725586,10313.8408203125,30.322528839111328,10.472505569458008,40.79503631591797,122.56393432617188,2.290130853652954,2.290130853652954,2.290130853652954,0.0
5.471426963806152,254.86000061035156,1000.0,220.0,0.35398703813552856,0.022253207862377167,22.0,1.0023716688156128,1.0023716688156128,1.0023716688156128,0.011186440475285053,7.899999764049426e-05,0.3448447585105896,1105000.0,-0.14753937721252441,-0.014684602618217468,0.032791271805763245,0.01115274429321289,-0.003973512910306454,0.5035592317581177,3.872488498687744,0.426649808883667,22.97382926940918,10355.8701171875,30.74457359313965,11.247207641601562,41.991783142089844,119.0709228515625,2.3009328842163086,2.3009328842163086,2.3009328842163086,0.0
5.331778049468994,254.47999572753906,1000.0,221.0,0.34895622730255127,0.021223997697234154,25.0,1.0032155513763428,1.0032155513763428,1.0032155513763428,0.010743546299636364,7.79999973019585e-05,0.3431288003921509,1110000.0,-0.13819926977157593,0.009340107440948486,-0.03274943307042122,0.020411605015397072,0.009258860722184181,0.7445876002311707,3.4639556407928467,-0.40853285789489746,21.449905395507812,10398.5791015625,30.18046760559082,12.493254661560059,42.67372131347656,117.16812896728516,2.3117098808288574,2.3117098808288574,2.3117098808288574,0.0
5.391603946685791,234.10000610351562,1000.0,222.0,0.34324342012405396,0.021011855453252792,23.0,1.0035456418991089,1.0035456418991089,1.0035456418991089,0.010148020461201668,7.699999696342275e-05,0.3411656320095062,1115000.0,-0.1391097903251648,-0.0009105205535888672,-0.02712777443230152,0.02134224772453308,0.0009306427091360092,0.7332619428634644,3.515648603439331,0.051692962646484375,20.864055633544922,10440.1015625,30.891530990600586,10.590740203857422,41.482269287109375,120.53341674804688,2.322368860244751,2.322368860244751,2.322368860244751,0.0
5.482055187225342,249.44000244140625,1000.0,223.0,0.3410903811454773,0.020592715591192245,16.0,1.0028003454208374,1.0028003454208374,1.0028003454208374,0.01109630148857832,7.599999662488699e-05,0.3404311239719391,1120000.0,-0.17904433608055115,-0.03993454575538635,0.14728066325187683,0.02576475776731968,0.004422510042786598,0.8898079991340637,5.578254222869873,2.062605619430542,19.93071746826172,10477.1943359375,29.782899856567383,7.275367259979248,37.058265686035156,134.92266845703125,2.332993745803833,2.332993745803833,2.332993745803833,0.0
5.770498752593994,222.9199981689453,1000.0,224.0,0.336410254240036,0.020577989518642426,22.0,1.0003186464309692,1.0003186464309692,1.0003186464309692,0.010242016986012459,7.500000356230885e-05,0.3388640880584717,1125000.0,-0.14717772603034973,0.031866610050201416,0.18028481304645538,0.023541130125522614,-0.0022236276417970657,0.6221936941146851,3.32576060295105,-2.2524936199188232,23.22551155090332,10514.3564453125,27.276613235473633,9.853029251098633,37.129642486572266,134.66329956054688,2.34346342086792,2.34346342086792,2.34346342086792,0.0
5.7889204025268555,222.22000122070312,1000.0,225.0,0.3297416865825653,0.02058088779449463,26.0,1.0023350715637207,1.0023350715637207,1.0023350715637207,0.010149880312383175,7.400000322377309e-05,0.33663517236709595,1130000.0,-0.1589716374874115,-0.011793911457061768,-0.030192287638783455,0.017463676631450653,-0.0060774534940719604,0.6379472017288208,3.3663742542266846,0.040613651275634766,22.8638973236084,10554.6015625,28.45021629333496,11.760379791259766,40.21059799194336,124.34532928466797,2.353790283203125,2.353790283203125,2.353790283203125,0.0
5.764219760894775,226.05999755859375,1000.0,226.0,0.3274157643318176,0.020019695162773132,33.0,1.0138565301895142,1.0138565301895142,1.0138565301895142,0.011860044673085213,7.300000288523734e-05,0.3358299136161804,1135000.0,-0.1594678908586502,-0.0004962533712387085,-0.04088769480586052,0.019791146740317345,0.0023274701088666916,0.8336334228515625,2.4607629776000977,-0.9056112766265869,19.757427215576172,10598.0126953125,27.82033920288086,15.555416107177734,43.375755310058594,115.27176666259766,2.3640072345733643,2.3640072345733643,2.3640072345733643,0.0
5.3419060707092285,219.33999633789062,1000.0,227.0,0.32664650678634644,0.021096335723996162,27.0,1.0020824670791626,1.0020824670791626,1.0020824670791626,0.010463990271091461,7.200000254670158e-05,0.3355769217014313,1140000.0,-0.16409745812416077,-0.004629567265510559,0.09538498520851135,0.0137180145829916,-0.006073132157325745,0.8399326205253601,2.2753989696502686,-0.1853640079498291,22.683483123779297,10638.54296875,28.22054100036621,12.27614974975586,40.4966926574707,123.46687316894531,2.374093770980835,2.374093770980835,2.374093770980835,0.0
5.414247035980225,217.86000061035156,1000.0,228.0,0.3283817768096924,0.020466960966587067,28.0,1.0022064447402954,1.0022064447402954,1.0022064447402954,0.010502079501748085,7.100000220816582e-05,0.33617398142814636,1145000.0,-0.16200773417949677,0.0020897239446640015,0.0488109290599823,0.020733797922730446,0.007015783339738846,0.7865166664123535,2.6866977214813232,0.4112987518310547,22.542003631591797,10679.2529296875,27.688196182250977,12.983968734741211,40.67216491699219,122.93419647216797,2.384056329727173,2.384056329727173,2.384056329727173,0.0
5.480320930480957,232.0,1000.0,229.0,0.32879894971847534,0.020776091143488884,1.0,0.9985274076461792,0.9985274076461792,0.9985274076461792,0.0052260044030845165,7.000000186963007e-05,0.3363141417503357,1150000.0,0.00044552385224960744,0.16245325803174637,0.08108644932508469,0.034798379987478256,0.01406458206474781,0.878211498260498,29.65175437927246,26.965056657791138,20.33626365661621,10709.8896484375,30.215839385986328,0.3883247375488281,30.604164123535156,163.37646484375,2.393974542617798,2.393974542617798,2.393974542617798,0.0
5.618961811065674,226.3000030517578,1000.0,230.0,0.32267117500305176,0.021095551550388336,33.0,1.0103994607925415,1.0103994607925415,1.0103994607925415,0.011167952790856361,6.900000153109431e-05,0.33429431915283203,1155000.0,-0.146177276968956,-0.1466228008212056,0.12398697435855865,0.016465777531266212,-0.018332602456212044,1.0103394985198975,2.045215368270874,-27.606539011001587,20.67569923400879,10754.3564453125,28.754934310913086,15.682493209838867,44.43742752075195,112.51776123046875,2.4038259983062744,2.4038259983062744,2.4038259983062744,0.0
5.681476593017578,215.0,1000.0,231.0,0.31444549560546875,0.02254997380077839,31.0,1.0014574527740479,1.0014574527740479,1.0014574527740479,0.010567238554358482,6.800000119255856e-05,0.3315735161304474,1160000.0,-0.16421851515769958,-0.01804123818874359,0.06524859368801117,0.017560727894306183,0.0010949503630399704,0.7336705327033997,2.4024434089660645,0.35722804069519043,18.51516342163086,10798.689453125,30.22208023071289,14.075346946716309,44.297428131103516,112.87337493896484,2.4135642051696777,2.4135642051696777,2.4135642051696777,0.0
5.8555169105529785,214.27999877929688,1000.0,232.0,0.30825504660606384,0.021536238491535187,26.0,1.005220651626587,1.005220651626587,1.005220651626587,0.01045615877956152,6.70000008540228e-05,0.32954779267311096,1165000.0,-0.15902242064476013,0.005196094512939453,-0.02205204963684082,0.01796821691095829,0.00040748901665210724,0.8013039827346802,2.6882967948913574,0.28585338592529297,21.910114288330078,10839.8994140625,29.553085327148438,11.62186050415039,41.17494583129883,121.43306732177734,2.4231972694396973,2.4231972694396973,2.4231972694396973,0.0
5.332005500793457,202.44000244140625,1000.0,233.0,0.3021163046360016,0.020289713516831398,28.0,1.0053672790527344,1.0053672790527344,1.0053672790527344,0.010573729872703552,6.600000051548705e-05,0.3275395631790161,1170000.0,-0.15110231935977936,0.007920101284980774,0.08289607614278793,0.013436855748295784,-0.004531361162662506,0.5629793405532837,2.760343551635742,0.07204675674438477,22.4522647857666,10882.634765625,29.47186851501465,13.229043960571289,42.70091247558594,117.09352111816406,2.4326798915863037,2.4326798915863037,2.4326798915863037,0.0
5.236253261566162,212.52000427246094,1000.0,234.0,0.2978021204471588,0.020535776391625404,27.0,1.0037617683410645,1.0037617683410645,1.0037617683410645,0.011020208708941936,6.500000017695129e-05,0.32612910866737366,1175000.0,-0.1686418503522873,-0.017539530992507935,0.0816202387213707,0.014614359475672245,0.001177503727376461,0.6160771250724792,3.0669822692871094,0.3066387176513672,18.518936157226562,10924.724609375,29.600549697875977,12.453956604003906,42.05450439453125,118.89332580566406,2.442075729370117,2.442075729370117,2.442075729370117,0.0
5.355463981628418,202.47999572753906,1000.0,235.0,0.2935449779033661,0.023167684674263,24.0,0.9984281063079834,0.9984281063079834,0.9984281063079834,0.010322608053684235,6.399999983841553e-05,0.3247462809085846,1180000.0,-0.14739291369915009,0.021248936653137207,0.01723969727754593,0.02092096209526062,0.006306602619588375,0.7839279174804688,2.984919548034668,-0.0820627212524414,20.616300582885742,10963.5712890625,27.950395584106445,10.861251831054688,38.811649322509766,128.82730102539062,2.451345920562744,2.451345920562744,2.451345920562744,0.0
5.466107368469238,188.39999389648438,1000.0,236.0,0.2938843071460724,0.0202754158526659,29.0,0.9974479675292969,0.9974479675292969,0.9974479675292969,0.010285299271345139,6.299999949987978e-05,0.3248627781867981,1185000.0,-0.1211344376206398,0.026258476078510284,0.003315066685900092,0.020760923624038696,-0.00016003847122192383,0.9370825290679932,1.9111526012420654,-1.0737669467926025,18.89196014404297,11003.9189453125,27.188915252685547,13.123159408569336,40.31207275390625,124.03231811523438,2.4604358673095703,2.4604358673095703,2.4604358673095703,0.0
5.938116550445557,188.4199981689453,1000.0,237.0,0.29350027441978455,0.022012174129486084,29.0,1.0089749097824097,1.0089749097824097,1.0089749097824097,0.011523145250976086,6.199999916134402e-05,0.3247678577899933,1190000.0,-0.16354265809059143,-0.04240822046995163,-0.015738531947135925,0.02167879045009613,0.0009178668260574341,0.8240811228752136,2.355595350265503,0.4444427490234375,19.683876037597656,11044.607421875,27.58721923828125,13.066506385803223,40.653724670410156,122.98995208740234,2.4693641662597656,2.4693641662597656,2.4693641662597656,0.0
5.670783519744873,193.89999389648438,1000.0,238.0,0.2890574336051941,0.020714450627565384,32.0,1.012171983718872,1.012171983718872,1.012171983718872,0.011493531987071037,6.0999998822808266e-05,0.323335200548172,1195000.0,-0.17742791771888733,-0.013885259628295898,-0.02469945326447487,0.01611516997218132,-0.00556362047791481,0.6960688829421997,2.043008327484131,-0.31258702278137207,17.460439682006836,11086.375,27.023948669433594,14.708623886108398,41.73257064819336,119.81049346923828,2.4781742095947266,2.4781742095947266,2.4781742095947266,0.0
6.192166328430176,192.17999267578125,1000.0,239.0,0.2854001224040985,0.020060129463672638,30.0,1.0088155269622803,1.0088155269622803,1.0088155269622803,0.011498468928039074,5.999999848427251e-05,0.32212650775909424,1200000.0,-0.18654383718967438,-0.009115919470787048,-0.01720265857875347,0.02374318242073059,0.007628012448549271,1.1070529222488403,2.823598861694336,0.7805905342102051,17.037830352783203,11131.7080078125,30.877094268798828,14.421150207519531,45.29824447631836,110.37955474853516,2.486870050430298,2.486870050430298,2.486870050430298,0.0
6.286180019378662,207.74000549316406,1000.0,240.0,0.2778639793395996,0.021102743223309517,25.0,1.0068252086639404,1.0068252086639404,1.0068252086639404,0.010063846595585346,5.900000178371556e-05,0.3197021484375,1205000.0,-0.2122630625963211,-0.02571922540664673,-0.001525598461739719,0.03226812928915024,0.008524946868419647,0.7372403740882874,3.899553060531616,1.0759541988372803,19.725292205810547,11175.810546875,32.23986053466797,11.82528305053711,44.06514358520508,113.46836853027344,2.4955387115478516,2.4955387115478516,2.4955387115478516,0.0
6.2253947257995605,205.72000122070312,1000.0,241.0,0.2717391848564148,0.020140087231993675,37.0,1.0066254138946533,1.0066254138946533,1.0066254138946533,0.010541951283812523,5.8000001445179805e-05,0.3177463114261627,1210000.0,-0.16688020527362823,0.04538285732269287,-0.1964307427406311,0.02035805955529213,-0.011910069733858109,0.6117589473724365,2.007797956466675,-1.8917551040649414,19.441539764404297,11228.8515625,34.358619689941406,18.642894744873047,53.00151443481445,94.33692932128906,2.504173755645752,2.504173755645752,2.504173755645752,0.0
5.802405834197998,204.3000030517578,1000.0,242.0,0.2649957537651062,0.02182302065193653,36.0,1.0006529092788696,1.0006529092788696,1.0006529092788696,0.010117163881659508,5.700000110664405e-05,0.3155801594257355,1215000.0,-0.14019718766212463,0.0266830176115036,-0.09545103460550308,0.01665700227022171,-0.0037010572850704193,0.8365318179130554,1.907378077507019,-0.10041987895965576,17.534841537475586,11279.412109375,33.341609954833984,17.1832218170166,50.52483367919922,98.96123504638672,2.51277232170105,2.51277232170105,2.51277232170105,0.0
6.258861064910889,197.9600067138672,1000.0,243.0,0.25792208313941956,0.02076869271695614,34.0,1.0008844137191772,1.0008844137191772,1.0008844137191772,0.010228882543742657,5.6000000768108293e-05,0.31337159872055054,1220000.0,-0.12877953052520752,0.011417657136917114,0.0006244375254027545,0.02498669922351837,0.008329696953296661,0.8999419212341309,1.6800203323364258,-0.22735774517059326,18.285905838012695,11328.0537109375,32.46565628051758,16.13636016845703,48.60201644897461,102.87638854980469,2.521307945251465,2.521307945251465,2.521307945251465,0.0
6.655478477478027,179.63999938964844,1000.0,244.0,0.25295767188072205,0.019837956875562668,40.0,1.0009981393814087,1.0009981393814087,1.0009981393814087,0.00963268056511879,5.500000042957254e-05,0.31182149052619934,1225000.0,-0.13657765090465546,-0.007798120379447937,-0.11875524371862411,0.027635512873530388,0.0026488136500120163,0.9012662172317505,1.404555082321167,-0.2754652500152588,18.08837127685547,11376.552734375,30.016368865966797,18.44715118408203,48.46352005004883,103.1703872680664,2.529698133468628,2.529698133468628,2.529698133468628,0.0
6.588481903076172,175.89999389648438,1000.0,245.0,0.2492566704750061,0.020500533282756805,33.0,0.9990113377571106,0.9990113377571106,0.9990113377571106,0.010264365933835506,5.400000009103678e-05,0.3106333017349243,1230000.0,-0.14898039400577545,-0.012402743101119995,-0.07653488963842392,0.022193819284439087,-0.005441693589091301,1.077410340309143,1.5523947477340698,0.14783966541290283,17.319581985473633,11421.0556640625,28.95303726196289,15.50920295715332,44.462242126464844,112.45497131347656,2.53794002532959,2.53794002532959,2.53794002532959,0.0
6.341171741485596,189.32000732421875,1000.0,246.0,0.24279601871967316,0.021626925095915794,25.0,0.9998853206634521,0.9998853206634521,0.9998853206634521,0.010746763087809086,5.2999999752501026e-05,0.30861011147499084,1235000.0,-0.16383035480976105,-0.014849960803985596,0.060914572328329086,0.02321108803153038,0.0010172687470912933,0.965634286403656,2.5058255195617676,0.9534307718276978,16.986360549926758,11462.0263671875,29.4490909576416,11.486586570739746,40.93567657470703,122.1428451538086,2.546114683151245,2.546114683151245,2.546114683151245,0.0
6.198709487915039,195.72000122070312,1000.0,247.0,0.2375432699918747,0.020051945000886917,23.0,0.9993050694465637,0.9993050694465637,0.9993050694465637,0.011091559194028378,5.199999941396527e-05,0.3069891631603241,1240000.0,-0.1866866946220398,-0.022856339812278748,-0.10070983320474625,0.033605851233005524,0.010394763201475143,0.908896267414093,3.4695968627929688,0.9637713432312012,18.657766342163086,11502.7353515625,30.05748748779297,10.61738395690918,40.67487335205078,122.92601776123047,2.554260492324829,2.554260492324829,2.554260492324829,0.0
6.346752166748047,188.67999267578125,1000.0,248.0,0.23280517756938934,0.020563295111060143,26.0,1.0070792436599731,1.0070792436599731,1.0070792436599731,0.01009046845138073,5.0999999075429514e-05,0.30554139614105225,1245000.0,-0.13534559309482574,0.05134110152721405,0.16687850654125214,0.021396296098828316,-0.012209555134177208,0.9474073052406311,2.5539793968200684,-0.9156174659729004,16.36024284362793,11549.453125,32.93360900878906,13.748412132263184,46.68202209472656,107.10761260986328,2.5623466968536377,2.5623466968536377,2.5623466968536377,0.0
5.8746538162231445,177.86000061035156,1000.0,249.0,0.2233131229877472,0.019709011539816856,40.0,1.0105704069137573,1.0105704069137573,1.0105704069137573,0.010920439846813679,4.999999873689376e-05,0.3026778995990753,1250000.0,-0.1475697010755539,-0.01222410798072815,-0.037593841552734375,0.02560710720717907,0.004210811108350754,0.9590261578559875,2.124298572540283,-0.42968082427978516,17.95997428894043,11600.5849609375,32.01213455200195,19.082195281982422,51.094329833984375,97.85822296142578,2.570327043533325,2.570327043533325,2.570327043533325,0.0
5.951666355133057,162.44000244140625,1000.0,250.0,0.21584638953208923,0.020789550617337227,32.0,1.0055683851242065,1.0055683851242065,1.0055683851242065,0.010540572926402092,4.8999998398358e-05,0.30042752623558044,1255000.0,-0.1622534692287445,-0.014683768153190613,-0.07764925807714462,0.021602435037493706,-0.004004672169685364,1.0678625106811523,1.991237998008728,-0.13306057453155518,16.249099731445312,11646.3623046875,30.464881896972656,15.272212028503418,45.73709487915039,109.3204574584961,2.578136682510376,2.578136682510376,2.578136682510376,0.0
6.206411838531494,157.27999877929688,1000.0,251.0,0.21113938093185425,0.02005676180124283,38.0,1.0024185180664062,1.0024185180664062,1.0024185180664062,0.010139530524611473,4.8000001697801054e-05,0.2990179657936096,1260000.0,-0.13404418528079987,0.02820928394794464,0.04084949567914009,0.032637156546115875,0.01103472150862217,1.0437252521514893,1.689174771308899,-0.3020632266998291,15.62597370147705,11696.876953125,31.581064224243164,18.895057678222656,50.47611999511719,99.0567398071289,2.5857677459716797,2.5857677459716797,2.5857677459716797,0.0
6.451495170593262,149.1999969482422,1000.0,252.0,0.20759253203868866,0.020851479843258858,37.0,1.0028578042984009,1.0028578042984009,1.0028578042984009,0.010490180924534798,4.70000013592653e-05,0.29795709252357483,1265000.0,-0.11898011714220047,0.015064068138599396,-0.012425278313457966,0.023037854582071304,-0.009599301964044571,0.9738757610321045,1.5184592008590698,-0.1707155704498291,14.68697452545166,11745.07421875,30.079486846923828,18.077430725097656,48.156917572021484,103.8272476196289,2.593198537826538,2.593198537826538,2.593198537826538,0.0
6.364018440246582,153.9600067138672,1000.0,253.0,0.20709937810897827,0.020572075620293617,28.0,1.0054227113723755,1.0054227113723755,1.0054227113723755,0.011199812404811382,4.600000102072954e-05,0.2978009283542633,1270000.0,-0.17146511375904083,-0.05248499661684036,-0.11437838524580002,0.021279888227581978,-0.0017579663544893265,0.8470875024795532,2.5179853439331055,0.9995261430740356,14.462102890014648,11787.7890625,29.281023025512695,13.398452758789062,42.679473876953125,117.15233612060547,2.600473403930664,2.600473403930664,2.600473403930664,0.0
6.171146392822266,159.10000610351562,1000.0,254.0,0.20504099130630493,0.02018469013273716,34.0,1.0041886568069458,1.0041886568069458,1.0041886568069458,0.009850182570517063,4.5000000682193786e-05,0.29717978835105896,1275000.0,-0.13534611463546753,0.0361189991235733,-0.13027112185955048,0.017545418813824654,-0.0037344694137573242,0.9132595658302307,1.8876605033874512,-0.6303248405456543,15.206228256225586,11834.892578125,29.976261138916016,17.087249755859375,47.06351089477539,106.23941802978516,2.6076340675354004,2.6076340675354004,2.6076340675354004,0.0
6.344633102416992,163.8800048828125,1000.0,255.0,0.19974522292613983,0.020016783848404884,37.0,1.0029010772705078,1.0029010772705078,1.0029010772705078,0.010376260615885258,4.400000034365803e-05,0.2956236004829407,1280000.0,-0.1719452440738678,-0.03659912943840027,0.020847119390964508,0.020273173227906227,0.0027277544140815735,0.965211033821106,1.854594349861145,-0.03306615352630615,15.25106430053711,11883.5615234375,30.25786590576172,18.369873046875,48.629756927490234,102.81770324707031,2.6147162914276123,2.6147162914276123,2.6147162914276123,0.0
6.435705661773682,156.8000030517578,1000.0,256.0,0.1941491812467575,0.020090917125344276,37.0,1.005095362663269,1.005095362663269,1.005095362663269,0.010923193767666817,4.3000000005122274e-05,0.2939889132976532,1285000.0,-0.16658979654312134,0.00535544753074646,-0.044161342084407806,0.020804129540920258,0.0005309563130140305,0.9754976630210876,2.1234912872314453,0.2688969373703003,16.288005828857422,11934.0439453125,32.528385162353516,17.918224334716797,50.44660949707031,99.11469268798828,2.6216933727264404,2.6216933727264404,2.6216933727264404,0.0
6.672213554382324,159.16000366210938,1000.0,257.0,0.18860198557376862,0.0212104432284832,33.0,1.0110737085342407,1.0110737085342407,1.0110737085342407,0.011381798423826694,4.199999966658652e-05,0.2923468351364136,1290000.0,-0.19202853739261627,-0.025438740849494934,-0.0015276740305125713,0.027959110215306282,0.0071549806743860245,1.2258864641189575,2.5880346298217773,0.46454334259033203,17.252490997314453,11979.4189453125,29.593585968017578,15.742074966430664,45.33565902709961,110.28845977783203,2.6285884380340576,2.6285884380340576,2.6285884380340576,0.0
6.568658828735352,184.8000030517578,1000.0,258.0,0.18468216061592102,0.01862773671746254,40.0,1.0053298473358154,1.0053298473358154,1.0053298473358154,0.010551393032073975,4.099999932805076e-05,0.291177362203598,1295000.0,-0.20077815651893616,-0.008749619126319885,-0.008095252327620983,0.01927589252591133,-0.00868321768939495,0.7406519651412964,2.5011444091796875,-0.08689022064208984,20.5032958984375,12030.435546875,31.768524169921875,19.2081356048584,50.97665786743164,98.0841064453125,2.635538339614868,2.635538339614868,2.635538339614868,0.0
6.584512233734131,192.74000549316406,1000.0,259.0,0.17965996265411377,0.020142344757914543,35.0,1.0034019947052002,1.0034019947052002,1.0034019947052002,0.009960769675672054,3.9999998989515007e-05,0.289713591337204,1300000.0,-0.1892034411430359,0.011574715375900269,-0.08042337745428085,0.02244221419095993,0.0031663216650485992,1.2720367908477783,2.516134738922119,0.01499032974243164,17.689029693603516,12078.7509765625,31.002241134643555,17.274450302124023,48.27669143676758,103.56964874267578,2.642577886581421,2.642577886581421,2.642577886581421,0.0
6.831756114959717,181.83999633789062,1000.0,260.0,0.1747419536113739,0.014617369510233402,40.0,1.001592755317688,1.001592755317688,1.001592755317688,0.008273511193692684,3.899999865097925e-05,0.28828883171081543,1305000.0,-0.11871606111526489,0.070487380027771,0.11815182119607925,0.023021899163722992,0.0005796849727630615,1.0632480382919312,1.634002685546875,-0.8821320533752441,17.848155975341797,12128.40625,30.069761276245117,19.548450469970703,49.61820983886719,100.76945495605469,2.649644374847412,2.649644374847412,2.649644374847412,0.0
6.614780426025391,190.55999755859375,1000.0,261.0,0.16786614060401917,0.017617274075746536,40.0,1.0119034051895142,1.0119034051895142,1.0119034051895142,0.010197954252362251,3.7999998312443495e-05,0.2862889766693115,1310000.0,-0.16248510777950287,-0.043769046664237976,-0.06114266812801361,0.016967052593827248,-0.006054846569895744,0.6908468008041382,1.6784762144088745,0.04447352886199951,17.329504013061523,12179.3828125,31.564001083374023,19.372421264648438,50.936424255371094,98.16158294677734,2.6567795276641846,2.6567795276641846,2.6567795276641846,0.0
6.441190242767334,193.89999389648438,1000.0,262.0,0.16460174322128296,0.01761942356824875,40.0,0.9992734789848328,0.9992734789848328,0.9992734789848328,0.009901157580316067,3.7000001611886546e-05,0.285358190536499,1315000.0,-0.12142162024974823,0.04106348752975464,0.05764524266123772,0.014821724966168404,-0.002145327627658844,0.6880993843078613,1.4505653381347656,-0.2279108762741089,17.69965362548828,12229.9638671875,29.918094635009766,20.62369155883789,50.541786193847656,98.92803955078125,2.6639938354492188,2.6639938354492188,2.6639938354492188,0.0
6.452420711517334,190.5399932861328,1000.0,263.0,0.16385559737682343,0.01866629347205162,40.0,1.0028647184371948,1.0028647184371948,1.0028647184371948,0.009793774224817753,3.600000127335079e-05,0.28514620661735535,1320000.0,-0.14907167851924896,-0.027650058269500732,-0.034255243837833405,0.01657574623823166,0.0017540212720632553,0.6353799104690552,1.4530766010284424,0.002511262893676758,15.546147346496582,12278.8974609375,29.268268585205078,19.620574951171875,48.88884353637695,102.27281951904297,2.6712632179260254,2.6712632179260254,2.6712632179260254,0.0
6.053429126739502,215.10000610351562,1000.0,264.0,0.15752457082271576,0.019267862662672997,40.0,1.008277416229248,1.008277416229248,1.008277416229248,0.010845489799976349,3.5000000934815034e-05,0.28333503007888794,1325000.0,-0.23584742844104767,-0.0867757499217987,0.1425260305404663,0.012360555119812489,-0.00421519111841917,0.36022335290908813,2.3151509761810303,0.8620743751525879,17.995433807373047,12328.134765625,30.469263076782227,18.7325439453125,49.20180892944336,101.62228393554688,2.6787054538726807,2.6787054538726807,2.6787054538726807,0.0
6.203920364379883,218.1999969482422,1000.0,265.0,0.14960168302059174,0.017955860123038292,40.0,1.0157175064086914,1.0157175064086914,1.0157175064086914,0.012506968341767788,3.400000059627928e-05,0.2810901701450348,1330000.0,-0.18785464763641357,0.047992780804634094,0.09120699018239975,0.025192799046635628,0.01283224392682314,0.8916081190109253,2.1270878314971924,-0.1880631446838379,17.121841430664062,12380.4423828125,33.71537780761719,18.557559967041016,52.2729377746582,95.65178680419922,2.686318874359131,2.686318874359131,2.686318874359131,0.0
6.097087860107422,224.63999938964844,1000.0,266.0,0.14198969304561615,0.01566336117684841,40.0,1.0055752992630005,1.0055752992630005,1.0055752992630005,0.010309241712093353,3.300000025774352e-05,0.2789824306964874,1335000.0,-0.16114382445812225,0.02671082317829132,-0.01245389599353075,0.023645296692848206,-0.0015475023537874222,0.6957539319992065,1.9569505453109741,-0.17013728618621826,16.676118850708008,12427.681640625,28.833293914794922,18.370580673217773,47.20387649536133,105.92350769042969,2.6941189765930176,2.6941189765930176,2.6941189765930176,0.0
5.413740634918213,219.0800018310547,1000.0,267.0,0.13462746143341064,0.017124682664871216,40.0,1.0054259300231934,1.0054259300231934,1.0054259300231934,0.009173200465738773,3.199999991920777e-05,0.2769797146320343,1340000.0,-0.1829492598772049,-0.02180543541908264,0.01057431846857071,0.01897164061665535,-0.004673656076192856,0.42532798647880554,2.4676711559295654,0.5107206106185913,17.51732063293457,12474.3232421875,28.199045181274414,18.402822494506836,46.60186767578125,107.29183959960938,2.702059507369995,2.702059507369995,2.702059507369995,0.0
5.593852519989014,207.1199951171875,1000.0,268.0,0.12811781466007233,0.018207764253020287,40.0,1.008971095085144,1.008971095085144,1.008971095085144,0.010334055870771408,3.099999958067201e-05,0.27521494030952454,1345000.0,-0.18152692914009094,0.0014223307371139526,-0.06987246870994568,0.019703134894371033,0.000731494277715683,1.1471418142318726,2.190032482147217,-0.27763867378234863,17.68300437927246,12524.080078125,29.151609420776367,20.570180892944336,49.7217903137207,100.55953216552734,2.7100675106048584,2.7100675106048584,2.7100675106048584,0.0
5.65155029296875,193.66000366210938,1000.0,269.0,0.12228644639253616,0.015128390863537788,40.0,1.0027775764465332,1.0027775764465332,1.0027775764465332,0.009613840840756893,2.9999999242136255e-05,0.2736588418483734,1350000.0,-0.13698290288448334,0.044544026255607605,0.0998966246843338,0.02311624586582184,0.0034131109714508057,0.8213040232658386,1.5854239463806152,-0.6046085357666016,16.001663208007812,12578.1748046875,34.115875244140625,19.94439125061035,54.060264587402344,92.48937225341797,2.718069314956665,2.718069314956665,2.718069314956665,0.0
5.295289993286133,208.82000732421875,1000.0,270.0,0.12296992540359497,0.020203420892357826,38.0,0.9991238117218018,0.9991238117218018,0.9991238117218018,0.0101694380864501,2.9000000722589903e-05,0.2738631069660187,1355000.0,-0.1925489902496338,-0.05556608736515045,0.10048732906579971,0.016008852049708366,-0.007107393816113472,0.7444652915000916,2.0810184478759766,0.49559450149536133,16.41310691833496,12630.0859375,32.95409393310547,18.91651725769043,51.870609283447266,96.3936996459961,2.726141929626465,2.726141929626465,2.726141929626465,0.0
5.146118640899658,232.3800048828125,1000.0,271.0,0.1218140572309494,0.015502712689340115,40.0,1.0114308595657349,1.0114308595657349,1.0114308595657349,0.010487495921552181,2.8000000384054147e-05,0.27352023124694824,1360000.0,-0.20794841647148132,-0.015399426221847534,-0.08512482792139053,0.014164757914841175,-0.0018440941348671913,0.6518230438232422,2.656313180923462,0.5752947330474854,18.818071365356445,12684.173828125,34.253604888916016,19.798879623413086,54.052486419677734,92.502685546875,2.734395980834961,2.734395980834961,2.734395980834961,0.0
5.412137031555176,251.97999572753906,1000.0,272.0,0.11347730457782745,0.015419906936585903,40.0,1.0117219686508179,1.0117219686508179,1.0117219686508179,0.010699482634663582,2.700000004551839e-05,0.27125322818756104,1365000.0,-0.182207390666008,0.025741025805473328,-0.04304267838597298,0.020596005022525787,0.006431247107684612,0.9041905999183655,2.096980094909668,-0.559333086013794,18.527053833007812,12734.7978515625,31.149436950683594,19.434690475463867,50.584129333496094,98.8452377319336,2.742910385131836,2.742910385131836,2.742910385131836,0.0
5.619722366333008,258.32000732421875,1000.0,273.0,0.10620999336242676,0.014681034721434116,40.0,1.0047073364257812,1.0047073364257812,1.0047073364257812,0.008705228567123413,2.5999999706982635e-05,0.2692984342575073,1370000.0,-0.13742707669734955,0.04478031396865845,0.052467912435531616,0.018946222960948944,-0.0016497820615768433,0.8916667103767395,1.9621719121932983,-0.13480818271636963,18.789445877075195,12786.943359375,32.62928771972656,19.476234436035156,52.105525970458984,95.95911407470703,2.7516896724700928,2.7516896724700928,2.7516896724700928,0.0
5.90708065032959,246.6999969482422,1000.0,274.0,0.10260576009750366,0.014111887663602829,40.0,1.0049761533737183,1.0049761533737183,1.0049761533737183,0.009234006516635418,2.499999936844688e-05,0.26832568645477295,1375000.0,-0.14598031342029572,-0.008553236722946167,0.06694405525922775,0.01701524667441845,-0.0019309762865304947,0.8948782086372375,2.1382431983947754,0.17607128620147705,17.3353328704834,12839.6484375,32.76951599121094,19.897258758544922,52.66677474975586,94.93651580810547,2.7606496810913086,2.7606496810913086,2.7606496810913086,0.0
5.300436019897461,269.8399963378906,1000.0,275.0,0.09659954160451889,0.014127387665212154,40.0,1.0075784921646118,1.0075784921646118,1.0075784921646118,0.009337766095995903,2.4000000848900527e-05,0.2667168080806732,1380000.0,-0.18888646364212036,-0.042906150221824646,-0.002597623271867633,0.013713426887989044,-0.003301819786429405,0.702601969242096,2.413076877593994,0.27483367919921875,18.871231079101562,12889.796875,30.44719696044922,19.666841506958008,50.114036560058594,99.77244567871094,2.769885540008545,2.769885540008545,2.769885540008545,0.0
5.237694263458252,276.70001220703125,1000.0,276.0,0.08869710564613342,0.013176565989851952,40.0,1.007246732711792,1.007246732711792,1.007246732711792,0.009393895976245403,2.300000051036477e-05,0.2646270990371704,1385000.0,-0.17481400072574615,0.014072462916374207,0.004334073048084974,0.01710851490497589,0.003395088016986847,0.8009258508682251,2.1845107078552246,-0.22856616973876953,22.591388702392578,12936.5517578125,28.21885871887207,18.50117301940918,46.72003173828125,107.02047729492188,2.779402017593384,2.779402017593384,2.779402017593384,0.0
5.577587127685547,265.5400085449219,1000.0,277.0,0.08301461488008499,0.012394516728818417,40.0,0.9990034699440002,0.9990034699440002,0.9990034699440002,0.008389650844037533,2.2000000171829015e-05,0.263148695230484,1390000.0,-0.12788507342338562,0.046928927302360535,-0.022725634276866913,0.012946736067533493,-0.004161778837442398,0.7539045810699463,1.849286675453186,-0.3352240324020386,20.332231521606445,12983.9326171875,27.715044021606445,19.633689880371094,47.348731994628906,105.59944915771484,2.7891154289245605,2.7891154289245605,2.7891154289245605,0.0
5.317391872406006,265.1400146484375,1000.0,278.0,0.08325645327568054,0.014267964288592339,40.0,1.0015439987182617,1.0015439987182617,1.0015439987182617,0.00929675716906786,2.099999983329326e-05,0.26324260234832764,1395000.0,-0.168445885181427,-0.04056081175804138,0.11657952517271042,0.014352352358400822,0.0014056162908673286,0.6189932823181152,2.1878397464752197,0.3385530710220337,21.474544525146484,13039.68359375,35.992889404296875,19.72284698486328,55.71573257446289,89.74125671386719,2.7990031242370605,2.7990031242370605,2.7990031242370605,0.0
5.0496344566345215,287.9200134277344,1000.0,279.0,0.08126267790794373,0.012783551588654518,40.0,1.0090214014053345,1.0090214014053345,1.0090214014053345,0.009505831636488438,1.9999999494757503e-05,0.26275065541267395,1400000.0,-0.1499483734369278,0.018497511744499207,0.050591859966516495,0.01529376395046711,0.000941411592066288,0.9297980666160583,2.003394365310669,-0.18444538116455078,18.707965850830078,13091.6904296875,31.436765670776367,20.530380249023438,51.96714782714844,96.21463775634766,2.809157609939575,2.809157609939575,2.809157609939575,0.0
5.218461990356445,292.739990234375,1000.0,280.0,0.07768737524747849,0.014192944392561913,40.0,1.0060030221939087,1.0060030221939087,1.0060030221939087,0.008948802947998047,1.8999999156221747e-05,0.2618268132209778,1405000.0,-0.18050949275493622,-0.030561119318008423,-0.06835829466581345,0.02174767106771469,0.0064539071172475815,0.9607802033424377,2.546400308609009,0.5430059432983398,19.80350112915039,13147.5673828125,36.135650634765625,19.697832107543945,55.8334846496582,89.55199432373047,2.8195736408233643,2.8195736408233643,2.8195736408233643,0.0
5.63503885269165,272.44000244140625,1000.0,281.0,0.07676611095666885,0.01440329011529684,40.0,1.0028324127197266,1.0028324127197266,1.0028324127197266,0.009049031883478165,1.8000000636675395e-05,0.2616031765937805,1410000.0,-0.16314034163951874,0.01736915111541748,-0.08435521274805069,0.022198516875505447,0.0004508458077907562,0.926912784576416,2.3063933849334717,-0.2400069236755371,21.302650451660156,13201.6162109375,34.802825927734375,19.20631217956543,54.00914001464844,92.5769271850586,2.830125093460083,2.830125093460083,2.830125093460083,0.0
5.5160017013549805,271.6000061035156,1000.0,282.0,0.07498027384281158,0.012135539203882217,40.0,1.0015805959701538,1.0015805959701538,1.0015805959701538,0.008091493509709835,1.700000029813964e-05,0.26115682721138,1415000.0,-0.15197445452213287,0.011165887117385864,-0.009748399257659912,0.01595141366124153,-0.006247103214263916,0.8332672119140625,2.135225296020508,-0.17116808891296387,21.988889694213867,13251.3154296875,30.62260627746582,19.03631591796875,49.6589241027832,100.68683624267578,2.8407936096191406,2.8407936096191406,2.8407936096191406,0.0
5.468591690063477,265.3399963378906,1000.0,283.0,0.07185713201761246,0.012256419286131859,40.0,1.0019117593765259,1.0019117593765259,1.0019117593765259,0.008447020314633846,1.5999999959603883e-05,0.2603476941585541,1420000.0,-0.13159510493278503,0.02037934958934784,0.07019173353910446,0.018507326021790504,0.002555912360548973,1.06804358959198,1.9740103483200073,-0.1612149477005005,19.33307647705078,13303.126953125,31.88332748413086,19.88991928100586,51.77324676513672,96.5749740600586,2.8515360355377197,2.8515360355377197,2.8515360355377197,0.0
5.658290863037109,267.05999755859375,1000.0,284.0,0.06836695969104767,0.012741115875542164,40.0,1.0030523538589478,1.0030523538589478,1.0030523538589478,0.008691622875630856,1.4999999621068127e-05,0.2594640851020813,1425000.0,-0.18738344311714172,-0.05578833818435669,0.05236941576004028,0.01362934336066246,-0.004877982661128044,1.0964521169662476,2.393448829650879,0.4194384813308716,18.872217178344727,13353.8759765625,31.56857681274414,19.14078140258789,50.70935821533203,98.60112762451172,2.8623528480529785,2.8623528480529785,2.8623528480529785,0.0
5.940764904022217,246.83999633789062,1000.0,285.0,0.0648990049958229,0.011902955360710621,40.0,1.0012508630752563,1.0012508630752563,1.0012508630752563,0.007679463364183903,1.4000000192027073e-05,0.25856834650039673,1430000.0,-0.13851700723171234,0.04886643588542938,-0.04263435676693916,0.01151865441352129,-0.0021106889471411705,0.846613883972168,2.3640100955963135,-0.02943873405456543,19.258241653442383,13406.587890625,32.95634841918945,19.71520233154297,52.67155075073242,94.92790985107422,2.8731377124786377,2.8731377124786377,2.8731377124786377,0.0
5.823035717010498,250.4600067138672,1000.0,286.0,0.06273853033781052,0.010626599192619324,40.0,1.003820776939392,1.003820776939392,1.003820776939392,0.008181360550224781,1.2999999853491317e-05,0.2579891085624695,1435000.0,-0.13741031289100647,0.0011066943407058716,0.004552919417619705,0.011748330667614937,0.000229676254093647,0.6543476581573486,2.543314218521118,0.1793041229248047,23.099754333496094,13459.9013671875,33.45737838745117,19.807880401611328,53.2652587890625,93.86981964111328,2.883911371231079,2.883911371231079,2.883911371231079,0.0
5.631088733673096,272.5799865722656,1000.0,287.0,0.06115225329995155,0.010331939905881882,40.0,1.006648063659668,1.006648063659668,1.006648063659668,0.008350346237421036,1.2000000424450263e-05,0.2575644552707672,1440000.0,-0.13529056310653687,0.0021197497844696045,-0.15634121000766754,0.008733535185456276,-0.003014795482158661,0.7034052014350891,2.2027947902679443,-0.34051942825317383,22.80978012084961,13509.1474609375,29.638351440429688,19.5692081451416,49.20756149291992,101.61039733886719,2.8947813510894775,2.8947813510894775,2.8947813510894775,0.0
5.603747367858887,259.6199951171875,1000.0,288.0,0.05912642180919647,0.010792065411806107,40.0,1.0044236183166504,1.0044236183166504,1.0044236183166504,0.007860129699110985,1.1000000085914508e-05,0.25704699754714966,1445000.0,-0.07867171615362167,0.05661884695291519,-0.01624194346368313,0.00820610299706459,-0.0005274321883916855,0.6977308392524719,1.8742878437042236,-0.3285069465637207,20.536609649658203,13562.0029296875,34.46512985229492,18.355974197387695,52.821102142333984,94.65913391113281,2.905674695968628,2.905674695968628,2.905674695968628,0.0
5.894647121429443,250.8800048828125,1000.0,289.0,0.058873385190963745,0.009652002714574337,40.0,1.0073875188827515,1.0073875188827515,1.0073875188827515,0.007952550426125526,9.999999747378752e-06,0.25698724389076233,1450000.0,-0.1167958527803421,-0.03812413662672043,0.1288987249135971,0.013976200483739376,0.005770097486674786,0.7697827219963074,2.103227138519287,0.22893929481506348,16.922176361083984,13607.25,26.9084415435791,18.3034725189209,45.2119140625,110.59031677246094,2.91654634475708,2.91654634475708,2.91654634475708,0.0
5.881307601928711,231.60000610351562,1000.0,290.0,0.05919158458709717,0.010334992781281471,40.0,0.9990224242210388,0.9990224242210388,0.9990224242210388,0.007356112357228994,9.000000318337698e-06,0.25706955790519714,1455000.0,-0.09487830847501755,0.021917544305324554,0.05111778900027275,0.015971342101693153,0.0019951416179537773,0.4580680727958679,1.5136897563934326,-0.5895373821258545,15.953778266906738,13652.7490234375,26.597782135009766,18.861547470092773,45.459327697753906,109.9884262084961,2.927304744720459,2.927304744720459,2.927304744720459,0.0
5.674294471740723,239.67999267578125,1000.0,291.0,0.05861130729317665,0.010927333496510983,40.0,1.0024619102478027,1.0024619102478027,1.0024619102478027,0.00812720786780119,7.999999979801942e-06,0.2569122016429901,1460000.0,-0.15555965900421143,-0.06068135052919388,-0.0180673748254776,0.01423216238617897,-0.001739179715514183,0.7983589172363281,2.319441556930542,0.8057518005371094,17.24579620361328,13701.01953125,28.978130340576172,19.252178192138672,48.230308532714844,103.66925048828125,2.938000440597534,2.938000440597534,2.938000440597534,0.0
5.536847114562988,231.6999969482422,1000.0,292.0,0.05771255865693092,0.009136151522397995,40.0,1.0004302263259888,1.0004302263259888,1.0004302263259888,0.007137406151741743,7.000000096013537e-06,0.2566627860069275,1465000.0,-0.11181297153234482,0.04374668747186661,-0.10680855065584183,0.009667727164924145,-0.004564435221254826,0.6282010078430176,2.3604395389556885,0.040997982025146484,19.015491485595703,13752.365234375,31.728466033935547,19.58147430419922,51.309940338134766,97.44700622558594,2.9486007690429688,2.9486007690429688,2.9486007690429688,0.0
5.544552803039551,245.05999755859375,1000.0,293.0,0.05794893205165863,0.009030019864439964,40.0,1.0022809505462646,1.0022809505462646,1.0022809505462646,0.007604044862091541,6.000000212225132e-06,0.2567172944545746,1470000.0,-0.12408322095870972,-0.012270249426364899,-0.0657869428396225,0.030368627980351448,0.020700900815427303,0.8838895559310913,2.6062371730804443,0.24579763412475586,18.537540435791016,13802.3701171875,29.364763259887695,20.598615646362305,49.96337890625,100.07329559326172,2.9591803550720215,2.9591803550720215,2.9591803550720215,0.0
5.824532508850098,239.13999938964844,1000.0,294.0,0.05828676372766495,0.008283616974949837,40.0,0.9999921321868896,0.9999921321868896,0.9999921321868896,0.0067347027361392975,4.999999873689376e-06,0.2568104863166809,1475000.0,-0.09096328914165497,0.03311993181705475,-0.008509892039000988,0.02470518834888935,-0.005663439631462097,0.9599025249481201,1.9539686441421509,-0.6522685289382935,20.204313278198242,13853.123046875,31.828601837158203,18.889318466186523,50.717918395996094,98.58448791503906,2.969712495803833,2.969712495803833,2.969712495803833,0.0
5.827913284301758,245.02000427246094,1000.0,295.0,0.05841429531574249,0.007536379154771566,40.0,1.0035738945007324,1.0035738945007324,1.0035738945007324,0.007215320132672787,3.999999989900971e-06,0.25684601068496704,1480000.0,-0.0894920825958252,0.001471206545829773,0.1052047535777092,0.01907353848218918,-0.005631649866700172,0.7057009339332581,2.05942440032959,0.10545575618743896,17.737131118774414,13907.0849609375,34.118377685546875,19.804101943969727,53.92247772216797,92.7257080078125,2.9802303314208984,2.9802303314208984,2.9802303314208984,0.0
5.7890706062316895,238.5399932861328,1000.0,296.0,0.058098047971725464,0.006420340854674578,40.0,1.001909613609314,1.001909613609314,1.001909613609314,0.006329530384391546,3.000000106112566e-06,0.2567691504955292,1485000.0,-0.07536990940570831,0.014122173190116882,-0.00420482037588954,0.018095165491104126,-0.0009783729910850525,0.6650019288063049,2.2242350578308105,0.1648106575012207,17.444690704345703,13956.04296875,30.19991111755371,18.722881317138672,48.922794342041016,102.20185089111328,2.990703582763672,2.990703582763672,2.990703582763672,0.0
6.236690521240234,230.77999877929688,1000.0,297.0,0.057834748178720474,0.006741589400917292,40.0,1.0015101432800293,1.0015101432800293,1.0015101432800293,0.006235096137970686,1.9999999949504854e-06,0.2567062973976135,1490000.0,-0.06888272613286972,0.0064871832728385925,-0.027056967839598656,0.03475074842572212,0.016655582934617996,0.8586049675941467,2.141854763031006,-0.08238029479980469,19.335189819335938,14004.3408203125,29.489967346191406,18.77063751220703,48.26261901855469,103.59984588623047,3.001099109649658,3.001099109649658,3.001099109649658,0.0
6.296871185302734,240.5399932861328,1000.0,298.0,0.057730142027139664,0.0064213816076517105,40.0,0.9995454549789429,0.9995454549789429,0.9995454549789429,0.005943608935922384,9.999999974752427e-07,0.25667881965637207,1495000.0,-0.06720743328332901,0.0016752928495407104,0.0367337167263031,0.017712512984871864,-0.017038235440850258,0.7230189442634583,2.542426586151123,0.4005718231201172,18.029211044311523,14055.17578125,31.201642990112305,19.597965240478516,50.79961013793945,98.42595672607422,3.011472225189209,3.011472225189209,3.011472225189209,0.0
6.090287685394287,234.0800018310547,1000.0,299.0,0.05762914568185806,0.0051914406940341,40.0,0.9990171790122986,0.9990171790122986,0.9990171790122986,0.004935684613883495,0.0,0.25665247440338135,1500000.0,-0.04985666275024414,0.01735077053308487,0.04772600531578064,0.017602073028683662,-0.0001104399561882019,0.6881707906723022,1.9745007753372192,-0.5679258108139038,18.691221237182617,14104.5986328125,30.722675323486328,18.66330909729004,49.385986328125,101.24329376220703,3.0217936038970947,3.0217936038970947,3.0217936038970947,0.0
